Removed Pin From Net: NetName=GND Pin=C3-2
Removed Pin From Net: NetName=GND Pin=C7-1
Removed Pin From Net: NetName=GND Pin=C10-1
Removed Pin From Net: NetName=LASER_ADC_1 Pin=C19-1
Removed Pin From Net: NetName=GND Pin=C19-2
Removed Pin From Net: NetName=GND Pin=C21-1
Removed Pin From Net: NetName=GND Pin=C22-1
Removed Pin From Net: NetName=+12V_Heater Pin=C26-2
Removed Pin From Net: NetName=+12V_Heater Pin=C31-2
Removed Pin From Net: NetName=GND Pin=C35-2
Removed Pin From Net: NetName=+5V_HD4 Pin=C36-2
Removed Pin From Net: NetName=+3.3V Pin=C37-1
Removed Pin From Net: NetName=GND Pin=C37-2
Removed Pin From Net: NetName=GND Pin=C38-2
Removed Pin From Net: NetName=GND Pin=C40-1
Removed Pin From Net: NetName=GND Pin=C41-1
Removed Pin From Net: NetName=+3.3V Pin=C41-2
Removed Pin From Net: NetName=GND Pin=C42-1
Removed Pin From Net: NetName=+5V_HD4 Pin=C42-2
Removed Pin From Net: NetName=GND Pin=C43-1
Removed Pin From Net: NetName=GND Pin=C44-1
Removed Pin From Net: NetName=GND Pin=C45-1
Removed Pin From Net: NetName=+5V_TEC Pin=C45-2
Removed Pin From Net: NetName=GND Pin=C46-1
Removed Pin From Net: NetName=+5V_TEC Pin=C46-2
Removed Pin From Net: NetName=GND Pin=C47-1
Removed Pin From Net: NetName=GND Pin=C48-1
Removed Pin From Net: NetName=GND Pin=C49-1
Removed Pin From Net: NetName=GND Pin=C50-1
Removed Pin From Net: NetName=GND Pin=C51-1
Removed Pin From Net: NetName=GND Pin=C52-1
Removed Pin From Net: NetName=GND Pin=C53-1
Removed Pin From Net: NetName=GND Pin=C54-1
Removed Pin From Net: NetName=GND Pin=C55-1
Removed Pin From Net: NetName=GND Pin=C56-1
Removed Pin From Net: NetName=GND Pin=C57-1
Removed Pin From Net: NetName=GND Pin=C58-1
Removed Pin From Net: NetName=GND Pin=C59-1
Removed Pin From Net: NetName=GND Pin=C60-1
Removed Pin From Net: NetName=GND Pin=C61-1
Removed Pin From Net: NetName=GND Pin=C62-1
Removed Pin From Net: NetName=+3.3V Pin=C62-2
Removed Pin From Net: NetName=GND Pin=C63-1
Removed Pin From Net: NetName=+3.3V Pin=C63-2
Removed Pin From Net: NetName=GND Pin=C64-1
Removed Pin From Net: NetName=+3.3V Pin=C64-2
Removed Pin From Net: NetName=GND Pin=C65-2
Removed Pin From Net: NetName=GND Pin=C66-1
Removed Pin From Net: NetName=+3.3V Pin=C66-2
Removed Pin From Net: NetName=GND Pin=C67-1
Removed Pin From Net: NetName=GND Pin=C68-1
Removed Pin From Net: NetName=+3.3V Pin=C68-2
Removed Pin From Net: NetName=+3.3V Pin=C69-1
Removed Pin From Net: NetName=GND Pin=C69-2
Removed Pin From Net: NetName=GND Pin=C70-1
Removed Pin From Net: NetName=+3.3V Pin=C70-2
Removed Pin From Net: NetName=GND Pin=C71-1
Removed Pin From Net: NetName=USB_PWR1 Pin=C71-2
Removed Pin From Net: NetName=GND Pin=C72-1
Removed Pin From Net: NetName=+3.3V Pin=C72-2
Removed Pin From Net: NetName=GND Pin=C73-1
Removed Pin From Net: NetName=ADC_TEMP3 Pin=C73-2
Removed Pin From Net: NetName=GND Pin=C74-1
Removed Pin From Net: NetName=USB_PWR2 Pin=C74-2
Removed Pin From Net: NetName=GND Pin=C75-1
Removed Pin From Net: NetName=ADC_TEMP2 Pin=C75-2
Removed Pin From Net: NetName=GND Pin=C76-1
Removed Pin From Net: NetName=ADC_TEMP8 Pin=C76-2
Removed Pin From Net: NetName=GND Pin=C77-1
Removed Pin From Net: NetName=ADC_TEMP1 Pin=C77-2
Removed Pin From Net: NetName=GND Pin=C78-1
Removed Pin From Net: NetName=ADC_TEMP4 Pin=C78-2
Removed Pin From Net: NetName=GND Pin=C79-1
Removed Pin From Net: NetName=ADC_TEMP5 Pin=C79-2
Removed Pin From Net: NetName=GND Pin=C80-1
Removed Pin From Net: NetName=GND Pin=C83-1
Removed Pin From Net: NetName=GND Pin=C84-1
Removed Pin From Net: NetName=GND Pin=C85-1
Removed Pin From Net: NetName=GND Pin=C86-1
Removed Pin From Net: NetName=eFUSE_ILIM_5V_TEC Pin=C86-2
Removed Pin From Net: NetName=GND Pin=C88-1
Removed Pin From Net: NetName=eFUSE_ILIM_5V_HD4 Pin=C89-2
Removed Pin From Net: NetName=GND Pin=C90-1
Removed Pin From Net: NetName=+3.3V Pin=C139-2
Removed Pin From Net: NetName=GND Pin=C140-1
Removed Pin From Net: NetName=+5V_HD4 Pin=C140-2
Removed Pin From Net: NetName=ADC_TEMP5 Pin=C149-2
Removed Pin From Net: NetName=GND Pin=C150-1
Removed Pin From Net: NetName=GND Pin=C156-1
Removed Pin From Net: NetName=GND Pin=C157-1
Removed Pin From Net: NetName=ADC_TEMP6 Pin=C157-2
Removed Pin From Net: NetName=ADC_TEMP3 Pin=C163-2
Removed Pin From Net: NetName=ADC_TEMP7 Pin=C165-2
Removed Pin From Net: NetName=TEC_ADC_2 Pin=C167-2
Removed Pin From Net: NetName=TEC_ADC_4 Pin=C168-2
Removed Pin From Net: NetName=TEC_ADC_3 Pin=C169-2
Removed Pin From Net: NetName=ADC_TEMP4 Pin=C171-2
Removed Pin From Net: NetName=ADC_TEMP8 Pin=C173-2
Removed Pin From Net: NetName=+5V_HD4 Pin=C174-2
Removed Pin From Net: NetName=+5V_HD4 Pin=C176-2
Removed Pin From Net: NetName=GND Pin=C177-1
Removed Pin From Net: NetName=GND Pin=C178-1
Removed Pin From Net: NetName=+3.3V Pin=C178-2
Removed Pin From Net: NetName=GND Pin=C179-1
Removed Pin From Net: NetName=GND Pin=C180-1
Removed Pin From Net: NetName=GND Pin=C181-1
Removed Pin From Net: NetName=GND Pin=C182-1
Removed Pin From Net: NetName=GND Pin=C183-1
Removed Pin From Net: NetName=TEC_ADC_1 Pin=C183-2
Removed Pin From Net: NetName=GND Pin=C184-1
Removed Pin From Net: NetName=GND Pin=C185-1
Removed Pin From Net: NetName=GND Pin=C189-1
Removed Pin From Net: NetName=+3.3V Pin=C189-2
Removed Pin From Net: NetName=GND Pin=C196-1
Removed Pin From Net: NetName=GND Pin=C199-1
Removed Pin From Net: NetName=+3.3V Pin=C199-2
Removed Pin From Net: NetName=GND Pin=C200-1
Removed Pin From Net: NetName=GND Pin=C201-1
Removed Pin From Net: NetName=+3.3V Pin=C201-2
Removed Pin From Net: NetName=GND Pin=C202-1
Removed Pin From Net: NetName=GND Pin=C203-1
Removed Pin From Net: NetName=+3.3V Pin=C203-2
Removed Pin From Net: NetName=GND Pin=C210-1
Removed Pin From Net: NetName=+3.3V Pin=C210-2
Removed Pin From Net: NetName=GND Pin=C211-1
Removed Pin From Net: NetName=GND Pin=C212-1
Removed Pin From Net: NetName=+3.3V Pin=C212-2
Removed Pin From Net: NetName=GND Pin=C213-1
Removed Pin From Net: NetName=GND Pin=C214-1
Removed Pin From Net: NetName=GND Pin=C215-1
Removed Pin From Net: NetName=GND Pin=C216-1
Removed Pin From Net: NetName=GND Pin=C224-1
Removed Pin From Net: NetName=GND Pin=C226-1
Removed Pin From Net: NetName=GND Pin=C230-1
Removed Pin From Net: NetName=GND Pin=C231-1
Removed Pin From Net: NetName=GND Pin=C232-1
Removed Pin From Net: NetName=GND Pin=C233-1
Removed Pin From Net: NetName=GND Pin=C234-1
Removed Pin From Net: NetName=+3.3V Pin=C234-2
Removed Pin From Net: NetName=GND Pin=C235-1
Removed Pin From Net: NetName=+5V_HD4 Pin=C235-2
Removed Pin From Net: NetName=GND Pin=C236-1
Removed Pin From Net: NetName=ADC_TEMP6 Pin=C236-2
Removed Pin From Net: NetName=GND Pin=C237-1
Removed Pin From Net: NetName=GND Pin=C238-1
Removed Pin From Net: NetName=+3.3V Pin=C238-2
Removed Pin From Net: NetName=GND Pin=C239-1
Removed Pin From Net: NetName=ADC_TEMP7 Pin=C239-2
Removed Pin From Net: NetName=GND Pin=C240-1
Removed Pin From Net: NetName=GND Pin=C241-2
Removed Pin From Net: NetName=GND Pin=C242-1
Removed Pin From Net: NetName=GND Pin=C243-1
Removed Pin From Net: NetName=GND Pin=C244-1
Removed Pin From Net: NetName=+3.3V Pin=C244-2
Removed Pin From Net: NetName=GND Pin=C245-1
Removed Pin From Net: NetName=GND Pin=C246-1
Removed Pin From Net: NetName=GND Pin=C247-1
Removed Pin From Net: NetName=GND Pin=C248-1
Removed Pin From Net: NetName=GND Pin=C249-1
Removed Pin From Net: NetName=GND Pin=C250-1
Removed Pin From Net: NetName=GND Pin=C255-1
Removed Pin From Net: NetName=TEMP _SENSOR Pin=C255-2
Removed Pin From Net: NetName=GND Pin=C256-1
Removed Pin From Net: NetName=GND Pin=C257-1
Removed Pin From Net: NetName=GND Pin=C259-1
Removed Pin From Net: NetName=+3.3V Pin=C259-2
Removed Pin From Net: NetName=GND Pin=C260-2
Removed Pin From Net: NetName=GND Pin=C261-2
Removed Pin From Net: NetName=GND Pin=C262-2
Removed Pin From Net: NetName=GND Pin=C263-2
Removed Pin From Net: NetName=GND Pin=C264-2
Removed Pin From Net: NetName=GND Pin=C265-2
Removed Pin From Net: NetName=GND Pin=C266-2
Removed Pin From Net: NetName=+3.3V Pin=C278-2
Removed Pin From Net: NetName=GND Pin=C284-1
Removed Pin From Net: NetName=GND Pin=C285-1
Removed Pin From Net: NetName=GND Pin=C286-1
Removed Pin From Net: NetName=GND Pin=C287-1
Removed Pin From Net: NetName=GND Pin=C288-1
Removed Pin From Net: NetName=GND Pin=C289-1
Removed Pin From Net: NetName=GND Pin=C290-1
Removed Pin From Net: NetName=GND Pin=C291-1
Removed Pin From Net: NetName=GND Pin=C292-1
Removed Pin From Net: NetName=GND Pin=C293-1
Removed Pin From Net: NetName=+12V_Heater Pin=D5-1
Removed Pin From Net: NetName=GND Pin=D5-2
Removed Pin From Net: NetName=+5V_HD4 Pin=D6-1
Removed Pin From Net: NetName=GND Pin=D6-2
Removed Pin From Net: NetName=GND Pin=D7-2
Removed Pin From Net: NetName=+5V_TEC Pin=D8-1
Removed Pin From Net: NetName=GND Pin=D8-2
Removed Pin From Net: NetName=GND Pin=D10-2
Removed Pin From Net: NetName=+3.3V Pin=D11-2
Removed Pin From Net: NetName=CONN_USB_1_N Pin=D12-1
Removed Pin From Net: NetName=GND Pin=D12-2
Removed Pin From Net: NetName=CONN_USB_1_P Pin=D12-3
Removed Pin From Net: NetName=CONN_USB_1_R_P Pin=D12-4
Removed Pin From Net: NetName=USB_PWR1 Pin=D12-5
Removed Pin From Net: NetName=CONN_USB_1_R_N Pin=D12-6
Removed Pin From Net: NetName=CONN_USB_2_N Pin=D14-1
Removed Pin From Net: NetName=CONN_USB_2_P Pin=D14-3
Removed Pin From Net: NetName=CONN_USB_2_R_P Pin=D14-4
Removed Pin From Net: NetName=USB_PWR2 Pin=D14-5
Removed Pin From Net: NetName=CONN_USB_2_R_N Pin=D14-6
Removed Pin From Net: NetName=VUSB Pin=D25-2
Removed Pin From Net: NetName=GND Pin=D29-2
Removed Pin From Net: NetName=GND Pin=D30-2
Removed Pin From Net: NetName=GND Pin=D31-2
Removed Pin From Net: NetName=+12V_Heater Pin=D45-1
Removed Pin From Net: NetName=HEATER_B_5 Pin=D45-2
Removed Pin From Net: NetName=+12V_Heater Pin=D46-1
Removed Pin From Net: NetName=HEATER_B_6 Pin=D46-2
Removed Pin From Net: NetName=+12V_Heater Pin=D47-1
Removed Pin From Net: NetName=HEATER_B_7 Pin=D47-2
Removed Pin From Net: NetName=+12V_Heater Pin=D48-1
Removed Pin From Net: NetName=HEATER_B_8 Pin=D48-2
Removed Pin From Net: NetName=GND Pin=J2-2
Removed Pin From Net: NetName=GND Pin=J2-M1
Removed Pin From Net: NetName=GND Pin=J2-M2
Removed Pin From Net: NetName=NTC1- Pin=J3-2
Removed Pin From Net: NetName=NTC2- Pin=J3-4
Removed Pin From Net: NetName=NTC3- Pin=J3-6
Removed Pin From Net: NetName=NTC4- Pin=J3-8
Removed Pin From Net: NetName=GND Pin=J3-M1
Removed Pin From Net: NetName=GND Pin=J3-M2
Removed Pin From Net: NetName=GND Pin=J5-2
Removed Pin From Net: NetName=GND Pin=J7-2
Removed Pin From Net: NetName=USB_PWR1 Pin=J9-1
Removed Pin From Net: NetName=CONN_USB_1_R_P Pin=J9-2
Removed Pin From Net: NetName=CONN_USB_1_R_N Pin=J9-3
Removed Pin From Net: NetName=USB_CONN_LED_1 Pin=J9-4
Removed Pin From Net: NetName=GND Pin=J9-5
Removed Pin From Net: NetName=USB_PWR2 Pin=J10-1
Removed Pin From Net: NetName=CONN_USB_2_R_P Pin=J10-2
Removed Pin From Net: NetName=CONN_USB_2_R_N Pin=J10-3
Removed Pin From Net: NetName=GND Pin=J10-5
Removed Pin From Net: NetName=GND Pin=J11-5
Removed Pin From Net: NetName=GND Pin=J12-5
Removed Pin From Net: NetName=+12V_Heater Pin=J13-1
Removed Pin From Net: NetName=HEATER_B_1 Pin=J13-2
Removed Pin From Net: NetName=+12V_Heater Pin=J13-3
Removed Pin From Net: NetName=HEATER_B_2 Pin=J13-4
Removed Pin From Net: NetName=+12V_Heater Pin=J13-5
Removed Pin From Net: NetName=HEATER_B_3 Pin=J13-6
Removed Pin From Net: NetName=+12V_Heater Pin=J13-7
Removed Pin From Net: NetName=HEATER_B_4 Pin=J13-8
Removed Pin From Net: NetName=TEC_OUT_A_2 Pin=J14-1
Removed Pin From Net: NetName=TEC_OUT_B_2 Pin=J14-2
Removed Pin From Net: NetName=TEC_OUT_A_4 Pin=J14-3
Removed Pin From Net: NetName=TEC_OUT_B_4 Pin=J14-4
Removed Pin From Net: NetName=TEC_OUT_A_1 Pin=J14-5
Removed Pin From Net: NetName=TEC_OUT_B_1 Pin=J14-6
Removed Pin From Net: NetName=TEC_OUT_A_3 Pin=J14-7
Removed Pin From Net: NetName=TEC_OUT_B_3 Pin=J14-8
Removed Pin From Net: NetName=GND Pin=J15-1
Removed Pin From Net: NetName=GND Pin=J15-14
Removed Pin From Net: NetName=+3.3V Pin=J16-3
Removed Pin From Net: NetName=GND Pin=J16-4
Removed Pin From Net: NetName=GND Pin=J16-M1
Removed Pin From Net: NetName=GND Pin=J16-M2
Removed Pin From Net: NetName=+12V_Heater Pin=J17-1
Removed Pin From Net: NetName=HEATER_B_5 Pin=J17-2
Removed Pin From Net: NetName=+12V_Heater Pin=J17-3
Removed Pin From Net: NetName=HEATER_B_6 Pin=J17-4
Removed Pin From Net: NetName=+12V_Heater Pin=J17-5
Removed Pin From Net: NetName=HEATER_B_7 Pin=J17-6
Removed Pin From Net: NetName=+12V_Heater Pin=J17-7
Removed Pin From Net: NetName=HEATER_B_8 Pin=J17-8
Removed Pin From Net: NetName=GND Pin=J17-M1
Removed Pin From Net: NetName=GND Pin=J17-M2
Removed Pin From Net: NetName=+3.3V Pin=J19-1
Removed Pin From Net: NetName=GND Pin=J22-4
Removed Pin From Net: NetName=GND Pin=J25-2
Removed Pin From Net: NetName=GND Pin=J25-M1
Removed Pin From Net: NetName=GND Pin=J25-M2
Removed Pin From Net: NetName=GND Pin=J26-M1
Removed Pin From Net: NetName=GND Pin=J26-M2
Removed Pin From Net: NetName=+3.3V Pin=J27-3
Removed Pin From Net: NetName=GND Pin=J27-4
Removed Pin From Net: NetName=GND Pin=J27-M1
Removed Pin From Net: NetName=GND Pin=J27-M2
Removed Pin From Net: NetName=GND Pin=J28-M1
Removed Pin From Net: NetName=GND Pin=J28-M2
Removed Pin From Net: NetName=NTC5- Pin=J29-2
Removed Pin From Net: NetName=NTC6- Pin=J29-4
Removed Pin From Net: NetName=NTC7- Pin=J29-6
Removed Pin From Net: NetName=NTC8- Pin=J29-8
Removed Pin From Net: NetName=GND Pin=J29-M1
Removed Pin From Net: NetName=GND Pin=J29-M2
Removed Pin From Net: NetName=HD4_CH31- Pin=J31-1
Removed Pin From Net: NetName=HD4_CH31+ Pin=J31-2
Removed Pin From Net: NetName=HD4_CH32+ Pin=J31-3
Removed Pin From Net: NetName=HD4_CH32- Pin=J31-4
Removed Pin From Net: NetName=HD4_CH41- Pin=J31-5
Removed Pin From Net: NetName=HD4_CH41+ Pin=J31-6
Removed Pin From Net: NetName=HD4_CH42+ Pin=J31-7
Removed Pin From Net: NetName=HD4_CH42- Pin=J31-8
Removed Pin From Net: NetName=GND Pin=J31-M1
Removed Pin From Net: NetName=GND Pin=J31-M2
Removed Pin From Net: NetName=HD4_CH22- Pin=J32-1
Removed Pin From Net: NetName=HD4_CH22+ Pin=J32-2
Removed Pin From Net: NetName=HD4_CH21+ Pin=J32-3
Removed Pin From Net: NetName=HD4_CH21- Pin=J32-4
Removed Pin From Net: NetName=HD4_CH12- Pin=J32-5
Removed Pin From Net: NetName=HD4_CH12+ Pin=J32-6
Removed Pin From Net: NetName=HD4_CH11+ Pin=J32-7
Removed Pin From Net: NetName=HD4_CH11- Pin=J32-8
Removed Pin From Net: NetName=GND Pin=J32-M1
Removed Pin From Net: NetName=GND Pin=J32-M2
Removed Pin From Net: NetName=+12V_Heater Pin=JP3-2
Removed Pin From Net: NetName=+5V_HD4 Pin=JP4-2
Removed Pin From Net: NetName=+5V_TEC Pin=JP6-2
Removed Pin From Net: NetName=+3.3V Pin=JP13-2
Removed Pin From Net: NetName=+3.3V Pin=JP15-2
Removed Pin From Net: NetName=GND Pin=JP16-2
Removed Pin From Net: NetName=GND Pin=JP17-2
Removed Pin From Net: NetName=GND Pin=P1-4
Removed Pin From Net: NetName=GND Pin=P1-10
Removed Pin From Net: NetName=USB1_P Pin=P1-12
Removed Pin From Net: NetName=USB1_N Pin=P1-14
Removed Pin From Net: NetName=GND Pin=P1-20
Removed Pin From Net: NetName=GND Pin=P1-40
Removed Pin From Net: NetName=SOM_TEC_SPI6_MOSI Pin=P1-45
Removed Pin From Net: NetName=SOM_TEC_SPI6_MISO Pin=P1-51
Removed Pin From Net: NetName=SOM_TEC_SPI6_SCK Pin=P1-53
Removed Pin From Net: NetName=GND Pin=P1-54
Removed Pin From Net: NetName=GND Pin=P1-64
Removed Pin From Net: NetName=GND Pin=P1-78
Removed Pin From Net: NetName=WD_DONE Pin=P1-79
Removed Pin From Net: NetName=WD_WAKE Pin=P1-81
Removed Pin From Net: NetName=GND Pin=P1-88
Removed Pin From Net: NetName=GND Pin=P2-10
Removed Pin From Net: NetName=GND Pin=P2-16
Removed Pin From Net: NetName=GND Pin=P2-22
Removed Pin From Net: NetName=GND Pin=P2-28
Removed Pin From Net: NetName=SOM_CAM_CK_N Pin=P2-30
Removed Pin From Net: NetName=SOM_CAM_D0_N Pin=P2-31
Removed Pin From Net: NetName=SOM_CAM_CK_P Pin=P2-32
Removed Pin From Net: NetName=SOM_CAM_D0_P Pin=P2-33
Removed Pin From Net: NetName=GND Pin=P2-34
Removed Pin From Net: NetName=SOM_CAM_D1_N Pin=P2-35
Removed Pin From Net: NetName=SOM_USB_SW_nOE Pin=P2-36
Removed Pin From Net: NetName=SOM_CAM_D1_P Pin=P2-37
Removed Pin From Net: NetName=SOM_USB_SW_SEL1 Pin=P2-38
Removed Pin From Net: NetName=GND Pin=P2-40
Removed Pin From Net: NetName=SOM_USB_SW_SEL0 Pin=P2-42
Removed Pin From Net: NetName=SOM_USB_PWR_EN1 Pin=P2-44
Removed Pin From Net: NetName=GND Pin=P2-46
Removed Pin From Net: NetName=SOM_USB_PWR_EN2 Pin=P2-48
Removed Pin From Net: NetName=GND Pin=P2-54
Removed Pin From Net: NetName=GND Pin=P2-72
Removed Pin From Net: NetName=GND Pin=P2-82
Removed Pin From Net: NetName=LASER_ADC_1 Pin=P2-91
Removed Pin From Net: NetName=SD2_nCD Pin=P2-92
Removed Pin From Net: NetName=GND Pin=Q7-2
Removed Pin From Net: NetName=GND Pin=Q9-2
Removed Pin From Net: NetName=GND Pin=Q10-2
Removed Pin From Net: NetName=GND Pin=Q11-2
Removed Pin From Net: NetName=GND Pin=Q12-2
Removed Pin From Net: NetName=GND Pin=Q13-2
Removed Pin From Net: NetName=GND Pin=Q14-2
Removed Pin From Net: NetName=GND Pin=Q15-2
Removed Pin From Net: NetName=GND Pin=Q16-2
Removed Pin From Net: NetName=USB_PWR1 Pin=Q17-2
Removed Pin From Net: NetName=USB_PWR2 Pin=Q18-2
Removed Pin From Net: NetName=GND Pin=Q21-2
Removed Pin From Net: NetName=HEATER_B_5 Pin=Q21-3
Removed Pin From Net: NetName=GND Pin=Q22-2
Removed Pin From Net: NetName=HEATER_B_6 Pin=Q22-3
Removed Pin From Net: NetName=GND Pin=Q23-2
Removed Pin From Net: NetName=HEATER_B_7 Pin=Q23-3
Removed Pin From Net: NetName=GND Pin=Q24-2
Removed Pin From Net: NetName=HEATER_B_8 Pin=Q24-3
Removed Pin From Net: NetName=NetR1_1 Pin=R6-2
Removed Pin From Net: NetName=GND Pin=R7-1
Removed Pin From Net: NetName=NetR3_1 Pin=R8-2
Removed Pin From Net: NetName=+12V_Heater Pin=R16-2
Removed Pin From Net: NetName=+12V_Heater Pin=R17-2
Removed Pin From Net: NetName=GND Pin=R20-1
Removed Pin From Net: NetName=GND Pin=R22-2
Removed Pin From Net: NetName=GND Pin=R23-1
Removed Pin From Net: NetName=GND Pin=R24-2
Removed Pin From Net: NetName=GND Pin=R25-1
Removed Pin From Net: NetName=GND Pin=R26-1
Removed Pin From Net: NetName=+5V_HD4 Pin=R29-2
Removed Pin From Net: NetName=+5V_HD4 Pin=R30-2
Removed Pin From Net: NetName=POW_ONOFF_HD4 Pin=R31-2
Removed Pin From Net: NetName=GND Pin=R32-2
Removed Pin From Net: NetName=GND Pin=R34-1
Removed Pin From Net: NetName=POW_ONOFF_Solenoid Pin=R37-2
Removed Pin From Net: NetName=GND Pin=R39-1
Removed Pin From Net: NetName=GND Pin=R40-2
Removed Pin From Net: NetName=GND Pin=R41-1
Removed Pin From Net: NetName=eFUSE_ILIM_5V_HD4 Pin=R41-2
Removed Pin From Net: NetName=GND Pin=R42-1
Removed Pin From Net: NetName=+5V_TEC Pin=R45-2
Removed Pin From Net: NetName=+5V_TEC Pin=R46-2
Removed Pin From Net: NetName=POW_ONOFF_TEC Pin=R47-2
Removed Pin From Net: NetName=GND Pin=R48-2
Removed Pin From Net: NetName=GND Pin=R49-1
Removed Pin From Net: NetName=GND Pin=R52-1
Removed Pin From Net: NetName=eFUSE_ILIM_5V_TEC Pin=R52-2
Removed Pin From Net: NetName=GND Pin=R53-1
Removed Pin From Net: NetName=GND Pin=R54-1
Removed Pin From Net: NetName=+3.3V Pin=R55-2
Removed Pin From Net: NetName=GND Pin=R56-1
Removed Pin From Net: NetName=NetJ5_4 Pin=R58-2
Removed Pin From Net: NetName=PHOTO_ADC_CS Pin=R61-1
Removed Pin From Net: NetName=PHOTO_ADC_CONV Pin=R62-1
Removed Pin From Net: NetName=SOM_TEC_SPI6_MOSI Pin=R64-1
Removed Pin From Net: NetName=SOM_TEC_SPI6_MISO Pin=R65-1
Removed Pin From Net: NetName=SOM_TEC_SPI6_SCK Pin=R66-1
Removed Pin From Net: NetName=LASER_DAC_LATCH Pin=R68-1
Removed Pin From Net: NetName=LASER_SW_INT_CS Pin=R69-1
Removed Pin From Net: NetName=LASER_ADC_1 Pin=R71-1
Removed Pin From Net: NetName=+3.3V Pin=R72-2
Removed Pin From Net: NetName=+3.3V Pin=R79-1
Removed Pin From Net: NetName=GND Pin=R81-1
Removed Pin From Net: NetName=NetJ23_3 Pin=R83-1
Removed Pin From Net: NetName=+3.3V Pin=R84-1
Removed Pin From Net: NetName=+3.3V Pin=R85-1
Removed Pin From Net: NetName=PHOTO_ADC_CS Pin=R85-2
Removed Pin From Net: NetName=+3.3V Pin=R86-1
Removed Pin From Net: NetName=+3.3V Pin=R87-1
Removed Pin From Net: NetName=LASER_DAC_LATCH Pin=R87-2
Removed Pin From Net: NetName=+3.3V Pin=R88-1
Removed Pin From Net: NetName=LASER_SW_INT_CS Pin=R88-2
Removed Pin From Net: NetName=LASER_SW_EXT_CS Pin=R94-1
Removed Pin From Net: NetName=+3.3V Pin=R99-1
Removed Pin From Net: NetName=+3.3V Pin=R100-1
Removed Pin From Net: NetName=+3.3V Pin=R101-1
Removed Pin From Net: NetName=+3.3V Pin=R102-1
Removed Pin From Net: NetName=GND Pin=R108-1
Removed Pin From Net: NetName=+3.3V Pin=R110-1
Removed Pin From Net: NetName=USB_PWR1 Pin=R110-2
Removed Pin From Net: NetName=+3.3V Pin=R112-1
Removed Pin From Net: NetName=+3.3V Pin=R113-1
Removed Pin From Net: NetName=+3.3V Pin=R119-1
Removed Pin From Net: NetName=USB_PWR2 Pin=R119-2
Removed Pin From Net: NetName=WD_nRESET Pin=R120-1
Removed Pin From Net: NetName=GND Pin=R122-2
Removed Pin From Net: NetName=SOM_CAM_D0_N Pin=R123-1
Removed Pin From Net: NetName=+3.3V Pin=R125-2
Removed Pin From Net: NetName=+5V_HD4 Pin=R126-1
Removed Pin From Net: NetName=+3.3V Pin=R128-2
Removed Pin From Net: NetName=ADC_TEMP5 Pin=R159-2
Removed Pin From Net: NetName=NTC5- Pin=R160-1
Removed Pin From Net: NetName=GND Pin=R162-1
Removed Pin From Net: NetName=NTC5- Pin=R162-2
Removed Pin From Net: NetName=ADC_TEMP6 Pin=R165-2
Removed Pin From Net: NetName=NTC6- Pin=R166-1
Removed Pin From Net: NetName=GND Pin=R168-1
Removed Pin From Net: NetName=NTC6- Pin=R168-2
Removed Pin From Net: NetName=ADC_TEMP3 Pin=R169-2
Removed Pin From Net: NetName=NTC3- Pin=R170-1
Removed Pin From Net: NetName=ADC_TEMP7 Pin=R171-2
Removed Pin From Net: NetName=NTC7- Pin=R172-1
Removed Pin From Net: NetName=GND Pin=R173-1
Removed Pin From Net: NetName=NTC3- Pin=R173-2
Removed Pin From Net: NetName=GND Pin=R174-1
Removed Pin From Net: NetName=NTC7- Pin=R174-2
Removed Pin From Net: NetName=ADC_TEMP4 Pin=R175-2
Removed Pin From Net: NetName=NTC4- Pin=R176-1
Removed Pin From Net: NetName=NetC170_2 Pin=R176-2
Removed Pin From Net: NetName=ADC_TEMP8 Pin=R177-2
Removed Pin From Net: NetName=NTC8- Pin=R178-1
Removed Pin From Net: NetName=GND Pin=R179-1
Removed Pin From Net: NetName=NTC4- Pin=R179-2
Removed Pin From Net: NetName=GND Pin=R180-1
Removed Pin From Net: NetName=NTC8- Pin=R180-2
Removed Pin From Net: NetName=+5V_HD4 Pin=R181-1
Removed Pin From Net: NetName=+5V_HD4 Pin=R182-1
Removed Pin From Net: NetName=GND Pin=R183-1
Removed Pin From Net: NetName=GND Pin=R184-1
Removed Pin From Net: NetName=+5V_HD4 Pin=R185-1
Removed Pin From Net: NetName=+5V_HD4 Pin=R186-1
Removed Pin From Net: NetName=SOM_CAM_D0_P Pin=R189-1
Removed Pin From Net: NetName=SOM_CAM_D1_N Pin=R190-1
Removed Pin From Net: NetName=+3.3V Pin=R191-2
Removed Pin From Net: NetName=GND Pin=R192-1
Removed Pin From Net: NetName=SOM_CAM_D1_P Pin=R193-1
Removed Pin From Net: NetName=SOM_CAM_CK_N Pin=R194-1
Removed Pin From Net: NetName=SOM_CAM_CK_P Pin=R195-1
Removed Pin From Net: NetName=NetQ5_1 Pin=R197-1
Removed Pin From Net: NetName=NetQ6_1 Pin=R198-1
Removed Pin From Net: NetName=NetQ8_1 Pin=R200-1
Removed Pin From Net: NetName=GND Pin=R201-1
Removed Pin From Net: NetName=NetQ5_1 Pin=R201-2
Removed Pin From Net: NetName=GND Pin=R202-1
Removed Pin From Net: NetName=NetQ6_1 Pin=R202-2
Removed Pin From Net: NetName=GND Pin=R203-1
Removed Pin From Net: NetName=GND Pin=R204-1
Removed Pin From Net: NetName=NetQ8_1 Pin=R204-2
Removed Pin From Net: NetName=GND Pin=R209-1
Removed Pin From Net: NetName=GND Pin=R210-1
Removed Pin From Net: NetName=GND Pin=R211-1
Removed Pin From Net: NetName=GND Pin=R212-1
Removed Pin From Net: NetName=GND Pin=R225-1
Removed Pin From Net: NetName=VUSB Pin=R226-2
Removed Pin From Net: NetName=VUSB Pin=R227-2
Removed Pin From Net: NetName=GND Pin=R228-1
Removed Pin From Net: NetName=GND Pin=R229-1
Removed Pin From Net: NetName=VUSB Pin=R230-1
Removed Pin From Net: NetName=GND Pin=R231-1
Removed Pin From Net: NetName=+VCC_SD Pin=R240-2
Removed Pin From Net: NetName=+VCC_SD Pin=R241-1
Removed Pin From Net: NetName=+3.3V Pin=R241-2
Removed Pin From Net: NetName=NetJ21_P7 Pin=R242-2
Removed Pin From Net: NetName=NetJ21_P8 Pin=R243-2
Removed Pin From Net: NetName=NetJ21_P1 Pin=R245-2
Removed Pin From Net: NetName=NetJ21_P2 Pin=R247-2
Removed Pin From Net: NetName=+VCC_SD Pin=R248-1
Removed Pin From Net: NetName=SD2_nCD Pin=R248-2
Removed Pin From Net: NetName=NetJ21_P5 Pin=R249-2
Removed Pin From Net: NetName=NetJ21_P3 Pin=R250-2
Removed Pin From Net: NetName=+3.3V Pin=R255-1
Removed Pin From Net: NetName=LASER_SW_EXT_CS Pin=R255-2
Removed Pin From Net: NetName=+3.3V Pin=R256-1
Removed Pin From Net: NetName=PHOTO_ADC_CONV Pin=R256-2
Removed Pin From Net: NetName=GND Pin=R259-2
Removed Pin From Net: NetName=+5V_HD4 Pin=R260-1
Removed Pin From Net: NetName=+3.3V Pin=R266-1
Removed Pin From Net: NetName=GND Pin=R267-2
Removed Pin From Net: NetName=USB_PWR1 Pin=R268-1
Removed Pin From Net: NetName=USB_CONN_LED_1 Pin=R269-2
Removed Pin From Net: NetName=+3.3V Pin=R270-1
Removed Pin From Net: NetName=GND Pin=R274-2
Removed Pin From Net: NetName=GND Pin=R276-2
Removed Pin From Net: NetName=+5V_HD4 Pin=R277-1
Removed Pin From Net: NetName=+5V_HD4 Pin=R278-1
Removed Pin From Net: NetName=SOM_TEC_SPI6_SCK Pin=R282-1
Removed Pin From Net: NetName=GND Pin=R283-2
Removed Pin From Net: NetName=GND Pin=R285-2
Removed Pin From Net: NetName=SOM_TEC_SPI6_MISO Pin=R286-1
Removed Pin From Net: NetName=SOM_TEC_SPI6_MOSI Pin=R287-1
Removed Pin From Net: NetName=+3.3V Pin=R289-2
Removed Pin From Net: NetName=SOM_TEC_SPI6_SCK Pin=R291-1
Removed Pin From Net: NetName=SOM_TEC_SPI6_MISO Pin=R292-1
Removed Pin From Net: NetName=SOM_TEC_SPI6_MOSI Pin=R293-1
Removed Pin From Net: NetName=TEMP _SENSOR Pin=R296-2
Removed Pin From Net: NetName=GND Pin=R306-1
Removed Pin From Net: NetName=GND Pin=R307-2
Removed Pin From Net: NetName=GND Pin=R308-1
Removed Pin From Net: NetName=+3.3V Pin=R313-1
Removed Pin From Net: NetName=GND Pin=R314-2
Removed Pin From Net: NetName=+3.3V Pin=R315-1
Removed Pin From Net: NetName=+3.3V Pin=R316-2
Removed Pin From Net: NetName=GND Pin=R320-2
Removed Pin From Net: NetName=GND Pin=R321-2
Removed Pin From Net: NetName=GND Pin=R329-1
Removed Pin From Net: NetName=GND Pin=R330-2
Removed Pin From Net: NetName=GND Pin=R331-1
Removed Pin From Net: NetName=GND Pin=R337-1
Removed Pin From Net: NetName=GND Pin=R338-2
Removed Pin From Net: NetName=GND Pin=R339-1
Removed Pin From Net: NetName=GND Pin=R341-2
Removed Pin From Net: NetName=USB_PWR2 Pin=R342-1
Removed Pin From Net: NetName=+3.3V Pin=R352-2
Removed Pin From Net: NetName=+3.3V Pin=R353-2
Removed Pin From Net: NetName=+3.3V Pin=R354-2
Removed Pin From Net: NetName=+3.3V Pin=R355-2
Removed Pin From Net: NetName=GND Pin=R356-1
Removed Pin From Net: NetName=GND Pin=R365-1
Removed Pin From Net: NetName=GND Pin=R366-1
Removed Pin From Net: NetName=GND Pin=R367-1
Removed Pin From Net: NetName=GND Pin=R368-1
Removed Pin From Net: NetName=NetC145_2 Pin=R371-2
Removed Pin From Net: NetName=GND Pin=R372-1
Removed Pin From Net: NetName=GND Pin=R373-1
Removed Pin From Net: NetName=HEATER_PWM_5 Pin=R377-1
Removed Pin From Net: NetName=HEATER_PWM_6 Pin=R378-1
Removed Pin From Net: NetName=GND Pin=R379-1
Removed Pin From Net: NetName=GND Pin=R380-1
Removed Pin From Net: NetName=HEATER_PWM_7 Pin=R381-1
Removed Pin From Net: NetName=HEATER_PWM_8 Pin=R382-1
Removed Pin From Net: NetName=GND Pin=R383-1
Removed Pin From Net: NetName=GND Pin=R384-1
Removed Pin From Net: NetName=+3.3V Pin=R387-2
Removed Pin From Net: NetName=+3.3V Pin=R399-2
Removed Pin From Net: NetName=WD_nRESET Pin=R400-1
Removed Pin From Net: NetName=GND Pin=R402-1
Removed Pin From Net: NetName=GND Pin=R404-1
Removed Pin From Net: NetName=GND Pin=R405-1
Removed Pin From Net: NetName=GND Pin=R409-2
Removed Pin From Net: NetName=GND Pin=TP2-0
Removed Pin From Net: NetName=GND Pin=U1-6
Removed Pin From Net: NetName=GND Pin=U1-9
Removed Pin From Net: NetName=GND Pin=U1-9
Removed Pin From Net: NetName=GND Pin=U1-9
Removed Pin From Net: NetName=GND Pin=U1-9
Removed Pin From Net: NetName=GND Pin=U1-9
Removed Pin From Net: NetName=GND Pin=U1-9
Removed Pin From Net: NetName=GND Pin=U1-9
Removed Pin From Net: NetName=GND Pin=U1-9
Removed Pin From Net: NetName=GND Pin=U1-9
Removed Pin From Net: NetName=NetR1_1 Pin=U2-1
Removed Pin From Net: NetName=NetR1_1 Pin=U2-1
Removed Pin From Net: NetName=GND Pin=U2-8
Removed Pin From Net: NetName=NetC15_2 Pin=U3-7
Removed Pin From Net: NetName=NetC15_2 Pin=U3-7
Removed Pin From Net: NetName=+12V_Heater Pin=U4-6
Removed Pin From Net: NetName=GND Pin=U4-8
Removed Pin From Net: NetName=+5V_HD4 Pin=U5-6
Removed Pin From Net: NetName=GND Pin=U5-8
Removed Pin From Net: NetName=eFUSE_ILIM_5V_HD4 Pin=U5-9
Removed Pin From Net: NetName=GND Pin=U6-8
Removed Pin From Net: NetName=+5V_TEC Pin=U7-6
Removed Pin From Net: NetName=GND Pin=U7-8
Removed Pin From Net: NetName=eFUSE_ILIM_5V_TEC Pin=U7-9
Removed Pin From Net: NetName=GND Pin=U8-6
Removed Pin From Net: NetName=GND Pin=U8-9
Removed Pin From Net: NetName=GND Pin=U8-9
Removed Pin From Net: NetName=GND Pin=U8-9
Removed Pin From Net: NetName=GND Pin=U8-9
Removed Pin From Net: NetName=GND Pin=U8-9
Removed Pin From Net: NetName=GND Pin=U8-9
Removed Pin From Net: NetName=GND Pin=U8-9
Removed Pin From Net: NetName=GND Pin=U8-9
Removed Pin From Net: NetName=GND Pin=U8-9
Removed Pin From Net: NetName=+3.3V Pin=U9-1
Removed Pin From Net: NetName=GND Pin=U9-2
Removed Pin From Net: NetName=GND Pin=U10-12
Removed Pin From Net: NetName=GND Pin=U10-13
Removed Pin From Net: NetName=PHOTO_ADC_CONV Pin=U10-14
Removed Pin From Net: NetName=PHOTO_ADC_CS Pin=U10-15
Removed Pin From Net: NetName=LASER_SW_EXT_CS Pin=U10-19
Removed Pin From Net: NetName=LASER_SW_INT_CS Pin=U10-20
Removed Pin From Net: NetName=LASER_DAC_LATCH Pin=U10-21
Removed Pin From Net: NetName=+3.3V Pin=U10-23
Removed Pin From Net: NetName=+3.3V Pin=U10-24
Removed Pin From Net: NetName=+3.3V Pin=U11-2
Removed Pin From Net: NetName=POW_ONOFF_HD4 Pin=U11-8
Removed Pin From Net: NetName=POW_ONOFF_TEC Pin=U11-9
Removed Pin From Net: NetName=POW_ONOFF_Solenoid Pin=U11-11
Removed Pin From Net: NetName=GND Pin=U11-12
Removed Pin From Net: NetName=TEC_EN_2 Pin=U11-13
Removed Pin From Net: NetName=TEC_SWEN_2 Pin=U11-14
Removed Pin From Net: NetName=TEC_EN_4 Pin=U11-15
Removed Pin From Net: NetName=TEC_SWEN_4 Pin=U11-16
Removed Pin From Net: NetName=TEC_EN_1 Pin=U11-17
Removed Pin From Net: NetName=TEC_SWEN_1 Pin=U11-18
Removed Pin From Net: NetName=TEC_EN_3 Pin=U11-19
Removed Pin From Net: NetName=TEC_SWEN_3 Pin=U11-20
Removed Pin From Net: NetName=+3.3V Pin=U11-24
Removed Pin From Net: NetName=GND Pin=U12-2
Removed Pin From Net: NetName=+3.3V Pin=U12-3
Removed Pin From Net: NetName=NetR263_1 Pin=U12-8
Removed Pin From Net: NetName=+3.3V Pin=U13-1
Removed Pin From Net: NetName=SOM_USB_SW_nOE Pin=U14-3
Removed Pin From Net: NetName=SOM_USB_SW_SEL1 Pin=U14-4
Removed Pin From Net: NetName=SOM_USB_SW_SEL0 Pin=U14-5
Removed Pin From Net: NetName=SOM_USB_PWR_EN1 Pin=U14-6
Removed Pin From Net: NetName=SOM_USB_PWR_EN2 Pin=U14-7
Removed Pin From Net: NetName=GND Pin=U14-12
Removed Pin From Net: NetName=GND Pin=U14-13
Removed Pin From Net: NetName=SENSOR1_EN Pin=U14-15
Removed Pin From Net: NetName=SENSOR2_EN Pin=U14-16
Removed Pin From Net: NetName=+3.3V Pin=U14-23
Removed Pin From Net: NetName=+3.3V Pin=U14-24
Removed Pin From Net: NetName=+3.3V Pin=U16-2
Removed Pin From Net: NetName=GND Pin=U16-12
Removed Pin From Net: NetName=GND Pin=U16-21
Removed Pin From Net: NetName=+3.3V Pin=U16-24
Removed Pin From Net: NetName=+3.3V Pin=U17-1
Removed Pin From Net: NetName=GND Pin=U17-4
Removed Pin From Net: NetName=+5V_HD4 Pin=U17-8
Removed Pin From Net: NetName=GND Pin=U23-4
Removed Pin From Net: NetName=GND Pin=U24-4
Removed Pin From Net: NetName=NetC170_2 Pin=U24-5
Removed Pin From Net: NetName=GND Pin=U25-4
Removed Pin From Net: NetName=GND Pin=U26-3
Removed Pin From Net: NetName=GND Pin=U26-15
Removed Pin From Net: NetName=+5V_HD4 Pin=U26-16
Removed Pin From Net: NetName=+3.3V Pin=U30-1
Removed Pin From Net: NetName=USB1_P Pin=U30-3
Removed Pin From Net: NetName=USB1_N Pin=U30-4
Removed Pin From Net: NetName=GND Pin=U30-5
Removed Pin From Net: NetName=GND Pin=U30-10
Removed Pin From Net: NetName=GND Pin=U34-12
Removed Pin From Net: NetName=GND Pin=U34-13
Removed Pin From Net: NetName=TEC_nCS_4 Pin=U34-14
Removed Pin From Net: NetName=TEC_nCS_3 Pin=U34-15
Removed Pin From Net: NetName=TEC_nCS_2 Pin=U34-16
Removed Pin From Net: NetName=TEC_nCS_1 Pin=U34-17
Removed Pin From Net: NetName=+3.3V Pin=U34-23
Removed Pin From Net: NetName=+3.3V Pin=U34-24
Removed Pin From Net: NetName=GND Pin=U35-2
Removed Pin From Net: NetName=+3.3V Pin=U35-3
Removed Pin From Net: NetName=GND Pin=U36-4
Removed Pin From Net: NetName=NetC145_2 Pin=U37-3
Removed Pin From Net: NetName=GND Pin=U37-4
Removed Pin From Net: NetName=GND Pin=U38-6
Removed Pin From Net: NetName=GND Pin=U39-3
Removed Pin From Net: NetName=GND Pin=U39-15
Removed Pin From Net: NetName=+5V_HD4 Pin=U39-16
Removed Pin From Net: NetName=GND Pin=U41-1
Removed Pin From Net: NetName=TEC_ADC_1 Pin=U41-2
Removed Pin From Net: NetName=TEC_ADC_3 Pin=U41-3
Removed Pin From Net: NetName=TEC_ADC_4 Pin=U41-4
Removed Pin From Net: NetName=TEC_ADC_2 Pin=U41-5
Removed Pin From Net: NetName=GND Pin=U41-8
Removed Pin From Net: NetName=GND Pin=U41-11
Removed Pin From Net: NetName=+3.3V Pin=U41-20
Removed Pin From Net: NetName=GND Pin=U41-21
Removed Pin From Net: NetName=ADC_TEMP5 Pin=U41-28
Removed Pin From Net: NetName=ADC_TEMP4 Pin=U41-29
Removed Pin From Net: NetName=ADC_TEMP1 Pin=U41-30
Removed Pin From Net: NetName=ADC_TEMP8 Pin=U41-31
Removed Pin From Net: NetName=ADC_TEMP2 Pin=U41-32
Removed Pin From Net: NetName=ADC_TEMP3 Pin=U41-33
Removed Pin From Net: NetName=ADC_TEMP7 Pin=U41-34
Removed Pin From Net: NetName=ADC_TEMP6 Pin=U41-35
Removed Pin From Net: NetName=GND Pin=U41-39
Removed Pin From Net: NetName=GND Pin=U41-41
Removed Pin From Net: NetName=GND Pin=U42-8
Removed Pin From Net: NetName=+3.3V Pin=U43-1
Removed Pin From Net: NetName=GND Pin=U43-4
Removed Pin From Net: NetName=+5V_HD4 Pin=U43-8
Removed Pin From Net: NetName=GND Pin=U44-1
Removed Pin From Net: NetName=GND Pin=U44-8
Removed Pin From Net: NetName=GND Pin=U44-11
Removed Pin From Net: NetName=+3.3V Pin=U44-20
Removed Pin From Net: NetName=GND Pin=U44-21
Removed Pin From Net: NetName=TEMP _SENSOR Pin=U44-26
Removed Pin From Net: NetName=eFUSE_ILIM_5V_HD4 Pin=U44-28
Removed Pin From Net: NetName=eFUSE_ILIM_5V_TEC Pin=U44-31
Removed Pin From Net: NetName=GND Pin=U44-39
Removed Pin From Net: NetName=GND Pin=U44-41
Removed Pin From Net: NetName=+3.3V Pin=U45-1
Removed Pin From Net: NetName=GND Pin=U45-4
Removed Pin From Net: NetName=NetJ22_3 Pin=U45-6
Removed Pin From Net: NetName=+3.3V Pin=U45-8
Removed Pin From Net: NetName=SOM_TEC_SPI6_MISO Pin=U46-2
Removed Pin From Net: NetName=GND Pin=U46-4
Removed Pin From Net: NetName=SOM_TEC_SPI6_MOSI Pin=U46-5
Removed Pin From Net: NetName=SOM_TEC_SPI6_SCK Pin=U46-6
Removed Pin From Net: NetName=+3.3V Pin=U46-8
Removed Pin From Net: NetName=GND Pin=U47-1
Removed Pin From Net: NetName=GND Pin=U47-2
Removed Pin From Net: NetName=GND Pin=U47-3
Removed Pin From Net: NetName=GND Pin=U47-4
Removed Pin From Net: NetName=GND Pin=U47-5
Removed Pin From Net: NetName=HEATER_PWM_3 Pin=U47-6
Removed Pin From Net: NetName=HEATER_PWM_2 Pin=U47-7
Removed Pin From Net: NetName=HEATER_PWM_1 Pin=U47-8
Removed Pin From Net: NetName=HEATER_PWM_8 Pin=U47-11
Removed Pin From Net: NetName=HEATER_PWM_7 Pin=U47-12
Removed Pin From Net: NetName=HEATER_PWM_6 Pin=U47-13
Removed Pin From Net: NetName=GND Pin=U47-14
Removed Pin From Net: NetName=HEATER_PWM_5 Pin=U47-15
Removed Pin From Net: NetName=HEATER_PWM_4 Pin=U47-19
Removed Pin From Net: NetName=GND Pin=U47-24
Removed Pin From Net: NetName=GND Pin=U47-25
Removed Pin From Net: NetName=+3.3V Pin=U47-28
Removed Pin From Net: NetName=GND Pin=U48-8
Removed Pin From Net: NetName=GND Pin=U49-3
Removed Pin From Net: NetName=GND Pin=U50-8
Removed Pin From Net: NetName=+3.3V Pin=U53-1
Removed Pin From Net: NetName=GND Pin=U53-2
Removed Pin From Net: NetName=WD_DONE Pin=U53-4
Removed Pin From Net: NetName=WD_WAKE Pin=U53-5
Removed Pin From Net: NetName=GND Pin=Y1-2
Removed Pin From Net: NetName=GND Pin=Y1-4
Removed Pin From Net: NetName=GND Pin=Y2-2
Removed Pin From Net: NetName=GND Pin=Y2-4
Removed Member From Class: ClassName=POWER Member=C1
Removed Member From Class: ClassName=POWER Member=C2
Removed Member From Class: ClassName=POWER Member=C3
Removed Member From Class: ClassName=POWER Member=C4
Removed Member From Class: ClassName=POWER Member=C5
Removed Member From Class: ClassName=POWER Member=C6
Removed Member From Class: ClassName=POWER Member=C7
Removed Member From Class: ClassName=POWER Member=C8
Removed Member From Class: ClassName=POWER Member=C9
Removed Member From Class: ClassName=POWER Member=C11
Removed Member From Class: ClassName=POWER Member=C12
Removed Member From Class: ClassName=POWER Member=C13
Removed Member From Class: ClassName=POWER Member=C14
Removed Member From Class: ClassName=POWER Member=C42
Removed Member From Class: ClassName=POWER Member=C43
Removed Member From Class: ClassName=POWER Member=C44
Removed Member From Class: ClassName=POWER Member=C45
Removed Member From Class: ClassName=POWER Member=C46
Removed Member From Class: ClassName=POWER Member=C47
Removed Member From Class: ClassName=POWER Member=C48
Removed Member From Class: ClassName=USB Member=C71
Removed Member From Class: ClassName=ADC Member=C73
Removed Member From Class: ClassName=USB Member=C74
Removed Member From Class: ClassName=ADC Member=C75
Removed Member From Class: ClassName=ADC Member=C76
Removed Member From Class: ClassName=ADC Member=C77
Removed Member From Class: ClassName=ADC Member=C78
Removed Member From Class: ClassName=ADC Member=C79
Removed Member From Class: ClassName=USB Member=C80
Removed Member From Class: ClassName=ADC Member=C83
Removed Member From Class: ClassName=ADC Member=C84
Removed Member From Class: ClassName=ADC Member=C85
Removed Member From Class: ClassName=ADC Member=C86
Removed Member From Class: ClassName=ADC Member=C87
Removed Member From Class: ClassName=ADC Member=C88
Removed Member From Class: ClassName=ADC Member=C89
Removed Member From Class: ClassName=USB Member=C90
Removed Member From Class: ClassName=ADC Member=C93
Removed Member From Class: ClassName=FLUIDIC_CTRL Member=C139
Removed Member From Class: ClassName=FLUIDIC_CTRL Member=C140
Removed Member From Class: ClassName=NTC Member=C142
Removed Member From Class: ClassName=NTC Member=C143
Removed Member From Class: ClassName=NTC Member=C145
Removed Member From Class: ClassName=NTC Member=C148
Removed Member From Class: ClassName=NTC Member=C149
Removed Member From Class: ClassName=NTC Member=C150
Removed Member From Class: ClassName=NTC Member=C151
Removed Member From Class: ClassName=NTC Member=C152
Removed Member From Class: ClassName=NTC Member=C153
Removed Member From Class: ClassName=NTC Member=C156
Removed Member From Class: ClassName=NTC Member=C157
Removed Member From Class: ClassName=NTC Member=C158
Removed Member From Class: ClassName=NTC Member=C159
Removed Member From Class: ClassName=NTC Member=C160
Removed Member From Class: ClassName=NTC Member=C161
Removed Member From Class: ClassName=NTC Member=C162
Removed Member From Class: ClassName=NTC Member=C163
Removed Member From Class: ClassName=NTC Member=C164
Removed Member From Class: ClassName=NTC Member=C165
Removed Member From Class: ClassName=NTC Member=C166
Removed Member From Class: ClassName=ADC Member=C167
Removed Member From Class: ClassName=ADC Member=C168
Removed Member From Class: ClassName=ADC Member=C169
Removed Member From Class: ClassName=NTC Member=C170
Removed Member From Class: ClassName=NTC Member=C171
Removed Member From Class: ClassName=NTC Member=C172
Removed Member From Class: ClassName=NTC Member=C173
Removed Member From Class: ClassName=FLUIDIC_CTRL Member=C174
Removed Member From Class: ClassName=ADC Member=C175
Removed Member From Class: ClassName=FLUIDIC_CTRL Member=C176
Removed Member From Class: ClassName=POWER_2 Member=C177
Removed Member From Class: ClassName=ADC Member=C179
Removed Member From Class: ClassName=ADC Member=C180
Removed Member From Class: ClassName=ADC Member=C181
Removed Member From Class: ClassName=ADC Member=C182
Removed Member From Class: ClassName=ADC Member=C183
Removed Member From Class: ClassName=ADC Member=C184
Removed Member From Class: ClassName=ADC Member=C185
Removed Member From Class: ClassName=SOM_BOOT Member=C189
Removed Member From Class: ClassName=POWER_2 Member=C196
Removed Member From Class: ClassName=SOM_Console Member=C199
Removed Member From Class: ClassName=SOM_Console Member=C200
Removed Member From Class: ClassName=I2C_Sensor Member=C201
Removed Member From Class: ClassName=SOM_Console Member=C203
Removed Member From Class: ClassName=ADC Member=C211
Removed Member From Class: ClassName=ADC Member=C212
Removed Member From Class: ClassName=ADC Member=C213
Removed Member From Class: ClassName=ADC Member=C214
Removed Member From Class: ClassName=ADC Member=C215
Removed Member From Class: ClassName=ADC Member=C216
Removed Member From Class: ClassName=SOM_Console Member=C224
Removed Member From Class: ClassName=ADC Member=C226
Removed Member From Class: ClassName=ADC Member=C230
Removed Member From Class: ClassName=ADC Member=C231
Removed Member From Class: ClassName=POWER_2 Member=C232
Removed Member From Class: ClassName=POWER_2 Member=C233
Removed Member From Class: ClassName=FLUIDIC_CTRL Member=C234
Removed Member From Class: ClassName=FLUIDIC_CTRL Member=C235
Removed Member From Class: ClassName=ADC Member=C236
Removed Member From Class: ClassName=POWER Member=C237
Removed Member From Class: ClassName=POWER Member=C238
Removed Member From Class: ClassName=ADC Member=C239
Removed Member From Class: ClassName=POWER Member=C240
Removed Member From Class: ClassName=POWER Member=C241
Removed Member From Class: ClassName=ADC Member=C242
Removed Member From Class: ClassName=ADC Member=C243
Removed Member From Class: ClassName=ADC Member=C244
Removed Member From Class: ClassName=ADC Member=C245
Removed Member From Class: ClassName=ADC Member=C246
Removed Member From Class: ClassName=ADC Member=C247
Removed Member From Class: ClassName=ADC Member=C248
Removed Member From Class: ClassName=ADC Member=C249
Removed Member From Class: ClassName=ADC Member=C250
Removed Member From Class: ClassName=ADC Member=C255
Removed Member From Class: ClassName=ADC Member=C256
Removed Member From Class: ClassName=POWER_2 Member=C257
Removed Member From Class: ClassName=POWER Member=C259
Removed Member From Class: ClassName=POWER_2 Member=C284
Removed Member From Class: ClassName=POWER_2 Member=C285
Removed Member From Class: ClassName=POWER_2 Member=C286
Removed Member From Class: ClassName=POWER_2 Member=C287
Removed Member From Class: ClassName=POWER_2 Member=C288
Removed Member From Class: ClassName=POWER_2 Member=C289
Removed Member From Class: ClassName=POWER_2 Member=C290
Removed Member From Class: ClassName=POWER_2 Member=C291
Removed Member From Class: ClassName=POWER_2 Member=C292
Removed Member From Class: ClassName=POWER_2 Member=C293
Removed Member From Class: ClassName=POWER Member=D1
Removed Member From Class: ClassName=POWER Member=D2
Removed Member From Class: ClassName=POWER Member=D3
Removed Member From Class: ClassName=POWER Member=D4
Removed Member From Class: ClassName=POWER Member=D5
Removed Member From Class: ClassName=POWER Member=D6
Removed Member From Class: ClassName=POWER Member=D7
Removed Member From Class: ClassName=POWER Member=D8
Removed Member From Class: ClassName=POWER Member=D9
Removed Member From Class: ClassName=POWER Member=D10
Removed Member From Class: ClassName=POWER Member=D11
Removed Member From Class: ClassName=USB Member=D12
Removed Member From Class: ClassName=POWER_2 Member=D13
Removed Member From Class: ClassName=USB Member=D14
Removed Member From Class: ClassName=SOM_BOOT Member=D25
Removed Member From Class: ClassName=POWER_2 Member=D30
Removed Member From Class: ClassName=POWER_2 Member=D31
Removed Member From Class: ClassName=POWER Member=D36
Removed Member From Class: ClassName=HEATER Member=D45
Removed Member From Class: ClassName=HEATER Member=D46
Removed Member From Class: ClassName=HEATER Member=D47
Removed Member From Class: ClassName=HEATER Member=D48
Removed Member From Class: ClassName=MOUTING Member=H14
Removed Member From Class: ClassName=MOUTING Member=H15
Removed Member From Class: ClassName=USB Member=J9
Removed Member From Class: ClassName=USB Member=J10
Removed Member From Class: ClassName=USB Member=J11
Removed Member From Class: ClassName=USB Member=J12
Removed Member From Class: ClassName=HEATER Member=J13
Removed Member From Class: ClassName=I2C_Sensor Member=J16
Removed Member From Class: ClassName=HEATER Member=J17
Removed Member From Class: ClassName=I2C_Sensor Member=J22
Removed Member From Class: ClassName=SOM_Console Member=J25
Removed Member From Class: ClassName=FLUIDIC_CTRL Member=J26
Removed Member From Class: ClassName=I2C_Sensor Member=J27
Removed Member From Class: ClassName=FLUIDIC_CTRL Member=J31
Removed Member From Class: ClassName=FLUIDIC_CTRL Member=J32
Removed Member From Class: ClassName=POWER Member=JP1
Removed Member From Class: ClassName=POWER Member=JP2
Removed Member From Class: ClassName=POWER Member=JP3
Removed Member From Class: ClassName=POWER Member=JP4
Removed Member From Class: ClassName=POWER Member=JP5
Removed Member From Class: ClassName=POWER Member=JP6
Removed Member From Class: ClassName=POWER_2 Member=JP7
Removed Member From Class: ClassName=POWER_2 Member=JP8
Removed Member From Class: ClassName=POWER_2 Member=JP9
Removed Member From Class: ClassName=SOM_Console Member=JP11
Removed Member From Class: ClassName=USB Member=JP12
Removed Member From Class: ClassName=USB Member=JP13
Removed Member From Class: ClassName=USB Member=JP14
Removed Member From Class: ClassName=USB Member=JP15
Removed Member From Class: ClassName=POWER Member=L1
Removed Member From Class: ClassName=POWER Member=L2
Removed Member From Class: ClassName=USB Member=Q17
Removed Member From Class: ClassName=USB Member=Q18
Removed Member From Class: ClassName=USB Member=Q19
Removed Member From Class: ClassName=USB Member=Q20
Removed Member From Class: ClassName=HEATER Member=Q21
Removed Member From Class: ClassName=HEATER Member=Q22
Removed Member From Class: ClassName=HEATER Member=Q23
Removed Member From Class: ClassName=HEATER Member=Q24
Removed Member From Class: ClassName=POWER Member=R1
Removed Member From Class: ClassName=USB Member=R2
Removed Member From Class: ClassName=POWER Member=R3
Removed Member From Class: ClassName=POWER Member=R4
Removed Member From Class: ClassName=POWER Member=R5
Removed Member From Class: ClassName=POWER Member=R6
Removed Member From Class: ClassName=POWER Member=R7
Removed Member From Class: ClassName=POWER Member=R8
Removed Member From Class: ClassName=POWER Member=R9
Removed Member From Class: ClassName=POWER Member=R10
Removed Member From Class: ClassName=POWER Member=R12
Removed Member From Class: ClassName=POWER Member=R18
Removed Member From Class: ClassName=POWER Member=R25
Removed Member From Class: ClassName=POWER Member=R26
Removed Member From Class: ClassName=USB Member=R50
Removed Member From Class: ClassName=SOM_Console Member=R89
Removed Member From Class: ClassName=SOM_Console Member=R90
Removed Member From Class: ClassName=USB Member=R110
Removed Member From Class: ClassName=SOM_Console Member=R121
Removed Member From Class: ClassName=FLUIDIC_CTRL Member=R122
Removed Member From Class: ClassName=SOM_Console Member=R124
Removed Member From Class: ClassName=ADC Member=R125
Removed Member From Class: ClassName=FLUIDIC_CTRL Member=R126
Removed Member From Class: ClassName=SOM_Console Member=R127
Removed Member From Class: ClassName=NTC Member=R159
Removed Member From Class: ClassName=NTC Member=R160
Removed Member From Class: ClassName=NTC Member=R162
Removed Member From Class: ClassName=NTC Member=R165
Removed Member From Class: ClassName=NTC Member=R166
Removed Member From Class: ClassName=NTC Member=R168
Removed Member From Class: ClassName=NTC Member=R169
Removed Member From Class: ClassName=NTC Member=R170
Removed Member From Class: ClassName=NTC Member=R171
Removed Member From Class: ClassName=NTC Member=R173
Removed Member From Class: ClassName=NTC Member=R175
Removed Member From Class: ClassName=NTC Member=R177
Removed Member From Class: ClassName=NTC Member=R179
Removed Member From Class: ClassName=FLUIDIC_CTRL Member=R181
Removed Member From Class: ClassName=FLUIDIC_CTRL Member=R182
Removed Member From Class: ClassName=FLUIDIC_CTRL Member=R183
Removed Member From Class: ClassName=FLUIDIC_CTRL Member=R184
Removed Member From Class: ClassName=FLUIDIC_CTRL Member=R185
Removed Member From Class: ClassName=FLUIDIC_CTRL Member=R186
Removed Member From Class: ClassName=FLUIDIC_CTRL Member=R187
Removed Member From Class: ClassName=FLUIDIC_CTRL Member=R188
Removed Member From Class: ClassName=SOM_Console Member=R191
Removed Member From Class: ClassName=SOM_Console Member=R192
Removed Member From Class: ClassName=SOM_BOOT Member=R225
Removed Member From Class: ClassName=SOM_BOOT Member=R226
Removed Member From Class: ClassName=SOM_BOOT Member=R227
Removed Member From Class: ClassName=SOM_BOOT Member=R228
Removed Member From Class: ClassName=SOM_BOOT Member=R236
Removed Member From Class: ClassName=SOM_BOOT Member=R237
Removed Member From Class: ClassName=SOM_BOOT Member=R240
Removed Member From Class: ClassName=SOM_BOOT Member=R241
Removed Member From Class: ClassName=SOM_BOOT Member=R242
Removed Member From Class: ClassName=SOM_BOOT Member=R243
Removed Member From Class: ClassName=SOM_BOOT Member=R245
Removed Member From Class: ClassName=SOM_BOOT Member=R247
Removed Member From Class: ClassName=SOM_BOOT Member=R248
Removed Member From Class: ClassName=SOM_BOOT Member=R249
Removed Member From Class: ClassName=SOM_BOOT Member=R250
Removed Member From Class: ClassName=SOM_Console Member=R253
Removed Member From Class: ClassName=SOM_Console Member=R254
Removed Member From Class: ClassName=FLUIDIC_CTRL Member=R260
Removed Member From Class: ClassName=FLUIDIC_CTRL Member=R262
Removed Member From Class: ClassName=FLUIDIC_CTRL Member=R264
Removed Member From Class: ClassName=I2C_Sensor Member=R266
Removed Member From Class: ClassName=FLUIDIC_CTRL Member=R267
Removed Member From Class: ClassName=USB Member=R268
Removed Member From Class: ClassName=USB Member=R269
Removed Member From Class: ClassName=I2C_Sensor Member=R270
Removed Member From Class: ClassName=I2C_Sensor Member=R271
Removed Member From Class: ClassName=I2C_Sensor Member=R272
Removed Member From Class: ClassName=I2C_Sensor Member=R273
Removed Member From Class: ClassName=I2C_Sensor Member=R274
Removed Member From Class: ClassName=SOM_Console Member=R276
Removed Member From Class: ClassName=FLUIDIC_CTRL Member=R277
Removed Member From Class: ClassName=FLUIDIC_CTRL Member=R278
Removed Member From Class: ClassName=FLUIDIC_CTRL Member=R279
Removed Member From Class: ClassName=FLUIDIC_CTRL Member=R280
Removed Member From Class: ClassName=POWER_2 Member=R301
Removed Member From Class: ClassName=POWER_2 Member=R302
Removed Member From Class: ClassName=POWER_2 Member=R303
Removed Member From Class: ClassName=POWER_2 Member=R304
Removed Member From Class: ClassName=POWER_2 Member=R305
Removed Member From Class: ClassName=POWER_2 Member=R306
Removed Member From Class: ClassName=POWER_2 Member=R307
Removed Member From Class: ClassName=I2C_Sensor Member=R322
Removed Member From Class: ClassName=I2C_Sensor Member=R323
Removed Member From Class: ClassName=USB Member=R342
Removed Member From Class: ClassName=USB Member=R343
Removed Member From Class: ClassName=USB Member=R344
Removed Member From Class: ClassName=USB Member=R350
Removed Member From Class: ClassName=USB Member=R351
Removed Member From Class: ClassName=ADC Member=R352
Removed Member From Class: ClassName=ADC Member=R353
Removed Member From Class: ClassName=ADC Member=R354
Removed Member From Class: ClassName=ADC Member=R355
Removed Member From Class: ClassName=POWER Member=R356
Removed Member From Class: ClassName=USB Member=R357
Removed Member From Class: ClassName=USB Member=R358
Removed Member From Class: ClassName=USB Member=R359
Removed Member From Class: ClassName=NTC Member=R360
Removed Member From Class: ClassName=NTC Member=R369
Removed Member From Class: ClassName=NTC Member=R370
Removed Member From Class: ClassName=NTC Member=R371
Removed Member From Class: ClassName=NTC Member=R372
Removed Member From Class: ClassName=NTC Member=R373
Removed Member From Class: ClassName=NTC Member=R374
Removed Member From Class: ClassName=NTC Member=R375
Removed Member From Class: ClassName=NTC Member=R376
Removed Member From Class: ClassName=HEATER Member=R377
Removed Member From Class: ClassName=HEATER Member=R378
Removed Member From Class: ClassName=HEATER Member=R379
Removed Member From Class: ClassName=HEATER Member=R380
Removed Member From Class: ClassName=HEATER Member=R381
Removed Member From Class: ClassName=HEATER Member=R382
Removed Member From Class: ClassName=HEATER Member=R383
Removed Member From Class: ClassName=HEATER Member=R384
Removed Member From Class: ClassName=HEATER Member=R387
Removed Member From Class: ClassName=SOM_Console Member=R399
Removed Member From Class: ClassName=SOM_Console Member=R400
Removed Member From Class: ClassName=SOM_Console Member=R401
Removed Member From Class: ClassName=SOM_Console Member=R402
Removed Member From Class: ClassName=NTC Member=R403
Removed Member From Class: ClassName=NTC Member=R404
Removed Member From Class: ClassName=NTC Member=R405
Removed Member From Class: ClassName=SOM_Console Member=R410
Removed Member From Class: ClassName=SOM_Console Member=R411
Removed Member From Class: ClassName=SOM_Console Member=R412
Removed Member From Class: ClassName=SOM_Console Member=R413
Removed Member From Class: ClassName=SOM_Console Member=R414
Removed Member From Class: ClassName=POWER Member=U1
Removed Member From Class: ClassName=POWER Member=U2
Removed Member From Class: ClassName=POWER Member=U4
Removed Member From Class: ClassName=POWER Member=U5
Removed Member From Class: ClassName=POWER Member=U6
Removed Member From Class: ClassName=POWER Member=U7
Removed Member From Class: ClassName=POWER Member=U8
Removed Member From Class: ClassName=POWER Member=U9
Removed Member From Class: ClassName=NTC Member=U23
Removed Member From Class: ClassName=NTC Member=U24
Removed Member From Class: ClassName=NTC Member=U25
Removed Member From Class: ClassName=FLUIDIC_CTRL Member=U26
Removed Member From Class: ClassName=SOM_BOOT Member=U30
Removed Member From Class: ClassName=NTC Member=U36
Removed Member From Class: ClassName=NTC Member=U37
Removed Member From Class: ClassName=SOM_Console Member=U38
Removed Member From Class: ClassName=FLUIDIC_CTRL Member=U39
Removed Member From Class: ClassName=ADC Member=U41
Removed Member From Class: ClassName=POWER_2 Member=U42
Removed Member From Class: ClassName=FLUIDIC_CTRL Member=U43
Removed Member From Class: ClassName=ADC Member=U44
Removed Member From Class: ClassName=I2C_Sensor Member=U45
Removed Member From Class: ClassName=SOM_Console Member=U46
Removed Member From Class: ClassName=HEATER Member=U47
Removed Member From Class: ClassName=POWER_2 Member=U48
Removed Member From Class: ClassName=ADC Member=U49
Removed Member From Class: ClassName=POWER_2 Member=U50
Removed Member From Class: ClassName=FLUIDIC_CTRL Member=U52
Removed Member From Class: ClassName=SOM_Console Member=U53
Removed Member From Class: ClassName=POWER Member=VR1
Removed Member From Class: ClassName=ADC Member=Y1
Removed Member From Class: ClassName=ADC Member=Y2
Removed Member From Class: ClassName=HD Member=HD_2_P1+
Removed Member From Class: ClassName=HD Member=HD_2_P1-
Removed Member From Class: ClassName=HD Member=HD_2_P2+
Removed Member From Class: ClassName=HD Member=HD_2_P2-
Removed Member From Class: ClassName=HD Member=HD_P1+
Removed Member From Class: ClassName=HD Member=HD_P1-
Removed Member From Class: ClassName=HD Member=HD_P2+
Removed Member From Class: ClassName=HD Member=HD_P2-
Change Component Footprint: Designator=C178 Old Footprint=CAP_C_1005X60 New Footprint=CAP_C_1608X80
Change Component Footprint: Designator=C179 Old Footprint=CAP_C_1005X60 New Footprint=CAP_C_1608X80
Change Component Footprint: Designator=C180 Old Footprint=CAP_C_1005X60 New Footprint=CAP_C_1608X80
Change Component Footprint: Designator=C181 Old Footprint=CAP_C_1005X60 New Footprint=CAP_C_1608X80
Change Component Footprint: Designator=C182 Old Footprint=CAP_C_1005X60 New Footprint=CAP_C_1608X80
Change Component Footprint: Designator=C183 Old Footprint=CAP_C_1005X60 New Footprint=CAP_C_1608X80
Change Component Footprint: Designator=C184 Old Footprint=CAP_C_1005X60 New Footprint=CAP_C_1608X80
Change Component Footprint: Designator=C185 Old Footprint=CAP_C_1005X60 New Footprint=CAP_C_1608X80
Change Component Footprint: Designator=C10 Old Footprint=CAP_C_1005X60 New Footprint=CAP_C_2012X110
Change Component Footprint: Designator=C21 Old Footprint=CAP_C_1005X60 New Footprint=CAP_C_2012X110
Change Component Footprint: Designator=C22 Old Footprint=CAP_C_1005X60 New Footprint=CAP_C_2012X110
Change Component Footprint: Designator=C150 Old Footprint=CAP_C_1005X60 New Footprint=CAP_C_2012X110
Change Component Footprint: Designator=C1 Old Footprint=CAP_C_1005X60 New Footprint=CAP_C_3225X80
Change Component Footprint: Designator=C2 Old Footprint=CAP_C_1005X60 New Footprint=CAP_C_3225X80
Change Component Footprint: Designator=C8 Old Footprint=CAP_C_1005X60 New Footprint=CAP_C_3225X80
Change Component Footprint: Designator=C14 Old Footprint=CAP_C_1005X60 New Footprint=CAP_C_3225X80
Change Component Footprint: Designator=C142 Old Footprint=CAP_C_1005X60 New Footprint=CAP_C_3225X80
Change Component Footprint: Designator=C143 Old Footprint=CAP_C_1005X60 New Footprint=CAP_C_3225X80
Change Component Footprint: Designator=C148 Old Footprint=CAP_C_1005X60 New Footprint=CAP_C_3225X80
Change Component Footprint: Designator=C149 Old Footprint=CAP_C_1005X60 New Footprint=CAP_C_3225X80
Change Component Footprint: Designator=C158 Old Footprint=CAP_C_1005X60 New Footprint=CAP_C_3225X80
Change Component Footprint: Designator=C161 Old Footprint=CAP_C_1005X60 New Footprint=CAP_C_3225X80
Change Component Footprint: Designator=C162 Old Footprint=CAP_C_1005X60 New Footprint=CAP_C_3225X80
Change Component Footprint: Designator=C163 Old Footprint=CAP_C_1005X60 New Footprint=CAP_C_3225X80
Change Component Footprint: Designator=C167 Old Footprint=CAP_C_1005X60 New Footprint=CAP_C_3225X80
Change Component Footprint: Designator=C168 Old Footprint=CAP_C_1005X60 New Footprint=CAP_C_3225X80
Change Component Footprint: Designator=C172 Old Footprint=CAP_C_1005X60 New Footprint=CAP_C_3225X80
Change Component Footprint: Designator=C173 Old Footprint=CAP_C_1005X60 New Footprint=CAP_C_3225X80
Change Component Footprint: Designator=C35 Old Footprint=CAP_C_2012X110 New Footprint=CAP_C_1005X60
Change Component Footprint: Designator=C37 Old Footprint=CAP_C_2012X110 New Footprint=CAP_C_1005X60
Change Component Footprint: Designator=C38 Old Footprint=CAP_C_2012X110 New Footprint=CAP_C_1005X60
Change Component Footprint: Designator=C3 Old Footprint=CAP_C_2012X110 New Footprint=CAP_C_3225X80
Change Component Footprint: Designator=C5 Old Footprint=CAP_C_3225X80 New Footprint=CAP_C_1005X60
Change Component Footprint: Designator=C7 Old Footprint=CAP_C_3225X80 New Footprint=CAP_C_1005X60
Change Component Footprint: Designator=C13 Old Footprint=CAP_C_3225X80 New Footprint=CAP_C_1005X60
Change Component Footprint: Designator=C20 Old Footprint=CAP_C_3225X80 New Footprint=CAP_C_1005X60
Change Component Footprint: Designator=C26 Old Footprint=CAP_C_3225X80 New Footprint=CAP_C_1005X60
Change Component Footprint: Designator=C31 Old Footprint=CAP_C_3225X80 New Footprint=CAP_C_1005X60
Change Component Footprint: Designator=C36 Old Footprint=CAP_C_3225X80 New Footprint=CAP_C_1005X60
Change Component Footprint: Designator=C177 Old Footprint=CAP_C_3225X80 New Footprint=CAP_C_1608X80
Change Component Footprint: Designator=J23 Old Footprint=CONN_54202-T0802ALF New Footprint=MOLEX_0533981171
Change Component Footprint: Designator=U1 Old Footprint=DDA0008J New Footprint=VQFN-HR-10
Change Component Footprint: Designator=D6 Old Footprint=DO-214AC_SMA New Footprint=SOD3717X145N
Change Component Footprint: Designator=D7 Old Footprint=DO-214AC_SMA New Footprint=SOD3717X145N
Change Component Footprint: Designator=D8 Old Footprint=DO-214AC_SMA New Footprint=SOD3717X145N
Change Component Footprint: Designator=D10 Old Footprint=DO-214AC_SMA New Footprint=SOD3717X145N
Change Component Footprint: Designator=D3 Old Footprint=DO-214AC_SMA New Footprint=SOT95P280X145-6N
Change Component Footprint: Designator=D4 Old Footprint=DO-214AC_SMA New Footprint=SOT95P280X145-6N
Change Component Footprint: Designator=U30 Old Footprint=FP-846AP-MFG New Footprint=IC_RV-3129-C3_32.768KHZ_OPTION_A_TB_QA
Change Component Footprint: Designator=U38 Old Footprint=IC_RV-3129-C3_32.768KHZ_OPTION_A_TB_QA New Footprint=VQFN-HR-10
Change Component Footprint: Designator=L1 Old Footprint=IND730660x480 New Footprint=PSM6050
Change Component Footprint: Designator=D1 Old Footprint=LED_0603 New Footprint=DO-214AC_SMA
Change Component Footprint: Designator=J25 Old Footprint=MOLEX_0533980271 New Footprint=Header_254P_8x1
Change Component Footprint: Designator=J9 Old Footprint=MOLEX_0533980571 New Footprint=MOLEX_5040500891
Change Component Footprint: Designator=J10 Old Footprint=MOLEX_0533980571 New Footprint=MOLEX_5040500891
Change Component Footprint: Designator=J5 Old Footprint=MOLEX_0533980971 New Footprint=MOLEX_0533980571
Change Component Footprint: Designator=J7 Old Footprint=MOLEX_0533981171 New Footprint=MOLEX_5040500891
Change Component Footprint: Designator=J15 Old Footprint=MOLEX_0533981571 New Footprint=MOLEX_0533980471
Change Component Footprint: Designator=J22 Old Footprint=MOLEX_5040500491 New Footprint=MOLEX_0533980971
Change Component Footprint: Designator=J3 Old Footprint=MOLEX_5040500891 New Footprint=Header_254P_8x1
Change Component Footprint: Designator=J4 Old Footprint=MOLEX_5040500891 New Footprint=MOLEX_0533980571
Change Component Footprint: Designator=J13 Old Footprint=MOLEX_5040500891 New Footprint=MOLEX_0533980671
Change Component Footprint: Designator=J14 Old Footprint=MOLEX_5040500891 New Footprint=MOLEX_0533980671
Change Component Footprint: Designator=J2 Old Footprint=MOLEX_5040500991 New Footprint=MOLEX_5040500891
Change Component Footprint: Designator=U39 Old Footprint=MP_HIGHDRIVER New Footprint=SOIC127P599X175-8N
Change Component Footprint: Designator=U41 Old Footprint=QFN50P600X600X100-41N New Footprint=SOIC127P599X175-8N
Change Component Footprint: Designator=J11 Old Footprint=SMD_5_PIN New Footprint=MOLEX_5040500891
Change Component Footprint: Designator=J12 Old Footprint=SMD_5_PIN New Footprint=MOLEX_5040500891
Change Component Footprint: Designator=D17 Old Footprint=SOD3717X145N New Footprint=DO-214AC_SMA
Change Component Footprint: Designator=U23 Old Footprint=SOIC127P602X173-8N New Footprint=BGA_100_C_100P_10X17_1400X1800X150
Change Component Footprint: Designator=U35 Old Footprint=SOIC127P602X173-8N New Footprint=TPS5430DDAR_V3
Change Component Footprint: Designator=U24 Old Footprint=SOIC127P602X173-8N New Footprint=VQFN-HR-10
Change Component Footprint: Designator=U36 Old Footprint=SOIC127P602X173-8N New Footprint=VQFN-HR-10
Change Component Footprint: Designator=U37 Old Footprint=SOIC127P602X173-8N New Footprint=VQFN-HR-10
Change Component Footprint: Designator=U10 Old Footprint=SOP65P640X120-24N New Footprint=QFN40P400X400X80-29N
Change Component Footprint: Designator=U14 Old Footprint=SOP65P640X120-24N New Footprint=SOIC127P602X173-8N
Change Component Footprint: Designator=U34 Old Footprint=SOP65P640X120-24N New Footprint=SOT95P280X145-6N
Change Component Footprint: Designator=D14 Old Footprint=SOT95P280X145-6N New Footprint=DO-214AC_SMA
Change Component Footprint: Designator=U13 Old Footprint=TSOP8 New Footprint=SOIC127P602X173-8N
Change Component Footprint: Designator=U3 Old Footprint=VQFN-HR-10 New Footprint=AP6-00118
Change Component Footprint: Designator=U2 Old Footprint=VQFN-HR-10 New Footprint=TPS5430DDAR_V3
Change Component Comment : Designator=C157 Old Comment=0.1uF/10V New Comment=0.01uF/16V
Change Component Comment : Designator=C92 Old Comment=0.1uF/10V New Comment=1uF/20V
Change Component Comment : Designator=C159 Old Comment=0.1uF/10V New Comment=1uF/20V
Change Component Comment : Designator=C160 Old Comment=0.1uF/10V New Comment=1uF/20V
Change Component Comment : Designator=C164 Old Comment=0.1uF/10V New Comment=1uF/20V
Change Component Comment : Designator=C174 Old Comment=0.1uF/10V New Comment=1uF/20V
Change Component Comment : Designator=C178 Old Comment=0.1uF/10V New Comment=1uF/25V
Change Component Comment : Designator=C145 Old Comment=0.1uF/10V New Comment=2.2nF/10V
Change Component Comment : Designator=C165 Old Comment=0.1uF/10V New Comment=2.2nF/10V
Change Component Comment : Designator=C166 Old Comment=0.1uF/10V New Comment=2.2nF/10V
Change Component Comment : Designator=C170 Old Comment=0.1uF/10V New Comment=2.2nF/10V
Change Component Comment : Designator=C171 Old Comment=0.1uF/10V New Comment=2.2nF/10V
Change Component Comment : Designator=C176 Old Comment=0.1uF/10V New Comment=2.2nF/10V
Change Component Comment : Designator=C10 Old Comment=0.1uF/10V New Comment=10uF/20V
Change Component Comment : Designator=C150 Old Comment=0.1uF/10V New Comment=10uF/20V
Change Component Comment : Designator=C142 Old Comment=0.1uF/10V New Comment=47uF/25V
Change Component Comment : Designator=C143 Old Comment=0.1uF/10V New Comment=47uF/25V
Change Component Comment : Designator=C148 Old Comment=0.1uF/10V New Comment=47uF/25V
Change Component Comment : Designator=C149 Old Comment=0.1uF/10V New Comment=47uF/25V
Change Component Comment : Designator=C158 Old Comment=0.1uF/10V New Comment=47uF/25V
Change Component Comment : Designator=C161 Old Comment=0.1uF/10V New Comment=47uF/25V
Change Component Comment : Designator=C162 Old Comment=0.1uF/10V New Comment=47uF/25V
Change Component Comment : Designator=C163 Old Comment=0.1uF/10V New Comment=47uF/25V
Change Component Comment : Designator=C172 Old Comment=0.1uF/10V New Comment=47uF/25V
Change Component Comment : Designator=C173 Old Comment=0.1uF/10V New Comment=47uF/25V
Change Component Comment : Designator=C28 Old Comment=0.01uF/20V New Comment=0.1uF/10V
Change Component Comment : Designator=C30 Old Comment=0.01uF/20V New Comment=0.1uF/10V
Change Component Comment : Designator=C32 Old Comment=0.01uF/20V New Comment=0.1uF/10V
Change Component Comment : Designator=C4 Old Comment=0.01uF/20V New Comment=1uF/20V
Change Component Comment : Designator=C6 Old Comment=0.01uF/20V New Comment=2.2nF/10V
Change Component Comment : Designator=C1 Old Comment=0.01uF/20V New Comment=47uF/25V
Change Component Comment : Designator=R120 Old Comment=0R New Comment=10k
Change Component Comment : Designator=R240 Old Comment=0R New Comment=10k
Change Component Comment : Designator=R242 Old Comment=0R New Comment=10k
Change Component Comment : Designator=R243 Old Comment=0R New Comment=10k
Change Component Comment : Designator=R245 Old Comment=0R New Comment=10k
Change Component Comment : Designator=R73 Old Comment=0R New Comment=22R
Change Component Comment : Designator=R76 Old Comment=0R New Comment=22R
Change Component Comment : Designator=R78 Old Comment=0R New Comment=22R
Change Component Comment : Designator=R79 Old Comment=0R New Comment=22R
Change Component Comment : Designator=R81 Old Comment=0R New Comment=22R
Change Component Comment : Designator=R10 Old Comment=1.6k New Comment=3.24k
Change Component Comment : Designator=R41 Old Comment=1.6k New Comment=22R
Change Component Comment : Designator=R42 Old Comment=1.6k New Comment=22R
Change Component Comment : Designator=R52 Old Comment=1.6k New Comment=22R
Change Component Comment : Designator=R89 Old Comment=1.6k New Comment=22R
Change Component Comment : Designator=R331 Old Comment=1.6k New Comment=22R
Change Component Comment : Designator=R339 Old Comment=1.6k New Comment=22R
Change Component Comment : Designator=R308 Old Comment=1.6k New Comment=DNP/0R
Change Component Comment : Designator=R54 Old Comment=1k New Comment=22R
Change Component Comment : Designator=R55 Old Comment=1k New Comment=22R
Change Component Comment : Designator=R56 Old Comment=1k New Comment=22R
Change Component Comment : Designator=R82 Old Comment=1k New Comment=22R
Change Component Comment : Designator=R83 Old Comment=1k New Comment=22R
Change Component Comment : Designator=R225 Old Comment=1k New Comment=22R
Change Component Comment : Designator=R356 Old Comment=1k New Comment=22R
Change Component Comment : Designator=D17 Old Comment=1N4007FL New Comment=SS54
Change Component Comment : Designator=C29 Old Comment=1uF/20V New Comment=0.1uF/10V
Change Component Comment : Designator=C21 Old Comment=1uF/20V New Comment=10uF/20V
Change Component Comment : Designator=C18 Old Comment=1uF/20V New Comment=12pF/10V
Change Component Comment : Designator=C2 Old Comment=1uF/20V New Comment=47uF/25V
Change Component Comment : Designator=C15 Old Comment=2.2nF/10V New Comment=0.1uF/10V
Change Component Comment : Designator=C23 Old Comment=2.2nF/10V New Comment=0.1uF/10V
Change Component Comment : Designator=C24 Old Comment=2.2nF/10V New Comment=0.1uF/10V
Change Component Comment : Designator=C25 Old Comment=2.2nF/10V New Comment=0.1uF/10V
Change Component Comment : Designator=C33 Old Comment=2.2nF/10V New Comment=0.1uF/10V
Change Component Comment : Designator=C34 Old Comment=2.2nF/10V New Comment=0.1uF/10V
Change Component Comment : Designator=C9 Old Comment=2.2nF/10V New Comment=1uF/20V
Change Component Comment : Designator=C16 Old Comment=2.2nF/10V New Comment=4.7pF/10V
Change Component Comment : Designator=C17 Old Comment=2.2nF/10V New Comment=4.7pF/10V
Change Component Comment : Designator=C22 Old Comment=2.2nF/10V New Comment=10uF/20V
Change Component Comment : Designator=C8 Old Comment=2.2nF/10V New Comment=47uF/25V
Change Component Comment : Designator=C14 Old Comment=2.2nF/10V New Comment=47uF/25V
Change Component Comment : Designator=R8 Old Comment=3.16k/1% New Comment=2.2k
Change Component Comment : Designator=R53 Old Comment=3.16k/1% New Comment=22R
Change Component Comment : Designator=R260 Old Comment=4.7k New Comment=2.2k
Change Component Comment : Designator=R113 Old Comment=4.7k New Comment=5.62k
Change Component Comment : Designator=R121 Old Comment=4.7k New Comment=10k
Change Component Comment : Designator=R228 Old Comment=4.7k New Comment=10k
Change Component Comment : Designator=R270 Old Comment=4.7k New Comment=10k
Change Component Comment : Designator=R277 Old Comment=4.7k New Comment=10k
Change Component Comment : Designator=R278 Old Comment=4.7k New Comment=10k
Change Component Comment : Designator=R387 Old Comment=4.7k New Comment=10k
Change Component Comment : Designator=R112 Old Comment=4.7k New Comment=10M
Change Component Comment : Designator=R99 Old Comment=4.7k New Comment=22R
Change Component Comment : Designator=R100 Old Comment=4.7k New Comment=22R
Change Component Comment : Designator=R191 Old Comment=4.7k New Comment=22R
Change Component Comment : Designator=R207 Old Comment=4.7k New Comment=22R
Change Component Comment : Designator=R226 Old Comment=4.7k New Comment=22R
Change Component Comment : Designator=R227 Old Comment=4.7k New Comment=22R
Change Component Comment : Designator=R313 Old Comment=4.7k New Comment=22R
Change Component Comment : Designator=R315 Old Comment=4.7k New Comment=22R
Change Component Comment : Designator=R316 Old Comment=4.7k New Comment=22R
Change Component Comment : Designator=R361 Old Comment=4.7k New Comment=22R
Change Component Comment : Designator=R362 Old Comment=4.7k New Comment=22R
Change Component Comment : Designator=R363 Old Comment=4.7k New Comment=22R
Change Component Comment : Designator=R364 Old Comment=4.7k New Comment=22R
Change Component Comment : Designator=R414 Old Comment=4.7k New Comment=22R
Change Component Comment : Designator=R124 Old Comment=4.7k New Comment=DNP/0R
Change Component Comment : Designator=R266 Old Comment=4.7k New Comment=DNP/10k
Change Component Comment : Designator=R256 Old Comment=10k New Comment=2.2k
Change Component Comment : Designator=R404 Old Comment=10k New Comment=4.7k
Change Component Comment : Designator=R405 Old Comment=10k New Comment=4.7k
Change Component Comment : Designator=R409 Old Comment=10k New Comment=4.7k
Change Component Comment : Designator=R22 Old Comment=10k New Comment=22R
Change Component Comment : Designator=R24 Old Comment=10k New Comment=22R
Change Component Comment : Designator=R32 Old Comment=10k New Comment=22R
Change Component Comment : Designator=R40 Old Comment=10k New Comment=22R
Change Component Comment : Designator=R48 Old Comment=10k New Comment=22R
Change Component Comment : Designator=R50 Old Comment=10k New Comment=22R
Change Component Comment : Designator=R80 Old Comment=10k New Comment=22R
Change Component Comment : Designator=R84 Old Comment=10k New Comment=22R
Change Component Comment : Designator=R85 Old Comment=10k New Comment=22R
Change Component Comment : Designator=R87 Old Comment=10k New Comment=22R
Change Component Comment : Designator=R88 Old Comment=10k New Comment=22R
Change Component Comment : Designator=R108 Old Comment=10k New Comment=22R
Change Component Comment : Designator=R174 Old Comment=10k New Comment=22R
Change Component Comment : Designator=R180 Old Comment=10k New Comment=22R
Change Component Comment : Designator=R192 Old Comment=10k New Comment=22R
Change Component Comment : Designator=R255 Old Comment=10k New Comment=22R
Change Component Comment : Designator=R283 Old Comment=10k New Comment=22R
Change Component Comment : Designator=R284 Old Comment=10k New Comment=22R
Change Component Comment : Designator=R285 Old Comment=10k New Comment=22R
Change Component Comment : Designator=R289 Old Comment=10k New Comment=22R
Change Component Comment : Designator=R307 Old Comment=10k New Comment=22R
Change Component Comment : Designator=R314 Old Comment=10k New Comment=22R
Change Component Comment : Designator=R317 Old Comment=10k New Comment=22R
Change Component Comment : Designator=R320 Old Comment=10k New Comment=22R
Change Component Comment : Designator=R321 Old Comment=10k New Comment=22R
Change Component Comment : Designator=R330 Old Comment=10k New Comment=22R
Change Component Comment : Designator=R338 Old Comment=10k New Comment=22R
Change Component Comment : Designator=R340 Old Comment=10k New Comment=22R
Change Component Comment : Designator=R341 Old Comment=10k New Comment=22R
Change Component Comment : Designator=R342 Old Comment=10k New Comment=22R
Change Component Comment : Designator=R344 Old Comment=10k New Comment=22R
Change Component Comment : Designator=R351 Old Comment=10k New Comment=22R
Change Component Comment : Designator=R352 Old Comment=10k New Comment=22R
Change Component Comment : Designator=R353 Old Comment=10k New Comment=22R
Change Component Comment : Designator=R354 Old Comment=10k New Comment=22R
Change Component Comment : Designator=R355 Old Comment=10k New Comment=22R
Change Component Comment : Designator=R358 Old Comment=10k New Comment=22R
Change Component Comment : Designator=R359 Old Comment=10k New Comment=22R
Change Component Comment : Designator=R365 Old Comment=10k New Comment=22R
Change Component Comment : Designator=R366 Old Comment=10k New Comment=22R
Change Component Comment : Designator=R367 Old Comment=10k New Comment=22R
Change Component Comment : Designator=R368 Old Comment=10k New Comment=22R
Change Component Comment : Designator=R380 Old Comment=10k New Comment=22R
Change Component Comment : Designator=R383 Old Comment=10k New Comment=22R
Change Component Comment : Designator=R384 Old Comment=10k New Comment=22R
Change Component Comment : Designator=R2 Old Comment=10k New Comment=47k
Change Component Comment : Designator=R122 Old Comment=10k New Comment=100R
Change Component Comment : Designator=R399 Old Comment=10k New Comment=DNP/10k
Change Component Comment : Designator=R86 Old Comment=10k New Comment=DNP/22R
Change Component Comment : Designator=R379 Old Comment=10k New Comment=DNP/100k
Change Component Comment : Designator=R51 Old Comment=10k/1% New Comment=22R
Change Component Comment : Designator=R3 Old Comment=10k/1% New Comment=47k
Change Component Comment : Designator=C35 Old Comment=10uF/20V New Comment=0.1uF/10V
Change Component Comment : Designator=C37 Old Comment=10uF/20V New Comment=0.1uF/10V
Change Component Comment : Designator=C38 Old Comment=10uF/20V New Comment=0.1uF/10V
Change Component Comment : Designator=C3 Old Comment=10uF/20V New Comment=47uF/25V
Change Component Comment : Designator=R6 Old Comment=11k New Comment=1.6k
Change Component Comment : Designator=R402 Old Comment=16.5k/1% New Comment=4.7k
Change Component Comment : Designator=R401 Old Comment=16.5k/1% New Comment=DNP/10k
Change Component Comment : Designator=C181 Old Comment=20pF/10V New Comment=1uF/25V
Change Component Comment : Designator=C184 Old Comment=20pF/10V New Comment=1uF/25V
Change Component Comment : Designator=C182 Old Comment=20pF/10V New Comment=4.7nF/16V
Change Component Comment : Designator=C185 Old Comment=20pF/10V New Comment=4.7nF/16V
Change Component Comment : Designator=R66 Old Comment=22R New Comment=0R
Change Component Comment : Designator=R259 Old Comment=22R New Comment=1.6k
Change Component Comment : Designator=R403 Old Comment=22R New Comment=4.7k
Change Component Comment : Designator=R64 Old Comment=22R New Comment=10k
Change Component Comment : Designator=R159 Old Comment=22R New Comment=10k
Change Component Comment : Designator=R160 Old Comment=22R New Comment=10k
Change Component Comment : Designator=R166 Old Comment=22R New Comment=10k
Change Component Comment : Designator=R176 Old Comment=22R New Comment=10k
Change Component Comment : Designator=R193 Old Comment=22R New Comment=10k
Change Component Comment : Designator=R194 Old Comment=22R New Comment=10k
Change Component Comment : Designator=R261 Old Comment=22R New Comment=10k
Change Component Comment : Designator=R262 Old Comment=22R New Comment=10k
Change Component Comment : Designator=R264 Old Comment=22R New Comment=10k
Change Component Comment : Designator=R265 Old Comment=22R New Comment=10k
Change Component Comment : Designator=R271 Old Comment=22R New Comment=10k
Change Component Comment : Designator=R273 Old Comment=22R New Comment=10k
Change Component Comment : Designator=R279 Old Comment=22R New Comment=10k
Change Component Comment : Designator=R280 Old Comment=22R New Comment=10k
Change Component Comment : Designator=R295 Old Comment=22R New Comment=10k
Change Component Comment : Designator=R296 Old Comment=22R New Comment=10k
Change Component Comment : Designator=R322 Old Comment=22R New Comment=10k
Change Component Comment : Designator=R253 Old Comment=22R New Comment=47k
Change Component Comment : Designator=R254 Old Comment=22R New Comment=47k
Change Component Comment : Designator=R258 Old Comment=22R New Comment=133k
Change Component Comment : Designator=R123 Old Comment=22R New Comment=DNP/0R
Change Component Comment : Designator=R263 Old Comment=22R New Comment=DNP/10k
Change Component Comment : Designator=R272 Old Comment=22R New Comment=DNP/10k
Change Component Comment : Designator=R400 Old Comment=22R New Comment=DNP/10k
Change Component Comment : Designator=L1 Old Comment=22uH/3A New Comment=SRP7050TA-220M
Change Component Comment : Designator=R4 Old Comment=47k New Comment=10k
Change Component Comment : Designator=R7 Old Comment=47k New Comment=10k
Change Component Comment : Designator=R13 Old Comment=47k New Comment=22R
Change Component Comment : Designator=R16 Old Comment=47k New Comment=22R
Change Component Comment : Designator=R17 Old Comment=47k New Comment=22R
Change Component Comment : Designator=R23 Old Comment=47k New Comment=22R
Change Component Comment : Designator=R29 Old Comment=47k New Comment=22R
Change Component Comment : Designator=R30 Old Comment=47k New Comment=22R
Change Component Comment : Designator=R35 Old Comment=47k New Comment=22R
Change Component Comment : Designator=R36 Old Comment=47k New Comment=22R
Change Component Comment : Designator=R39 Old Comment=47k New Comment=22R
Change Component Comment : Designator=R45 Old Comment=47k New Comment=22R
Change Component Comment : Designator=R46 Old Comment=47k New Comment=22R
Change Component Comment : Designator=R302 Old Comment=47k New Comment=22R
Change Component Comment : Designator=R303 Old Comment=47k New Comment=22R
Change Component Comment : Designator=R325 Old Comment=47k New Comment=22R
Change Component Comment : Designator=R326 Old Comment=47k New Comment=22R
Change Component Comment : Designator=R329 Old Comment=47k New Comment=22R
Change Component Comment : Designator=R333 Old Comment=47k New Comment=22R
Change Component Comment : Designator=R334 Old Comment=47k New Comment=22R
Change Component Comment : Designator=R337 Old Comment=47k New Comment=22R
Change Component Comment : Designator=R96 Old Comment=60.4R New Comment=22R
Change Component Comment : Designator=R98 Old Comment=60.4R New Comment=22R
Change Component Comment : Designator=R343 Old Comment=100R New Comment=22R
Change Component Comment : Designator=R350 Old Comment=100R New Comment=22R
Change Component Comment : Designator=R357 Old Comment=100R New Comment=22R
Change Component Comment : Designator=R269 Old Comment=100R New Comment=DNP/10k
Change Component Comment : Designator=C26 Old Comment=100uF/20V New Comment=0.1uF/10V
Change Component Comment : Designator=C31 Old Comment=100uF/20V New Comment=0.1uF/10V
Change Component Comment : Designator=C36 Old Comment=100uF/20V New Comment=0.1uF/10V
Change Component Comment : Designator=C7 Old Comment=100uF/20V New Comment=0.01uF/16V
Change Component Comment : Designator=C177 Old Comment=100uF/20V New Comment=0.1uF/16V
Change Component Comment : Designator=C13 Old Comment=100uF/20V New Comment=1uF/20V
Change Component Comment : Designator=C5 Old Comment=100uF/20V New Comment=2.2nF/10V
Change Component Comment : Designator=C20 Old Comment=100uF/20V New Comment=12pF/10V
Change Component Comment : Designator=C11 Old Comment=100uF/20V New Comment=47uF/25V
Change Component Comment : Designator=C12 Old Comment=100uF/20V New Comment=47uF/25V
Change Component Comment : Designator=R377 Old Comment=120R New Comment=22R
Change Component Comment : Designator=R378 Old Comment=120R New Comment=22R
Change Component Comment : Designator=R381 Old Comment=120R New Comment=22R
Change Component Comment : Designator=R382 Old Comment=120R New Comment=22R
Change Component Comment : Designator=R20 Old Comment=133k New Comment=22R
Change Component Comment : Designator=R34 Old Comment=133k New Comment=22R
Change Component Comment : Designator=R49 Old Comment=133k New Comment=22R
Change Component Comment : Designator=R306 Old Comment=133k New Comment=22R
Change Component Comment : Designator=C19 Old Comment=150p/10V New Comment=12pF/10V
Change Component Comment : Designator=C87 Old Comment=150pF/10V New Comment=0.1uF/10V
Change Component Comment : Designator=C93 Old Comment=150pF/10V New Comment=0.1uF/10V
Change Component Comment : Designator=C180 Old Comment=150pF/10V New Comment=0.1uF/16V
Change Component Comment : Designator=C183 Old Comment=150pF/10V New Comment=0.1uF/16V
Change Component Comment : Designator=C89 Old Comment=150pF/10V New Comment=1uF/20V
Change Component Comment : Designator=C169 Old Comment=150pF/10V New Comment=1uF/20V
Change Component Comment : Designator=C175 Old Comment=150pF/10V New Comment=2.2nF/10V
Change Component Comment : Designator=C179 Old Comment=150pF/10V New Comment=4.7nF/16V
Change Component Comment : Designator=C167 Old Comment=150pF/10V New Comment=47uF/25V
Change Component Comment : Designator=C168 Old Comment=150pF/10V New Comment=47uF/25V
Change Component Comment : Designator=R11 Old Comment=470k New Comment=22R
Change Component Comment : Designator=R14 Old Comment=470k New Comment=22R
Change Component Comment : Designator=R28 Old Comment=470k New Comment=22R
Change Component Comment : Designator=R33 Old Comment=470k New Comment=22R
Change Component Comment : Designator=R44 Old Comment=470k New Comment=22R
Change Component Comment : Designator=R301 Old Comment=470k New Comment=22R
Change Component Comment : Designator=R324 Old Comment=470k New Comment=22R
Change Component Comment : Designator=R332 Old Comment=470k New Comment=22R
Change Component Comment : Designator=J25 Old Comment=0533980271 New Comment=Header 8x1
Change Component Comment : Designator=J9 Old Comment=0533980571 New Comment=5040500891
Change Component Comment : Designator=J10 Old Comment=0533980571 New Comment=5040500891
Change Component Comment : Designator=J5 Old Comment=0533980971 New Comment=0533980571
Change Component Comment : Designator=J7 Old Comment=0533981171 New Comment=5040500891
Change Component Comment : Designator=J15 Old Comment=0533981571 New Comment=0533980471
Change Component Comment : Designator=J22 Old Comment=5040500491 New Comment=0533980971
Change Component Comment : Designator=J4 Old Comment=5040500891 New Comment=0533980571
Change Component Comment : Designator=J13 Old Comment=5040500891 New Comment=0533980671
Change Component Comment : Designator=J14 Old Comment=5040500891 New Comment=0533980671
Change Component Comment : Designator=J3 Old Comment=5040500891 New Comment=Header 8x1
Change Component Comment : Designator=J2 Old Comment=5040500991 New Comment=5040500891
Change Component Comment : Designator=J11 Old Comment=DNP New Comment=5040500891
Change Component Comment : Designator=J12 Old Comment=DNP New Comment=5040500891
Change Component Comment : Designator=JP4 Old Comment=DNP/0R New Comment=0R
Change Component Comment : Designator=R408 Old Comment=DNP/0R New Comment=1k
Change Component Comment : Designator=R241 Old Comment=DNP/0R New Comment=10k
Change Component Comment : Designator=R276 Old Comment=DNP/0R New Comment=10k
Change Component Comment : Designator=R77 Old Comment=DNP/0R New Comment=22R
Change Component Comment : Designator=R110 Old Comment=DNP/0R New Comment=22R
Change Component Comment : Designator=R412 Old Comment=DNP/4.7k New Comment=4.7k
Change Component Comment : Designator=R182 Old Comment=DNP/4.7k New Comment=10k
Change Component Comment : Designator=R187 Old Comment=DNP/4.7k New Comment=10k
Change Component Comment : Designator=R188 Old Comment=DNP/4.7k New Comment=10k
Change Component Comment : Designator=R413 Old Comment=DNP/4.7k New Comment=10k
Change Component Comment : Designator=R101 Old Comment=DNP/4.7k New Comment=22R
Change Component Comment : Designator=R102 Old Comment=DNP/4.7k New Comment=22R
Change Component Comment : Designator=R183 Old Comment=DNP/4.7k New Comment=22R
Change Component Comment : Designator=R184 Old Comment=DNP/4.7k New Comment=22R
Change Component Comment : Designator=R185 Old Comment=DNP/4.7k New Comment=22R
Change Component Comment : Designator=R186 Old Comment=DNP/4.7k New Comment=22R
Change Component Comment : Designator=R19 Old Comment=DNP/10k New Comment=22R
Change Component Comment : Designator=R21 Old Comment=DNP/10k New Comment=22R
Change Component Comment : Designator=R27 Old Comment=DNP/10k New Comment=22R
Change Component Comment : Designator=R38 Old Comment=DNP/10k New Comment=22R
Change Component Comment : Designator=R43 Old Comment=DNP/10k New Comment=22R
Change Component Comment : Designator=R305 Old Comment=DNP/10k New Comment=22R
Change Component Comment : Designator=R328 Old Comment=DNP/10k New Comment=22R
Change Component Comment : Designator=R336 Old Comment=DNP/10k New Comment=22R
Change Component Comment : Designator=R257 Old Comment=DNP/22R New Comment=10k
Change Component Comment : Designator=R297 Old Comment=DNP/22R New Comment=10k
Change Component Comment : Designator=R298 Old Comment=DNP/22R New Comment=10k
Change Component Comment : Designator=U30 Old Comment=FSUSB42MUX New Comment=RV-3129-C3-32.768KHZ-OPTION-A-TB-QA
Change Component Comment : Designator=J23 Old Comment=Header 2x2 New Comment=0533981171
Change Component Comment : Designator=U41 Old Comment=IC_ADC_AD4114BCPZ New Comment=SN65HVD230DR
Change Component Comment : Designator=D1 Old Comment=LED_SMD New Comment=SS54
Change Component Comment : Designator=U39 Old Comment=mp-HighDriver New Comment=SN65HVD230DR
Change Comment: Unknown Component : U26
Change Component Comment : Designator=U23 Old Comment=OPA2340UA New Comment=MTFC32GAZAQDW-AAT
Change Comment: Unknown Component : U25
Change Component Comment : Designator=U24 Old Comment=OPA2340UA New Comment=TPS259470ARPWR
Change Component Comment : Designator=U36 Old Comment=OPA2340UA New Comment=TPS259470ARPWR
Change Component Comment : Designator=U37 Old Comment=OPA2340UA New Comment=TPS259470ARPWR
Change Component Comment : Designator=U13 Old Comment=PCA9508DP,118 New Comment=OPA2340UA
Change Component Comment : Designator=U38 Old Comment=RV-3129-C3-32.768KHZ-OPTION-A-TB-QA New Comment=TPS259470ARPWR
Change Component Comment : Designator=U12 Old Comment=SN65HVD230DR New Comment=OPA2340UA
Change Component Comment : Designator=U35 Old Comment=SN65HVD230DR New Comment=TPS5430DDAR
Change Component Comment : Designator=U10 Old Comment=SN74AXCH8T245PWR New Comment=IC_SW_MAX14662ETI+T
Change Component Comment : Designator=U14 Old Comment=SN74AXCH8T245PWR New Comment=OPA2340UA
Change Component Comment : Designator=U34 Old Comment=SN74AXCH8T245PWR New Comment=TPL5010QDDCTQ1
Change Component Comment : Designator=D6 Old Comment=SS54 New Comment=1N4007FL
Change Component Comment : Designator=D7 Old Comment=SS54 New Comment=1N4007FL
Change Component Comment : Designator=D8 Old Comment=SS54 New Comment=1N4007FL
Change Component Comment : Designator=D10 Old Comment=SS54 New Comment=1N4007FL
Change Component Comment : Designator=D3 Old Comment=SS54 New Comment=USBLC6-2SC6
Change Component Comment : Designator=D4 Old Comment=SS54 New Comment=USBLC6-2SC6
Change Component Comment : Designator=U1 Old Comment=TPS5450DDAR New Comment=TPS259470ARPWR
Change Component Comment : Designator=U3 Old Comment=TPS259470ARPWR New Comment=SAMV71Q21B
Change Component Comment : Designator=U2 Old Comment=TPS259470ARPWR New Comment=TPS5430DDAR
Change Component Comment : Designator=D14 Old Comment=USBLC6-2SC6 New Comment=SS54
Change Component Designator: OldDesignator=C81 NewDesignator=C41
Change Component Designator: OldDesignator=C82 NewDesignator=C40
Change Component Designator: OldDesignator=C91 NewDesignator=C42
Change Component Designator: OldDesignator=C94 NewDesignator=C43
Change Component Designator: OldDesignator=C95 NewDesignator=C44
Change Component Designator: OldDesignator=C96 NewDesignator=C45
Change Component Designator: OldDesignator=C97 NewDesignator=C46
Change Component Designator: OldDesignator=C98 NewDesignator=C47
Change Component Designator: OldDesignator=C99 NewDesignator=C48
Change Component Designator: OldDesignator=C100 NewDesignator=C49
Change Component Designator: OldDesignator=C101 NewDesignator=C50
Change Component Designator: OldDesignator=C102 NewDesignator=C51
Change Component Designator: OldDesignator=C103 NewDesignator=C52
Change Component Designator: OldDesignator=C104 NewDesignator=C53
Change Component Designator: OldDesignator=C105 NewDesignator=C54
Change Component Designator: OldDesignator=C106 NewDesignator=C55
Change Component Designator: OldDesignator=C107 NewDesignator=C56
Change Component Designator: OldDesignator=C108 NewDesignator=C57
Change Component Designator: OldDesignator=C109 NewDesignator=C58
Change Component Designator: OldDesignator=C110 NewDesignator=C59
Change Component Designator: OldDesignator=C111 NewDesignator=C60
Change Component Designator: OldDesignator=C112 NewDesignator=C61
Change Component Designator: OldDesignator=C113 NewDesignator=C62
Change Component Designator: OldDesignator=C114 NewDesignator=C63
Change Component Designator: OldDesignator=C115 NewDesignator=C64
Change Component Designator: OldDesignator=C116 NewDesignator=C65
Change Component Designator: OldDesignator=C117 NewDesignator=C66
Change Component Designator: OldDesignator=C118 NewDesignator=C67
Change Component Designator: OldDesignator=C119 NewDesignator=C68
Change Component Designator: OldDesignator=C120 NewDesignator=C69
Change Component Designator: OldDesignator=C121 NewDesignator=C70
Change Component Designator: OldDesignator=C122 NewDesignator=C71
Change Component Designator: OldDesignator=C123 NewDesignator=C72
Change Component Designator: OldDesignator=C124 NewDesignator=C73
Change Component Designator: OldDesignator=C125 NewDesignator=C74
Change Component Designator: OldDesignator=C126 NewDesignator=C75
Change Component Designator: OldDesignator=C127 NewDesignator=C76
Change Component Designator: OldDesignator=C128 NewDesignator=C77
Change Component Designator: OldDesignator=C129 NewDesignator=C78
Change Component Designator: OldDesignator=C130 NewDesignator=C79
Change Component Designator: OldDesignator=C131 NewDesignator=C80
Change Component Designator: OldDesignator=C132 NewDesignator=C81
Change Component Designator: OldDesignator=C133 NewDesignator=C82
Change Component Designator: OldDesignator=C134 NewDesignator=C83
Change Component Designator: OldDesignator=C135 NewDesignator=C84
Change Component Designator: OldDesignator=C136 NewDesignator=C85
Change Component Designator: OldDesignator=C137 NewDesignator=C86
Change Component Designator: OldDesignator=C138 NewDesignator=C88
Change Component Designator: OldDesignator=C141 NewDesignator=C90
Change Component Designator: OldDesignator=C144 NewDesignator=C96
Change Component Designator: OldDesignator=C146 NewDesignator=C91
Change Component Designator: OldDesignator=C147 NewDesignator=C94
Change Component Designator: OldDesignator=C154 NewDesignator=C97
Change Component Designator: OldDesignator=C155 NewDesignator=C98
Change Component Designator: OldDesignator=C187 NewDesignator=C121
Change Component Designator: OldDesignator=C188 NewDesignator=C122
Change Component Designator: OldDesignator=C191 NewDesignator=C119
Change Component Designator: OldDesignator=C192 NewDesignator=C124
Change Component Designator: OldDesignator=C193 NewDesignator=C125
Change Component Designator: OldDesignator=C194 NewDesignator=C126
Change Component Designator: OldDesignator=C195 NewDesignator=C127
Change Component Designator: OldDesignator=C220 NewDesignator=C115
Change Component Designator: OldDesignator=C221 NewDesignator=C116
Change Component Designator: OldDesignator=C222 NewDesignator=C117
Change Component Designator: OldDesignator=C223 NewDesignator=C118
Change Component Designator: OldDesignator=C227 NewDesignator=C120
Change Component Designator: OldDesignator=C267 NewDesignator=C141
Change Component Designator: OldDesignator=C278 NewDesignator=C140
Change Component Designator: OldDesignator=D32 NewDesignator=D5
Change Component Designator: OldDesignator=D33 NewDesignator=D11
Change Component Designator: OldDesignator=D34 NewDesignator=D12
Change Component Designator: OldDesignator=D35 NewDesignator=D9
Change Component Designator: OldDesignator=H1 NewDesignator=H3
Change Component Designator: OldDesignator=H2 NewDesignator=H4
Change Component Designator: OldDesignator=H3 NewDesignator=H7
Change Component Designator: OldDesignator=H4 NewDesignator=H8
Change Component Designator: OldDesignator=H5 NewDesignator=H1
Change Component Designator: OldDesignator=H6 NewDesignator=H2
Change Component Designator: OldDesignator=H7 NewDesignator=H5
Change Component Designator: OldDesignator=H8 NewDesignator=H6
Change Component Designator: OldDesignator=H11 NewDesignator=H9
Change Component Designator: OldDesignator=H12 NewDesignator=H10
Change Component Designator: OldDesignator=H13 NewDesignator=H11
Change Component Designator: OldDesignator=H14 NewDesignator=H12
Change Component Designator: OldDesignator=H15 NewDesignator=H13
Change Component Designator: OldDesignator=J18 NewDesignator=J16
Change Component Designator: OldDesignator=J19 NewDesignator=J18
Change Component Designator: OldDesignator=J21 NewDesignator=J17
Change Component Designator: OldDesignator=J24 NewDesignator=J19
Change Component Designator: OldDesignator=JP10 NewDesignator=JP2
Change Component Designator: OldDesignator=L3 NewDesignator=L2
Change Component Designator: OldDesignator=L4 NewDesignator=L3
Change Component Designator: OldDesignator=L5 NewDesignator=L4
Change Component Designator: OldDesignator=L6 NewDesignator=L5
Change Component Designator: OldDesignator=Q1 NewDesignator=Q3
Change Component Designator: OldDesignator=Q2 NewDesignator=Q9
Change Component Designator: OldDesignator=Q3 NewDesignator=Q7
Change Component Designator: OldDesignator=Q4 NewDesignator=Q10
Change Component Designator: OldDesignator=R72 NewDesignator=R248
Change Component Designator: OldDesignator=R91 NewDesignator=R249
Change Component Designator: OldDesignator=R92 NewDesignator=R250
Change Component Designator: OldDesignator=R115 NewDesignator=R118
Change Component Designator: OldDesignator=R116 NewDesignator=R119
Change Component Designator: OldDesignator=R117 NewDesignator=R125
Change Component Designator: OldDesignator=R118 NewDesignator=R126
Change Component Designator: OldDesignator=R128 NewDesignator=R247
Change Component Designator: OldDesignator=R129 NewDesignator=R127
Change Component Designator: OldDesignator=R130 NewDesignator=R128
Change Component Designator: OldDesignator=R131 NewDesignator=R129
Change Component Designator: OldDesignator=R132 NewDesignator=R130
Change Component Designator: OldDesignator=R133 NewDesignator=R131
Change Component Designator: OldDesignator=R134 NewDesignator=R132
Change Component Designator: OldDesignator=R135 NewDesignator=R133
Change Component Designator: OldDesignator=R136 NewDesignator=R134
Change Component Designator: OldDesignator=R137 NewDesignator=R135
Change Component Designator: OldDesignator=R138 NewDesignator=R136
Change Component Designator: OldDesignator=R139 NewDesignator=R137
Change Component Designator: OldDesignator=R140 NewDesignator=R138
Change Component Designator: OldDesignator=R141 NewDesignator=R139
Change Component Designator: OldDesignator=R142 NewDesignator=R140
Change Component Designator: OldDesignator=R143 NewDesignator=R141
Change Component Designator: OldDesignator=R144 NewDesignator=R142
Change Component Designator: OldDesignator=R145 NewDesignator=R143
Change Component Designator: OldDesignator=R146 NewDesignator=R144
Change Component Designator: OldDesignator=R147 NewDesignator=R145
Change Component Designator: OldDesignator=R148 NewDesignator=R146
Change Component Designator: OldDesignator=R149 NewDesignator=R155
Change Component Designator: OldDesignator=R150 NewDesignator=R167
Change Component Designator: OldDesignator=R151 NewDesignator=R158
Change Component Designator: OldDesignator=R152 NewDesignator=R168
Change Component Designator: OldDesignator=R153 NewDesignator=R162
Change Component Designator: OldDesignator=R154 NewDesignator=R169
Change Component Designator: OldDesignator=R155 NewDesignator=R165
Change Component Designator: OldDesignator=R156 NewDesignator=R170
Change Component Designator: OldDesignator=R157 NewDesignator=R171
Change Component Designator: OldDesignator=R158 NewDesignator=R173
Change Component Designator: OldDesignator=R161 NewDesignator=R175
Change Component Designator: OldDesignator=R163 NewDesignator=R177
Change Component Designator: OldDesignator=R164 NewDesignator=R179
Change Component Designator: OldDesignator=R167 NewDesignator=R181
Change Component Designator: OldDesignator=R213 NewDesignator=R208
Change Component Designator: OldDesignator=R214 NewDesignator=R209
Change Component Designator: OldDesignator=R215 NewDesignator=R210
Change Component Designator: OldDesignator=R216 NewDesignator=R211
Change Component Designator: OldDesignator=R217 NewDesignator=R212
Change Component Designator: OldDesignator=R218 NewDesignator=R213
Change Component Designator: OldDesignator=R219 NewDesignator=R214
Change Component Designator: OldDesignator=R220 NewDesignator=R215
Change Component Designator: OldDesignator=R221 NewDesignator=R216
Change Component Designator: OldDesignator=R222 NewDesignator=R218
Change Component Designator: OldDesignator=R223 NewDesignator=R219
Change Component Designator: OldDesignator=R224 NewDesignator=R220
Change Component Designator: OldDesignator=R232 NewDesignator=R230
Change Component Designator: OldDesignator=R233 NewDesignator=R231
Change Component Designator: OldDesignator=R234 NewDesignator=R232
Change Component Designator: OldDesignator=R235 NewDesignator=R233
Change Component Designator: OldDesignator=R236 NewDesignator=R234
Change Component Designator: OldDesignator=R237 NewDesignator=R235
Change Component Designator: OldDesignator=R248 NewDesignator=R229
Change Component Designator: OldDesignator=R388 NewDesignator=R196
Change Component Designator: OldDesignator=R389 NewDesignator=R197
Change Component Designator: OldDesignator=R390 NewDesignator=R198
Change Component Designator: OldDesignator=R391 NewDesignator=R199
Change Component Designator: OldDesignator=R392 NewDesignator=R200
Change Component Designator: OldDesignator=R393 NewDesignator=R201
Change Component Designator: OldDesignator=R394 NewDesignator=R202
Change Component Designator: OldDesignator=R395 NewDesignator=R203
Change Component Designator: OldDesignator=R396 NewDesignator=R204
Change Component Designator: OldDesignator=R397 NewDesignator=R205
Change Component Designator: OldDesignator=R398 NewDesignator=R206
Change Component Designator: OldDesignator=U15 NewDesignator=U5
Change Component Designator: OldDesignator=U18 NewDesignator=U6
Change Component Designator: OldDesignator=U19 NewDesignator=U7
Change Component Designator: OldDesignator=U20 NewDesignator=U8
Change Component Designator: OldDesignator=U21 NewDesignator=U9
Change Component Designator: OldDesignator=U22 NewDesignator=U11
Change Component Designator: OldDesignator=U27 NewDesignator=U4
Change Component Designator: OldDesignator=U28 NewDesignator=U18
Change Component Designator: OldDesignator=U29 NewDesignator=U19
Change Component Designator: OldDesignator=U32 NewDesignator=U21
Change Component Designator: OldDesignator=U33 NewDesignator=U22
Change Component Designator: OldDesignator=U51 NewDesignator=U16
Change Component Designator: OldDesignator=U52 NewDesignator=U17
Change Managed Component Library Link : Designator=U30 Old VaultGUID=B7D15EC3-160A-466F-A46C-7801FE6295A7 New VaultGUID= Old ItemGUID=9392042C-1F34-4DAF-8C70-2A6AE9ABA25F New ItemGUID= Old RevisionGUID=67DBE7E9-0F7E-472B-84BC-2073AB88DF62 New RevisionGUID=
Change component parameters: Designator = "C177" ("C177"); Footprint = "CAP_C_3225X80"; UniqueID = "\ADKALAMK" ("\ADKALAMK")
Change component parameters (AddParameter): Name = "Value"; Value = "33pF"; VariantName = "[No Variations]"
Change component parameters: Designator = "C178" ("C178"); Footprint = "CAP_C_1005X60"; UniqueID = "\AGEGAJLS" ("\AGEGAJLS")
Change component parameters (AddParameter): Name = "Value"; Value = "33pF"; VariantName = "[No Variations]"
Change component parameters: Designator = "C179" ("C179"); Footprint = "CAP_C_1005X60"; UniqueID = "\WLZVWISU" ("\WLZVWISU")
Change component parameters (AddParameter): Name = "Value"; Value = "33pF"; VariantName = "[No Variations]"
Change component parameters: Designator = "C180" ("C180"); Footprint = "CAP_C_1005X60"; UniqueID = "\KZZCMPAS" ("\KZZCMPAS")
Change component parameters (AddParameter): Name = "Value"; Value = "33pF"; VariantName = "[No Variations]"
Change component parameters: Designator = "C181" ("C181"); Footprint = "CAP_C_1005X60"; UniqueID = "\TDHVCFLM" ("\TDHVCFLM")
Change component parameters (AddParameter): Name = "Value"; Value = "33pF"; VariantName = "[No Variations]"
Change component parameters: Designator = "C182" ("C182"); Footprint = "CAP_C_1005X60"; UniqueID = "\IEWBFSNS" ("\IEWBFSNS")
Change component parameters (AddParameter): Name = "Value"; Value = "33pF"; VariantName = "[No Variations]"
Change component parameters: Designator = "C183" ("C183"); Footprint = "CAP_C_1005X60"; UniqueID = "\XNXWAJOT" ("\XNXWAJOT")
Change component parameters (AddParameter): Name = "Value"; Value = "33pF"; VariantName = "[No Variations]"
Change component parameters: Designator = "C184" ("C184"); Footprint = "CAP_C_1005X60"; UniqueID = "\OVIBMAKK" ("\OVIBMAKK")
Change component parameters (AddParameter): Name = "Value"; Value = "33pF"; VariantName = "[No Variations]"
Change component parameters: Designator = "C185" ("C185"); Footprint = "CAP_C_1005X60"; UniqueID = "\LOMMERCE" ("\LOMMERCE")
Change component parameters (AddParameter): Name = "Value"; Value = "33pF"; VariantName = "[No Variations]"
Change component parameters: Designator = "D3" ("D3"); Footprint = "DO-214AC_SMA"; UniqueID = "\ETVEZDYM" ("\ETVEZDYM")
Change component parameters (AddParameter): Name = "Availability"; Value = "In Stock"; VariantName = "[No Variations]"
Change component parameters (AddParameter): Name = "Check_prices"; Value = "https://www.snapeda.com/parts/USBLC6-2SC6/STMicroelectronics/view-part/?ref=eda"; VariantName = "[No Variations]"
Change component parameters (AddParameter): Name = "MF"; Value = "STMicroelectronics"; VariantName = "[No Variations]"
Change component parameters (AddParameter): Name = "MP"; Value = "USBLC6-2SC6"; VariantName = "[No Variations]"
Change component parameters (AddParameter): Name = "Package"; Value = "SOT-23-6 STMicroelectronics"; VariantName = "[No Variations]"
Change component parameters (AddParameter): Name = "Price"; Value = "None"; VariantName = "[No Variations]"
Change component parameters (AddParameter): Name = "Purchase-URL"; Value = "https://pricing.snapeda.com/search/part/USBLC6-2SC6/?ref=eda"; VariantName = "[No Variations]"
Change component parameters (AddParameter): Name = "SnapEDA_Link"; Value = "https://www.snapeda.com/parts/USBLC6-2SC6/STMicroelectronics/view-part/?ref=snap"; VariantName = "[No Variations]"
Change component parameters (AddParameter): Name = "Value"; Value = ""; VariantName = "[No Variations]"
Change component parameters: Designator = "D4" ("D4"); Footprint = "DO-214AC_SMA"; UniqueID = "\VJEZSJNV" ("\VJEZSJNV")
Change component parameters (AddParameter): Name = "Availability"; Value = "In Stock"; VariantName = "[No Variations]"
Change component parameters (AddParameter): Name = "Check_prices"; Value = "https://www.snapeda.com/parts/USBLC6-2SC6/STMicroelectronics/view-part/?ref=eda"; VariantName = "[No Variations]"
Change component parameters (AddParameter): Name = "MF"; Value = "STMicroelectronics"; VariantName = "[No Variations]"
Change component parameters (AddParameter): Name = "MP"; Value = "USBLC6-2SC6"; VariantName = "[No Variations]"
Change component parameters (AddParameter): Name = "Package"; Value = "SOT-23-6 STMicroelectronics"; VariantName = "[No Variations]"
Change component parameters (AddParameter): Name = "Price"; Value = "None"; VariantName = "[No Variations]"
Change component parameters (AddParameter): Name = "Purchase-URL"; Value = "https://pricing.snapeda.com/search/part/USBLC6-2SC6/?ref=eda"; VariantName = "[No Variations]"
Change component parameters (AddParameter): Name = "SnapEDA_Link"; Value = "https://www.snapeda.com/parts/USBLC6-2SC6/STMicroelectronics/view-part/?ref=snap"; VariantName = "[No Variations]"
Change component parameters (AddParameter): Name = "Value"; Value = ""; VariantName = "[No Variations]"
Change component parameters: Designator = "D6" ("D6"); Footprint = "DO-214AC_SMA"; UniqueID = "\VUTXNTIE" ("\VUTXNTIE")
Change component parameters (AddParameter): Name = "Code - JEDEC"; Value = "DO-214-AB"; VariantName = "[No Variations]"
Change component parameters (AddParameter): Name = "Published"; Value = "8-Jun-2000"; VariantName = "[No Variations]"
Change component parameters (AddParameter): Name = "Publisher"; Value = "Altium Limited"; VariantName = "[No Variations]"
Change component parameters (AddParameter): Name = "Revision"; Value = "July-2002: Re-released for DXP Platform."; VariantName = "[No Variations]"
Change component parameters (AddParameter): Name = "Value"; Value = "1N5007"; VariantName = "[No Variations]"
Change component parameters: Designator = "D7" ("D7"); Footprint = "DO-214AC_SMA"; UniqueID = "\FLHLKWAN" ("\FLHLKWAN")
Change component parameters (AddParameter): Name = "Code - JEDEC"; Value = "DO-214-AB"; VariantName = "[No Variations]"
Change component parameters (AddParameter): Name = "Published"; Value = "8-Jun-2000"; VariantName = "[No Variations]"
Change component parameters (AddParameter): Name = "Publisher"; Value = "Altium Limited"; VariantName = "[No Variations]"
Change component parameters (AddParameter): Name = "Revision"; Value = "July-2002: Re-released for DXP Platform."; VariantName = "[No Variations]"
Change component parameters (AddParameter): Name = "Value"; Value = "1N5007"; VariantName = "[No Variations]"
Change component parameters: Designator = "D8" ("D8"); Footprint = "DO-214AC_SMA"; UniqueID = "\DSXTIALX" ("\DSXTIALX")
Change component parameters (AddParameter): Name = "Code - JEDEC"; Value = "DO-214-AB"; VariantName = "[No Variations]"
Change component parameters (AddParameter): Name = "Published"; Value = "8-Jun-2000"; VariantName = "[No Variations]"
Change component parameters (AddParameter): Name = "Publisher"; Value = "Altium Limited"; VariantName = "[No Variations]"
Change component parameters (AddParameter): Name = "Revision"; Value = "July-2002: Re-released for DXP Platform."; VariantName = "[No Variations]"
Change component parameters (AddParameter): Name = "Value"; Value = "1N5007"; VariantName = "[No Variations]"
Change component parameters: Designator = "D10" ("D10"); Footprint = "DO-214AC_SMA"; UniqueID = "\JRXDFVRY" ("\JRXDFVRY")
Change component parameters (AddParameter): Name = "Code - JEDEC"; Value = "DO-214-AB"; VariantName = "[No Variations]"
Change component parameters (AddParameter): Name = "Published"; Value = "8-Jun-2000"; VariantName = "[No Variations]"
Change component parameters (AddParameter): Name = "Publisher"; Value = "Altium Limited"; VariantName = "[No Variations]"
Change component parameters (AddParameter): Name = "Revision"; Value = "July-2002: Re-released for DXP Platform."; VariantName = "[No Variations]"
Change component parameters (AddParameter): Name = "Value"; Value = "1N5007"; VariantName = "[No Variations]"
Change component parameters: Designator = "D14" ("D14"); Footprint = "SOT95P280X145-6N"; UniqueID = "\DNPVALGA" ("\DNPVALGA")
Change component parameters: Designator = "D17" ("D17"); Footprint = "SOD3717X145N"; UniqueID = "\PTTTJSMK" ("\PTTTJSMK")
Change component parameters: Designator = "U1" ("U1"); Footprint = "DDA0008J"; UniqueID = "\BHOUQUGL" ("\BHOUQUGL")
Change component parameters: Designator = "U3" ("U3"); Footprint = "VQFN-HR-10"; UniqueID = "\KDBMYZIT" ("\KDBMYZIT")
Change component parameters (AddParameter): Name = "AN"; Value = "A06-1541"; VariantName = "[No Variations]"
Change component parameters (AddParameter): Name = "Height"; Value = "1,60000002384186"; VariantName = "[No Variations]"
Change component parameters (AddParameter): Name = "Manufacturer"; Value = "MICROCHIP"; VariantName = "[No Variations]"
Change component parameters (AddParameter): Name = "MPN"; Value = "ATSAMV71Q21B-AAB"; VariantName = "[No Variations]"
Change component parameters (AddParameter): Name = "PartGroup"; Value = "Integrated Circuits,MCU, MPU, DSP,ARM MCU"; VariantName = "[No Variations]"
Change component parameters (AddParameter): Name = "TemperatureRange"; Value = "-40°C to +105°C"; VariantName = "[No Variations]"
Change component parameters (AddParameter): Name = "Value"; Value = "SAMV71Q21B"; VariantName = "[No Variations]"
Change component parameters: Designator = "U10" ("U10"); Footprint = "SOP65P640X120-24N"; UniqueID = "\MBPRPDDK" ("\MBPRPDDK")
Change component parameters (AddParameter): Name = "Availability"; Value = "Unavailable"; VariantName = "[No Variations]"
Change component parameters (AddParameter): Name = "MF"; Value = "Maxim Integrated"; VariantName = "[No Variations]"
Change component parameters (AddParameter): Name = "MP"; Value = "MAX14662ETI+T"; VariantName = "[No Variations]"
Change component parameters (AddParameter): Name = "Package"; Value = "TQFN-28 Maxim"; VariantName = "[No Variations]"
Change component parameters (AddParameter): Name = "Price"; Value = "None"; VariantName = "[No Variations]"
Change component parameters (AddParameter): Name = "SnapEDA_Link"; Value = "https://www.snapeda.com/parts/MAX14662ETI%2BT/Maxim%20Integrated/view-part/546683/?ref=snap"; VariantName = "[No Variations]"
Change component parameters (AddParameter): Name = "Value"; Value = ""; VariantName = "[No Variations]"
Change component parameters: Designator = "U14" ("U14"); Footprint = "SOP65P640X120-24N"; UniqueID = "\DGDRZIVK" ("\DGDRZIVK")
Change component parameters: Designator = "U30" ("U30"); Footprint = "FP-846AP-MFG"; UniqueID = "\PQPCOEBM" ("\PQPCOEBM")
Change component parameters (AddParameter): Name = "Check_prices"; Value = "https://www.snapeda.com/parts/RV-3129-C3%2032.768KHZ%20OPTION%20A%20TB%20QA/Micro+Crystal/view-part/?ref=eda"; VariantName = "[No Variations]"
Change component parameters (AddParameter): Name = "MF"; Value = "Micro Crystal"; VariantName = "[No Variations]"
Change component parameters (AddParameter): Name = "MP"; Value = "RV-3129-C3 32.768KHZ OPTION A TB QA"; VariantName = "[No Variations]"
Change component parameters (AddParameter): Name = "Package"; Value = "QFN-10 Micro Crystal"; VariantName = "[No Variations]"
Change component parameters (AddParameter): Name = "SnapEDA_Link"; Value = "https://www.snapeda.com/parts/RV-3129-C3%2032.768KHZ%20OPTION%20A%20TB%20QA/Micro+Crystal/view-part/?ref=snap"; VariantName = "[No Variations]"
Change component parameters (AddParameter): Name = "Value"; Value = ""; VariantName = "[No Variations]"
Change component parameters: Designator = "U34" ("U34"); Footprint = "SOP65P640X120-24N"; UniqueID = "\PBZBQPUJ" ("\PBZBQPUJ")
Change component parameters (AddParameter): Name = "Availability"; Value = "Unavailable"; VariantName = "[No Variations]"
Change component parameters (AddParameter): Name = "MF"; Value = ""; VariantName = "[No Variations]"
Change component parameters (AddParameter): Name = "MP"; Value = "TPL5010QDDCTQ1"; VariantName = "[No Variations]"
Change component parameters (AddParameter): Name = "Package"; Value = "None"; VariantName = "[No Variations]"
Change component parameters (AddParameter): Name = "Price"; Value = "None"; VariantName = "[No Variations]"
Change component parameters (AddParameter): Name = "Value"; Value = ""; VariantName = "[No Variations]"
Change component parameters: Designator = "U38" ("U38"); Footprint = "IC_RV-3129-C3_32.768KHZ_OPTION_A_TB_QA"; UniqueID = "\ZEUIGNBG" ("\ZEUIGNBG")
Change component parameters: Designator = "U39" ("U39"); Footprint = "MP_HIGHDRIVER"; UniqueID = "\KFUREXLH" ("\KFUREXLH")
Change component parameters (AddParameter): Name = "Check_prices"; Value = "https://www.snapeda.com/parts/SN65HVD230DR/Texas+Instruments/view-part/?ref=eda"; VariantName = "[No Variations]"
Change component parameters (AddParameter): Name = "MF"; Value = "Texas Instruments"; VariantName = "[No Variations]"
Change component parameters (AddParameter): Name = "MP"; Value = "SN65HVD230DR"; VariantName = "[No Variations]"
Change component parameters (AddParameter): Name = "Package"; Value = "SOIC-8 Texas Instruments"; VariantName = "[No Variations]"
Change component parameters (AddParameter): Name = "SnapEDA_Link"; Value = "https://www.snapeda.com/parts/SN65HVD230DR/Texas+Instruments/view-part/?ref=snap"; VariantName = "[No Variations]"
Change component parameters (AddParameter): Name = "Value"; Value = ""; VariantName = "[No Variations]"
Change component parameters: Designator = "U41" ("U41"); Footprint = "QFN50P600X600X100-41N"; UniqueID = "\CKIETMBG" ("\CKIETMBG")
Change component parameters (AddParameter): Name = "Check_prices"; Value = "https://www.snapeda.com/parts/SN65HVD230DR/Texas+Instruments/view-part/?ref=eda"; VariantName = "[No Variations]"
Change component parameters (AddParameter): Name = "MF"; Value = "Texas Instruments"; VariantName = "[No Variations]"
Change component parameters (AddParameter): Name = "MP"; Value = "SN65HVD230DR"; VariantName = "[No Variations]"
Change component parameters (AddParameter): Name = "Package"; Value = "SOIC-8 Texas Instruments"; VariantName = "[No Variations]"
Change component parameters (AddParameter): Name = "SnapEDA_Link"; Value = "https://www.snapeda.com/parts/SN65HVD230DR/Texas+Instruments/view-part/?ref=snap"; VariantName = "[No Variations]"
Change component parameters (AddParameter): Name = "Value"; Value = ""; VariantName = "[No Variations]"
Added Component: Designator=C95(CAP_C_1005X60)
Added Component: Designator=C99(CAP_C_1005X60)
Added Component: Designator=C100(CAP_C_1005X60)
Added Component: Designator=C101(CAP_C_1005X60)
Added Component: Designator=C102(CAP_C_1005X60)
Added Component: Designator=C103(CAP_C_1005X60)
Added Component: Designator=C104(CAP_C_1005X60)
Added Component: Designator=C105(CAP_C_1005X60)
Added Component: Designator=C106(CAP_C_1005X60)
Added Component: Designator=C107(CAP_C_1005X60)
Added Component: Designator=C108(CAP_C_1005X60)
Added Component: Designator=C109(CAP_C_1005X60)
Added Component: Designator=C110(CAP_C_1005X60)
Added Component: Designator=C111(CAP_C_1005X60)
Added Component: Designator=C112(CAP_C_1005X60)
Added Component: Designator=C113(CAP_C_1005X60)
Added Component: Designator=C114(CAP_C_1005X60)
Added Component: Designator=C123(CAP_C_1005X60)
Added Component: Designator=C128(CAP_C_1005X60)
Added Component: Designator=C129(CAP_C_1005X60)
Added Component: Designator=C130(CAP_C_1608X80)
Added Component: Designator=C131(CAP_C_1608X80)
Added Component: Designator=C132(CAP_C_1005X60)
Added Component: Designator=C133(CAP_C_1005X60)
Added Component: Designator=C134(CAP_C_1005X60)
Added Component: Designator=C135(CAP_C_1005X60)
Added Component: Designator=C136(CAP_C_1005X60)
Added Component: Designator=C137(CAP_C_1005X60)
Added Component: Designator=C138(CAP_C_1005X60)
Added Component: Designator=C144(CAP_C_1005X60)
Added Component: Designator=C146(CAP_C_1005X60)
Added Component: Designator=C147(CAP_C_2012X110)
Added Component: Designator=C154(CAP_C_1005X60)
Added Component: Designator=C155(CAP_C_1005X60)
Added Component: Designator=C?(CAP_C_1005X60)
Added Component: Designator=D15(DO-214AC_SMA)
Added Component: Designator=D16(DO-214AC_SMA)
Added Component: Designator=DS1(LED_0402)
Added Component: Designator=DS2(LED_0402)
Added Component: Designator=DS3(LED_0402)
Added Component: Designator=DS4(LED_0402)
Added Component: Designator=DS5(LED_0402)
Added Component: Designator=DS6(LED_0402)
Added Component: Designator=DS7(LED_0402)
Added Component: Designator=DS8(LED_0402)
Added Component: Designator=J20(MOLEX_5040500891)
Added Component: Designator=J21(MOLEX_0533980971)
Added Component: Designator=J?(MOLEX_0533980271)
Added Component: Designator=L6(PSM6050)
Added Component: Designator=Q1(SOT95P240X120-3N)
Added Component: Designator=Q2(SOT95P240X120-3N)
Added Component: Designator=Q4(SOT95P240X120-3N)
Add component (AddParameter): Name = "Check_prices"; Value = "https://www.snapeda.com/parts/AO3400A/Alpha/view-part/?ref=eda"; VariantName = "[No Variations]"
Add component (AddParameter): Name = "MF"; Value = "Alpha & Omega Semiconductor"; VariantName = "[No Variations]"
Add component (AddParameter): Name = "MP"; Value = "AO3400A"; VariantName = "[No Variations]"
Add component (AddParameter): Name = "Package"; Value = "SOT-23 Alpha &amp; Omega Semiconductor Inc."; VariantName = "[No Variations]"
Add component (AddParameter): Name = "SnapEDA_Link"; Value = "https://www.snapeda.com/parts/AO3400A/Alpha/view-part/?ref=snap"; VariantName = "[No Variations]"
Add component (AddParameter): Name = "Value"; Value = ""; VariantName = "[No Variations]"
Added Component: Designator=R72(RES_C_1005X40)
Added Component: Designator=R91(RES_C_1005X40)
Added Component: Designator=R92(RES_C_1005X40)
Added Component: Designator=R115(RES_C_1005X40)
Added Component: Designator=R116(RES_C_1005X40)
Added Component: Designator=R117(RES_C_1005X40)
Added Component: Designator=R147(RES_C_1005X40)
Added Component: Designator=R148(RES_C_1005X40)
Added Component: Designator=R149(RES_C_1005X40)
Added Component: Designator=R150(RES_C_1005X40)
Added Component: Designator=R151(RES_C_1005X40)
Added Component: Designator=R152(RES_C_1005X40)
Added Component: Designator=R153(RES_C_1005X40)
Added Component: Designator=R154(RES_C_1005X40)
Added Component: Designator=R156(RES_C_1005X40)
Added Component: Designator=R157(RES_C_1005X40)
Added Component: Designator=R161(RES_C_1005X40)
Added Component: Designator=R163(RES_C_1005X40)
Added Component: Designator=R164(RES_C_1005X40)
Added Component: Designator=R217(RES_C_1005X40)
Added Component: Designator=R221(RES_C_1005X40)
Added Component: Designator=R222(RES_C_1005X40)
Added Component: Designator=R223(RES_C_1005X40)
Added Component: Designator=R224(RES_C_1005X40)
Added Component: Designator=R236(RES_C_1005X40)
Added Component: Designator=R237(RES_C_1005X40)
Added Component: Designator=R238(RES_C_1005X40)
Added Component: Designator=R239(RES_C_1005X40)
Added Component: Designator=R244(RES_C_1005X40)
Added Component: Designator=R246(RES_C_1005X40)
Added Component: Designator=R251(RES_C_1005X40)
Added Component: Designator=R252(RES_C_1005X40)
Added Component: Designator=R309(RES_C_1005X40)
Added Component: Designator=R310(RES_C_1005X40)
Added Component: Designator=R311(RES_C_1005X40)
Added Component: Designator=R312(RES_C_1005X40)
Added Component: Designator=R318(RES_C_1005X40)
Added Component: Designator=R319(RES_C_1005X40)
Added Component: Designator=R345(RES_C_1005X40)
Added Component: Designator=R346(RES_C_1005X40)
Added Component: Designator=R347(RES_C_1005X40)
Added Component: Designator=R348(RES_C_1005X40)
Added Component: Designator=R349(RES_C_1005X40)
Added Component: Designator=R385(RES_C_1005X40)
Added Component: Designator=R386(RES_C_1005X40)
Added Component: Designator=R388(RES_C_1005X40)
Added Component: Designator=R389(RES_C_1005X40)
Added Component: Designator=R390(RES_C_1005X40)
Added Component: Designator=R391(RES_C_1005X40)
Added Component: Designator=R392(RES_C_1005X40)
Added Component: Designator=R393(RES_C_1005X40)
Added Component: Designator=R394(RES_C_1005X40)
Added Component: Designator=R395(RES_C_1005X40)
Added Component: Designator=R396(RES_C_1005X40)
Added Component: Designator=R397(RES_C_1005X40)
Added Component: Designator=R398(RES_C_1005X40)
Added Component: Designator=R406(RES_C_1005X40)
Added Component: Designator=R407(RES_C_1005X40)
Added Component: Designator=R415(RES_C_1005X40)
Added Component: Designator=R416(RES_C_1005X40)
Added Component: Designator=R417(RES_C_1005X40)
Added Component: Designator=R418(RES_C_1005X40)
Added Component: Designator=R419(RES_C_1005X40)
Added Component: Designator=R420(RES_C_1005X40)
Added Component: Designator=R421(RES_C_1005X40)
Added Component: Designator=R422(RES_C_1005X40)
Added Component: Designator=R423(RES_C_1005X40)
Added Component: Designator=R424(RES_C_1005X40)
Added Component: Designator=R425(RES_C_1005X40)
Added Component: Designator=R426(RES_C_1005X40)
Added Component: Designator=R427(RES_C_1005X40)
Added Component: Designator=R428(RES_C_1005X40)
Added Component: Designator=R429(RES_C_1005X40)
Added Component: Designator=R430(RES_C_1005X40)
Added Component: Designator=R431(RES_C_1005X40)
Added Component: Designator=R432(RES_C_1005X40)
Added Component: Designator=R433(RES_C_1005X40)
Added Component: Designator=R434(RES_C_1005X40)
Added Component: Designator=R435(RES_C_1005X40)
Added Component: Designator=R436(RES_C_1005X40)
Added Component: Designator=R437(RES_C_1005X40)
Added Component: Designator=R438(RES_C_1005X40)
Added Component: Designator=R439(RES_C_1005X40)
Added Component: Designator=R440(RES_C_1005X40)
Added Component: Designator=R441(RES_C_1005X40)
Added Component: Designator=R442(RES_C_1005X40)
Added Component: Designator=R443(RES_C_1005X40)
Added Component: Designator=R444(RES_C_1005X40)
Added Component: Designator=R445(RES_C_1005X40)
Added Component: Designator=R446(RES_C_1608X60)
Added Component: Designator=R447(RES_C_1608X60)
Added Component: Designator=R448(RES_C_1608X60)
Added Component: Designator=R449(RES_C_1608X60)
Added Component: Designator=R450(RES_C_1608X60)
Added Component: Designator=R451(RES_C_1608X60)
Added Component: Designator=R452(RES_C_1608X60)
Added Component: Designator=R453(RES_C_1608X60)
Added Component: Designator=R454(RES_C_1608X60)
Added Component: Designator=R455(RES_C_1608X60)
Added Component: Designator=R456(RES_C_1608X60)
Added Component: Designator=R457(RES_C_1608X60)
Added Component: Designator=R458(RES_C_1608X60)
Added Component: Designator=R459(RES_C_1608X60)
Added Component: Designator=R460(RES_C_1608X60)
Added Component: Designator=R?(RES_C_1005X40)
Added Component: Designator=U15(SOT95P240X120-3N)
Added Component: Designator=U20(TSOP8)
Added Component: Designator=U29(SOM-38MMX30MM)
Added Component: Designator=U31(SOIC127P790X216-8)
Added Component: Designator=U32(SOIC_PRQ1_TEX)
Add component (AddParameter): Name = "Copyright"; Value = "Copyright (C) 2025 Ultra Librarian. All rights reserved."; VariantName = "[No Variations]"
Add component (AddParameter): Name = "Datasheet"; Value = "https://www.ti.com/lit/gpn/sn3257-q1"; VariantName = "[No Variations]"
Add component (AddParameter): Name = "Manufacturer_Name"; Value = "Texas Instruments"; VariantName = "[No Variations]"
Add component (AddParameter): Name = "Manufacturer_Part_Number"; Value = "SN3257QPWRQ1"; VariantName = "[No Variations]"
Add component (AddParameter): Name = "RefDes"; Value = "RefDes"; VariantName = "[No Variations]"
Add component (AddParameter): Name = "Type"; Value = "Type"; VariantName = "[No Variations]"
Added Component: Designator=U33(SOIC8_150MIL_N_ISI)
Add component (AddParameter): Name = "Copyright"; Value = "Copyright (C) 2025 Ultra Librarian. All rights reserved."; VariantName = "[No Variations]"
Add component (AddParameter): Name = "Manufacturer_Name"; Value = "ISSI"; VariantName = "[No Variations]"
Add component (AddParameter): Name = "Manufacturer_Part_Number"; Value = "IS66WVS4M8BLL-104NLI"; VariantName = "[No Variations]"
Add component (AddParameter): Name = "RefDes"; Value = "RefDes"; VariantName = "[No Variations]"
Add component (AddParameter): Name = "Type"; Value = "Memory"; VariantName = "[No Variations]"
Added Component: Designator=U40(SOIC127P599X175-8N)
Add component (AddParameter): Name = "Check_prices"; Value = "https://www.snapeda.com/parts/SN65HVD230DR/Texas+Instruments/view-part/?ref=eda"; VariantName = "[No Variations]"
Add component (AddParameter): Name = "MF"; Value = "Texas Instruments"; VariantName = "[No Variations]"
Add component (AddParameter): Name = "MP"; Value = "SN65HVD230DR"; VariantName = "[No Variations]"
Add component (AddParameter): Name = "Package"; Value = "SOIC-8 Texas Instruments"; VariantName = "[No Variations]"
Add component (AddParameter): Name = "SnapEDA_Link"; Value = "https://www.snapeda.com/parts/SN65HVD230DR/Texas+Instruments/view-part/?ref=snap"; VariantName = "[No Variations]"
Add component (AddParameter): Name = "Value"; Value = ""; VariantName = "[No Variations]"
Added Component: Designator=VR2(VREG_LM1117MP-3.3/NOPB)
Add component (AddParameter): Name = "Check_prices"; Value = "https://www.snapeda.com/parts/LM1117MP-3.3/NOPB/Texas+Instruments/view-part/?ref=eda"; VariantName = "[No Variations]"
Add component (AddParameter): Name = "MF"; Value = "Texas Instruments"; VariantName = "[No Variations]"
Add component (AddParameter): Name = "MP"; Value = "LM1117MP-3.3/NOPB"; VariantName = "[No Variations]"
Add component (AddParameter): Name = "Package"; Value = "SOT-223-4 Texas Instruments"; VariantName = "[No Variations]"
Add component (AddParameter): Name = "SnapEDA_Link"; Value = "https://www.snapeda.com/parts/LM1117MP-3.3/NOPB/Texas+Instruments/view-part/?ref=snap"; VariantName = "[No Variations]"
Add component (AddParameter): Name = "Value"; Value = ""; VariantName = "[No Variations]"
Added Component: Designator=XC1(AP7-00044)
Add component (AddParameter): Name = "AN"; Value = "A07-0052"; VariantName = "[No Variations]"
Add component (AddParameter): Name = "Height"; Value = "2,07999992370605"; VariantName = "[No Variations]"
Add component (AddParameter): Name = "Manufacturer"; Value = "Micro Crystal"; VariantName = "[No Variations]"
Add component (AddParameter): Name = "MPN"; Value = "MS1V-T1K 32.768kHz 7pF +/-20PPM TA"; VariantName = "[No Variations]"
Add component (AddParameter): Name = "PartGroup"; Value = "Frequency devices,Crystals,SMD"; VariantName = "[No Variations]"
Add component (AddParameter): Name = "TemperatureRange"; Value = "-40 /+85"; VariantName = "[No Variations]"
Add component (AddParameter): Name = "Tolerance"; Value = "+/- 20 PPM"; VariantName = "[No Variations]"
Add component (AddParameter): Name = "Value"; Value = "32.768kHz +/-20PPM 7pF  SMD"; VariantName = "[No Variations]"
Added Component: Designator=XC2(AP7-00039)
Add component (AddParameter): Name = "AN"; Value = "A07-0042"; VariantName = "[No Variations]"
Add component (AddParameter): Name = "Design comment"; Value = ""; VariantName = "[No Variations]"
Add component (AddParameter): Name = "Height"; Value = "1,20000004768372"; VariantName = "[No Variations]"
Add component (AddParameter): Name = "Manufacturer"; Value = "Fox  Electronics"; VariantName = "[No Variations]"
Add component (AddParameter): Name = "MPN"; Value = "FQ5032B-12.000"; VariantName = "[No Variations]"
Add component (AddParameter): Name = "PartGroup"; Value = "Frequency devices,Crystals,SMD"; VariantName = "[No Variations]"
Add component (AddParameter): Name = "TemperatureRange"; Value = "0°C ~ 70°C"; VariantName = "[No Variations]"
Add component (AddParameter): Name = "Tolerance"; Value = "±30ppm"; VariantName = "[No Variations]"
Add component (AddParameter): Name = "Value"; Value = "12.00MHz"; VariantName = "[No Variations]"
Added Pin To Net: NetName=GND Pin=C1-1
Added Pin To Net: NetName=+12V_Heater Pin=C1-2
Added Pin To Net: NetName=+12V_Heater Pin=C2-2
Added Pin To Net: NetName=GND Pin=C3-1
Added Pin To Net: NetName=+12V_Heater Pin=C8-2
Added Pin To Net: NetName=+12V_Heater Pin=C9-2
Added Pin To Net: NetName=GND Pin=C10-2
Added Pin To Net: NetName=+3.3V Pin=C11-2
Added Pin To Net: NetName=+3.3V Pin=C12-2
Added Pin To Net: NetName=GND Pin=C19-1
Added Pin To Net: NetName=+3.3V Pin=C21-1
Added Pin To Net: NetName=GND Pin=C21-2
Added Pin To Net: NetName=GND Pin=C22-2
Added Pin To Net: NetName=+3.3V Pin=C23-2
Added Pin To Net: NetName=+3.3V Pin=C24-2
Added Pin To Net: NetName=+3.3V Pin=C25-2
Added Pin To Net: NetName=+3.3V Pin=C26-2
Added Pin To Net: NetName=+3.3V Pin=C27-2
Added Pin To Net: NetName=GND Pin=C28-1
Added Pin To Net: NetName=+3.3V Pin=C28-2
Added Pin To Net: NetName=+3.3V Pin=C29-2
Added Pin To Net: NetName=+3.3V Pin=C30-2
Added Pin To Net: NetName=+3.3V Pin=C31-2
Added Pin To Net: NetName=GND Pin=C35-1
Added Pin To Net: NetName=GND Pin=C37-1
Added Pin To Net: NetName=GND Pin=C38-1
Added Pin To Net: NetName=+3.3V Pin=C87-2
Added Pin To Net: NetName=+12V_Heater Pin=C89-2
Added Pin To Net: NetName=+3.3V Pin=C90-2
Added Pin To Net: NetName=+3.3V Pin=C92-2
Added Pin To Net: NetName=GND Pin=C95-1
Added Pin To Net: NetName=ADC_TEMP5 Pin=C95-2
Added Pin To Net: NetName=+3.3V Pin=C96-2
Added Pin To Net: NetName=GND Pin=C99-1
Added Pin To Net: NetName=+3.3V Pin=C99-2
Added Pin To Net: NetName=GND Pin=C100-1
Added Pin To Net: NetName=GND Pin=C101-1
Added Pin To Net: NetName=ADC_TEMP6 Pin=C101-2
Added Pin To Net: NetName=GND Pin=C102-1
Added Pin To Net: NetName=+3.3V Pin=C102-2
Added Pin To Net: NetName=GND Pin=C103-1
Added Pin To Net: NetName=GND Pin=C104-1
Added Pin To Net: NetName=+3.3V Pin=C104-2
Added Pin To Net: NetName=GND Pin=C105-1
Added Pin To Net: NetName=GND Pin=C106-1
Added Pin To Net: NetName=ADC_TEMP3 Pin=C106-2
Added Pin To Net: NetName=GND Pin=C107-1
Added Pin To Net: NetName=ADC_TEMP7 Pin=C107-2
Added Pin To Net: NetName=GND Pin=C108-1
Added Pin To Net: NetName=+3.3V Pin=C108-2
Added Pin To Net: NetName=GND Pin=C109-1
Added Pin To Net: NetName=GND Pin=C110-1
Added Pin To Net: NetName=ADC_TEMP4 Pin=C110-2
Added Pin To Net: NetName=GND Pin=C111-1
Added Pin To Net: NetName=+3.3V Pin=C111-2
Added Pin To Net: NetName=GND Pin=C112-1
Added Pin To Net: NetName=GND Pin=C113-1
Added Pin To Net: NetName=ADC_TEMP8 Pin=C113-2
Added Pin To Net: NetName=GND Pin=C114-1
Added Pin To Net: NetName=+3.3V Pin=C114-2
Added Pin To Net: NetName=GND Pin=C123-1
Added Pin To Net: NetName=+3.3V Pin=C123-2
Added Pin To Net: NetName=GND Pin=C128-1
Added Pin To Net: NetName=GND Pin=C129-1
Added Pin To Net: NetName=GND Pin=C130-1
Added Pin To Net: NetName=GND Pin=C131-1
Added Pin To Net: NetName=GND Pin=C132-1
Added Pin To Net: NetName=GND Pin=C133-1
Added Pin To Net: NetName=GND Pin=C134-1
Added Pin To Net: NetName=GND Pin=C135-1
Added Pin To Net: NetName=GND Pin=C136-1
Added Pin To Net: NetName=GND Pin=C137-1
Added Pin To Net: NetName=GND Pin=C138-1
Added Pin To Net: NetName=+VCC_SD Pin=C140-2
Added Pin To Net: NetName=GND Pin=C144-1
Added Pin To Net: NetName=GND Pin=C146-1
Added Pin To Net: NetName=GND Pin=C147-2
Added Pin To Net: NetName=+VCC_SD Pin=C148-2
Added Pin To Net: NetName=+VCC_SD Pin=C149-2
Added Pin To Net: NetName=GND Pin=C150-2
Added Pin To Net: NetName=+3.3V Pin=C153-2
Added Pin To Net: NetName=GND Pin=C154-1
Added Pin To Net: NetName=+3.3V Pin=C154-2
Added Pin To Net: NetName=GND Pin=C155-1
Added Pin To Net: NetName=+3.3V Pin=C155-2
Added Pin To Net: NetName=+3.3V Pin=C156-1
Added Pin To Net: NetName=GND Pin=C156-2
Added Pin To Net: NetName=+12V_Heater Pin=C158-2
Added Pin To Net: NetName=+12V_Heater Pin=C159-2
Added Pin To Net: NetName=+5V_TEC Pin=C162-2
Added Pin To Net: NetName=+5V_TEC Pin=C163-2
Added Pin To Net: NetName=+5V_HD4 Pin=C167-2
Added Pin To Net: NetName=+5V_HD4 Pin=C168-2
Added Pin To Net: NetName=+VCC_SD Pin=C177-1
Added Pin To Net: NetName=GND Pin=C177-2
Added Pin To Net: NetName=+VCC_SD Pin=C178-1
Added Pin To Net: NetName=GND Pin=C178-2
Added Pin To Net: NetName=GND Pin=C179-2
Added Pin To Net: NetName=+VCC_SD Pin=C180-1
Added Pin To Net: NetName=GND Pin=C180-2
Added Pin To Net: NetName=+VCC_SD Pin=C181-1
Added Pin To Net: NetName=GND Pin=C181-2
Added Pin To Net: NetName=GND Pin=C182-2
Added Pin To Net: NetName=+3.3V Pin=C183-1
Added Pin To Net: NetName=GND Pin=C183-2
Added Pin To Net: NetName=+3.3V Pin=C184-1
Added Pin To Net: NetName=GND Pin=C184-2
Added Pin To Net: NetName=GND Pin=C185-2
Added Pin To Net: NetName=GND Pin=C?-1
Added Pin To Net: NetName=+12V_Heater Pin=D1-1
Added Pin To Net: NetName=GND Pin=D1-2
Added Pin To Net: NetName=CONN_USB_1_N Pin=D3-1
Added Pin To Net: NetName=CONN_USB_1_P Pin=D3-3
Added Pin To Net: NetName=CONN_USB_1_R_P Pin=D3-4
Added Pin To Net: NetName=USB_PWR1 Pin=D3-5
Added Pin To Net: NetName=CONN_USB_1_R_N Pin=D3-6
Added Pin To Net: NetName=CONN_USB_2_N Pin=D4-1
Added Pin To Net: NetName=CONN_USB_2_P Pin=D4-3
Added Pin To Net: NetName=CONN_USB_2_R_P Pin=D4-4
Added Pin To Net: NetName=USB_PWR2 Pin=D4-5
Added Pin To Net: NetName=CONN_USB_2_R_N Pin=D4-6
Added Pin To Net: NetName=+12V_Heater Pin=D6-1
Added Pin To Net: NetName=HEATER_B_5 Pin=D6-2
Added Pin To Net: NetName=+12V_Heater Pin=D7-1
Added Pin To Net: NetName=HEATER_B_7 Pin=D7-2
Added Pin To Net: NetName=+12V_Heater Pin=D8-1
Added Pin To Net: NetName=HEATER_B_8 Pin=D8-2
Added Pin To Net: NetName=+12V_Heater Pin=D10-1
Added Pin To Net: NetName=HEATER_B_6 Pin=D10-2
Added Pin To Net: NetName=+5V_TEC Pin=D15-1
Added Pin To Net: NetName=GND Pin=D15-2
Added Pin To Net: NetName=+5V_HD4 Pin=D16-1
Added Pin To Net: NetName=GND Pin=D16-2
Added Pin To Net: NetName=GND Pin=D17-2
Added Pin To Net: NetName=+3.3V Pin=DS2-2
Added Pin To Net: NetName=+VCC_SD Pin=DS4-2
Added Pin To Net: NetName=+5V_TEC Pin=DS6-2
Added Pin To Net: NetName=+5V_HD4 Pin=DS7-2
Added Pin To Net: NetName=+3.3V Pin=J3-2
Added Pin To Net: NetName=GND Pin=J3-3
Added Pin To Net: NetName=USB_PWR1 Pin=J4-1
Added Pin To Net: NetName=CONN_USB_1_R_P Pin=J4-2
Added Pin To Net: NetName=CONN_USB_1_R_N Pin=J4-3
Added Pin To Net: NetName=USB_CONN_LED_1 Pin=J4-4
Added Pin To Net: NetName=GND Pin=J4-5
Added Pin To Net: NetName=USB_PWR2 Pin=J5-1
Added Pin To Net: NetName=CONN_USB_2_R_P Pin=J5-2
Added Pin To Net: NetName=CONN_USB_2_R_N Pin=J5-3
Added Pin To Net: NetName=GND Pin=J5-5
Added Pin To Net: NetName=TEC_OUT_A_2 Pin=J6-1
Added Pin To Net: NetName=TEC_OUT_B_2 Pin=J6-2
Added Pin To Net: NetName=TEC_OUT_A_4 Pin=J6-3
Added Pin To Net: NetName=TEC_OUT_B_4 Pin=J6-4
Added Pin To Net: NetName=TEC_OUT_A_1 Pin=J6-5
Added Pin To Net: NetName=TEC_OUT_B_1 Pin=J6-6
Added Pin To Net: NetName=TEC_OUT_A_3 Pin=J6-7
Added Pin To Net: NetName=TEC_OUT_B_3 Pin=J6-8
Added Pin To Net: NetName=+12V_Heater Pin=J7-1
Added Pin To Net: NetName=HEATER_B_1 Pin=J7-2
Added Pin To Net: NetName=+12V_Heater Pin=J7-3
Added Pin To Net: NetName=HEATER_B_2 Pin=J7-4
Added Pin To Net: NetName=+12V_Heater Pin=J7-5
Added Pin To Net: NetName=HEATER_B_3 Pin=J7-6
Added Pin To Net: NetName=+12V_Heater Pin=J7-7
Added Pin To Net: NetName=HEATER_B_4 Pin=J7-8
Added Pin To Net: NetName=+12V_Heater Pin=J8-1
Added Pin To Net: NetName=HEATER_B_5 Pin=J8-2
Added Pin To Net: NetName=+12V_Heater Pin=J8-3
Added Pin To Net: NetName=HEATER_B_6 Pin=J8-4
Added Pin To Net: NetName=+12V_Heater Pin=J8-5
Added Pin To Net: NetName=HEATER_B_7 Pin=J8-6
Added Pin To Net: NetName=+12V_Heater Pin=J8-7
Added Pin To Net: NetName=HEATER_B_8 Pin=J8-8
Added Pin To Net: NetName=+3.3V Pin=J9-1
Added Pin To Net: NetName=NTC1- Pin=J9-2
Added Pin To Net: NetName=+3.3V Pin=J9-3
Added Pin To Net: NetName=NTC2- Pin=J9-4
Added Pin To Net: NetName=+3.3V Pin=J9-5
Added Pin To Net: NetName=NTC3- Pin=J9-6
Added Pin To Net: NetName=+3.3V Pin=J9-7
Added Pin To Net: NetName=NTC4- Pin=J9-8
Added Pin To Net: NetName=+3.3V Pin=J10-1
Added Pin To Net: NetName=NTC5- Pin=J10-2
Added Pin To Net: NetName=+3.3V Pin=J10-3
Added Pin To Net: NetName=NTC6- Pin=J10-4
Added Pin To Net: NetName=+3.3V Pin=J10-5
Added Pin To Net: NetName=NTC7- Pin=J10-6
Added Pin To Net: NetName=+3.3V Pin=J10-7
Added Pin To Net: NetName=NTC8- Pin=J10-8
Added Pin To Net: NetName=HD4_CH31- Pin=J11-1
Added Pin To Net: NetName=HD4_CH31+ Pin=J11-2
Added Pin To Net: NetName=HD4_CH32+ Pin=J11-3
Added Pin To Net: NetName=HD4_CH32- Pin=J11-4
Added Pin To Net: NetName=HD4_CH41- Pin=J11-5
Added Pin To Net: NetName=HD4_CH41+ Pin=J11-6
Added Pin To Net: NetName=HD4_CH42+ Pin=J11-7
Added Pin To Net: NetName=HD4_CH42- Pin=J11-8
Added Pin To Net: NetName=GND Pin=J11-M1
Added Pin To Net: NetName=GND Pin=J11-M2
Added Pin To Net: NetName=HD4_CH22- Pin=J12-1
Added Pin To Net: NetName=HD4_CH22+ Pin=J12-2
Added Pin To Net: NetName=HD4_CH21+ Pin=J12-3
Added Pin To Net: NetName=HD4_CH21- Pin=J12-4
Added Pin To Net: NetName=HD4_CH12- Pin=J12-5
Added Pin To Net: NetName=HD4_CH12+ Pin=J12-6
Added Pin To Net: NetName=HD4_CH11+ Pin=J12-7
Added Pin To Net: NetName=HD4_CH11- Pin=J12-8
Added Pin To Net: NetName=GND Pin=J12-M1
Added Pin To Net: NetName=GND Pin=J12-M2
Added Pin To Net: NetName=+3.3V Pin=J13-3
Added Pin To Net: NetName=GND Pin=J13-4
Added Pin To Net: NetName=+3.3V Pin=J14-3
Added Pin To Net: NetName=GND Pin=J14-4
Added Pin To Net: NetName=+3.3V Pin=J15-1
Added Pin To Net: NetName=GND Pin=J15-4
Added Pin To Net: NetName=USB1_N Pin=J16-2
Added Pin To Net: NetName=USB1_P Pin=J16-3
Added Pin To Net: NetName=+VCC_SD Pin=J18-1
Added Pin To Net: NetName=GND Pin=J20-M1
Added Pin To Net: NetName=GND Pin=J20-M2
Added Pin To Net: NetName=+12V_Heater Pin=J21-1
Added Pin To Net: NetName=GND Pin=J21-2
Added Pin To Net: NetName=GND Pin=J21-M1
Added Pin To Net: NetName=GND Pin=J21-M2
Added Pin To Net: NetName=GND Pin=J22-2
Added Pin To Net: NetName=+12V_Heater Pin=J23-1
Added Pin To Net: NetName=GND Pin=J23-2
Added Pin To Net: NetName=GND Pin=J23-M1
Added Pin To Net: NetName=GND Pin=J23-M2
Add Pin To Net: Unknown Pin: Pin J24-1
Add Pin To Net: Unknown Pin: Pin J24-2
Add Pin To Net: Unknown Pin: Pin J24-3
Add Pin To Net: Unknown Pin: Pin J24-4
Add Pin To Net: Unknown Pin: Pin J24-5
Add Pin To Net: Unknown Pin: Pin J24-6
Add Pin To Net: Unknown Pin: Pin J24-7
Add Pin To Net: Unknown Pin: Pin J24-10
Add Pin To Net: Unknown Pin: Pin J24-M1
Add Pin To Net: Unknown Pin: Pin J24-M2
Added Pin To Net: NetName=GND Pin=J25-3
Added Pin To Net: NetName=GND Pin=J?-2
Added Pin To Net: NetName=GND Pin=J?-M1
Added Pin To Net: NetName=GND Pin=J?-M2
Added Pin To Net: NetName=+12V_Heater Pin=JP1-2
Added Pin To Net: NetName=+5V_TEC Pin=JP5-2
Added Pin To Net: NetName=+5V_HD4 Pin=JP6-2
Added Pin To Net: NetName=USB_PWR1 Pin=Q1-2
Added Pin To Net: NetName=USB_PWR2 Pin=Q2-2
Added Pin To Net: NetName=GND Pin=Q4-2
Added Pin To Net: NetName=HEATER_B_5 Pin=Q4-3
Added Pin To Net: NetName=HEATER_B_7 Pin=Q5-3
Added Pin To Net: NetName=HEATER_B_8 Pin=Q6-3
Added Pin To Net: NetName=HEATER_B_6 Pin=Q8-3
Added Pin To Net: NetName=+12V_Heater Pin=R2-2
Added Pin To Net: NetName=+12V_Heater Pin=R3-2
Added Pin To Net: NetName=NetR1_1 Pin=R4-1
Added Pin To Net: NetName=GND Pin=R5-1
Added Pin To Net: NetName=GND Pin=R6-1
Added Pin To Net: NetName=HEATER_PWM_2 Pin=R11-2
Added Pin To Net: NetName=HEATER_PWM_3 Pin=R13-2
Added Pin To Net: NetName=TEC_EN_2 Pin=R14-1
Added Pin To Net: NetName=POW_ONOFF_TEC Pin=R20-1
Added Pin To Net: NetName=POW_ONOFF_HD4 Pin=R22-1
Added Pin To Net: NetName=POW_ONOFF_Solenoid Pin=R24-1
Added Pin To Net: NetName=TEC_nCS_4 Pin=R32-1
Added Pin To Net: NetName=TEC_SWEN_2 Pin=R36-1
Added Pin To Net: NetName=PHOTO_ADC_CONV Pin=R39-2
Added Pin To Net: NetName=HEATER_PWM_5 Pin=R40-2
Added Pin To Net: NetName=HEATER_PWM_4 Pin=R53-2
Added Pin To Net: NetName=HEATER_PWM_1 Pin=R55-2
Added Pin To Net: NetName=TEC_EN_3 Pin=R58-2
Added Pin To Net: NetName=TEC_EN_4 Pin=R60-2
Added Pin To Net: NetName=TEC_SWEN_1 Pin=R61-2
Added Pin To Net: NetName=NetC15_2 Pin=R64-1
Added Pin To Net: NetName=+3.3V Pin=R64-2
Added Pin To Net: NetName=NetC15_2 Pin=R65-1
Added Pin To Net: NetName=WD_nRESET Pin=R65-2
Added Pin To Net: NetName=NetC15_2 Pin=R66-2
Added Pin To Net: NetName=TEC_SWEN_3 Pin=R67-2
Added Pin To Net: NetName=WD_DONE Pin=R68-1
Added Pin To Net: NetName=TEC_SWEN_4 Pin=R69-2
Added Pin To Net: NetName=WD_WAKE Pin=R70-1
Added Pin To Net: NetName=HEATER_PWM_7 Pin=R73-2
Added Pin To Net: NetName=HEATER_PWM_8 Pin=R74-2
Added Pin To Net: NetName=LASER_SW_INT_CS Pin=R75-2
Added Pin To Net: NetName=ADC_TEMP3 Pin=R76-1
Added Pin To Net: NetName=LASER_SW_EXT_CS Pin=R77-2
Added Pin To Net: NetName=ADC_TEMP4 Pin=R78-1
Added Pin To Net: NetName=SENSOR1_EN Pin=R79-2
Added Pin To Net: NetName=ADC_TEMP7 Pin=R80-1
Added Pin To Net: NetName=SENSOR2_EN Pin=R81-2
Added Pin To Net: NetName=ADC_TEMP6 Pin=R87-2
Added Pin To Net: NetName=ADC_TEMP5 Pin=R92-2
Added Pin To Net: NetName=LASER_DAC_LATCH Pin=R94-2
Added Pin To Net: NetName=TEC_nCS_1 Pin=R98-2
Added Pin To Net: NetName=TEC_nCS_2 Pin=R101-2
Added Pin To Net: NetName=TEC_EN_1 Pin=R102-2
Added Pin To Net: NetName=TEC_nCS_3 Pin=R103-2
Added Pin To Net: NetName=HEATER_PWM_6 Pin=R104-2
Added Pin To Net: NetName=SOM_TEC_SPI6_SCK Pin=R105-2
Added Pin To Net: NetName=SOM_TEC_SPI6_MISO Pin=R106-2
Added Pin To Net: NetName=SOM_TEC_SPI6_MOSI Pin=R107-2
Added Pin To Net: NetName=ADC_TEMP8 Pin=R109-2
Added Pin To Net: NetName=TEMP _SENSOR Pin=R110-2
Added Pin To Net: NetName=LASER_ADC_1 Pin=R111-2
Added Pin To Net: NetName=GND Pin=R113-1
Added Pin To Net: NetName=SOM_USB_SW_nOE Pin=R114-2
Added Pin To Net: NetName=USB_PWR1 Pin=R115-1
Added Pin To Net: NetName=USB_CONN_LED_1 Pin=R117-2
Added Pin To Net: NetName=SOM_USB_SW_SEL1 Pin=R118-1
Added Pin To Net: NetName=SOM_USB_SW_SEL0 Pin=R119-1
Added Pin To Net: NetName=USB_PWR2 Pin=R120-1
Added Pin To Net: NetName=NetJ5_4 Pin=R122-2
Added Pin To Net: NetName=USB_PWR2 Pin=R123-1
Added Pin To Net: NetName=+3.3V Pin=R123-2
Added Pin To Net: NetName=USB_PWR1 Pin=R124-1
Added Pin To Net: NetName=+3.3V Pin=R124-2
Added Pin To Net: NetName=SOM_USB_PWR_EN2 Pin=R125-1
Added Pin To Net: NetName=SOM_USB_PWR_EN1 Pin=R126-1
Added Pin To Net: NetName=+3.3V Pin=R147-2
Added Pin To Net: NetName=+3.3V Pin=R148-2
Added Pin To Net: NetName=GND Pin=R149-1
Added Pin To Net: NetName=GND Pin=R150-1
Added Pin To Net: NetName=+3.3V Pin=R151-1
Added Pin To Net: NetName=GND Pin=R152-1
Added Pin To Net: NetName=GND Pin=R153-1
Added Pin To Net: NetName=GND Pin=R154-1
Added Pin To Net: NetName=HEATER_PWM_5 Pin=R156-1
Added Pin To Net: NetName=HEATER_PWM_7 Pin=R157-1
Added Pin To Net: NetName=NetQ5_1 Pin=R157-2
Added Pin To Net: NetName=GND Pin=R159-1
Added Pin To Net: NetName=GND Pin=R160-1
Added Pin To Net: NetName=NetQ5_1 Pin=R160-2
Added Pin To Net: NetName=HEATER_PWM_8 Pin=R161-1
Added Pin To Net: NetName=NetQ6_1 Pin=R161-2
Added Pin To Net: NetName=HEATER_PWM_6 Pin=R163-1
Added Pin To Net: NetName=NetQ8_1 Pin=R163-2
Added Pin To Net: NetName=GND Pin=R164-1
Added Pin To Net: NetName=NetQ6_1 Pin=R164-2
Added Pin To Net: NetName=GND Pin=R166-1
Added Pin To Net: NetName=NetQ8_1 Pin=R166-2
Added Pin To Net: NetName=ADC_TEMP5 Pin=R172-2
Added Pin To Net: NetName=NTC5- Pin=R174-1
Added Pin To Net: NetName=GND Pin=R176-1
Added Pin To Net: NetName=NTC5- Pin=R176-2
Added Pin To Net: NetName=ADC_TEMP6 Pin=R178-2
Added Pin To Net: NetName=NTC6- Pin=R180-1
Added Pin To Net: NetName=GND Pin=R182-1
Added Pin To Net: NetName=NTC6- Pin=R182-2
Added Pin To Net: NetName=ADC_TEMP3 Pin=R183-2
Added Pin To Net: NetName=ADC_TEMP7 Pin=R184-2
Added Pin To Net: NetName=NTC3- Pin=R185-1
Added Pin To Net: NetName=NTC7- Pin=R186-1
Added Pin To Net: NetName=NTC3- Pin=R187-2
Added Pin To Net: NetName=NTC7- Pin=R188-2
Added Pin To Net: NetName=ADC_TEMP4 Pin=R189-2
Added Pin To Net: NetName=ADC_TEMP8 Pin=R190-2
Added Pin To Net: NetName=NTC4- Pin=R191-1
Added Pin To Net: NetName=NTC8- Pin=R192-1
Added Pin To Net: NetName=GND Pin=R193-1
Added Pin To Net: NetName=NTC4- Pin=R193-2
Added Pin To Net: NetName=GND Pin=R194-1
Added Pin To Net: NetName=NTC8- Pin=R194-2
Added Pin To Net: NetName=TEMP _SENSOR Pin=R195-2
Added Pin To Net: NetName=+3.3V Pin=R221-1
Added Pin To Net: NetName=+3.3V Pin=R222-1
Added Pin To Net: NetName=+3.3V Pin=R223-1
Added Pin To Net: NetName=+3.3V Pin=R224-1
Added Pin To Net: NetName=GND Pin=R228-2
Added Pin To Net: NetName=SD2_nCD Pin=R229-1
Added Pin To Net: NetName=+VCC_SD Pin=R229-2
Added Pin To Net: NetName=+VCC_SD Pin=R247-2
Added Pin To Net: NetName=+VCC_SD Pin=R248-2
Added Pin To Net: NetName=GND Pin=R256-1
Added Pin To Net: NetName=GND Pin=R257-2
Added Pin To Net: NetName=GND Pin=R258-1
Added Pin To Net: NetName=GND Pin=R259-1
Added Pin To Net: NetName=GND Pin=R260-1
Added Pin To Net: NetName=GND Pin=R262-2
Added Pin To Net: NetName=GND Pin=R265-2
Added Pin To Net: NetName=GND Pin=R266-2
Added Pin To Net: NetName=GND Pin=R268-2
Added Pin To Net: NetName=GND Pin=R269-2
Added Pin To Net: NetName=GND Pin=R271-2
Added Pin To Net: NetName=GND Pin=R272-2
Added Pin To Net: NetName=+3.3V Pin=R273-1
Added Pin To Net: NetName=+3.3V Pin=R274-1
Added Pin To Net: NetName=PHOTO_ADC_CS Pin=R274-2
Added Pin To Net: NetName=PHOTO_ADC_CONV Pin=R275-2
Added Pin To Net: NetName=+3.3V Pin=R276-1
Added Pin To Net: NetName=+VCC_SD Pin=R277-1
Added Pin To Net: NetName=+VCC_SD Pin=R278-1
Added Pin To Net: NetName=+VCC_SD Pin=R279-1
Added Pin To Net: NetName=+VCC_SD Pin=R280-1
Added Pin To Net: NetName=NetJ22_3 Pin=R282-2
Added Pin To Net: NetName=PHOTO_ADC_CS Pin=R289-1
Added Pin To Net: NetName=PHOTO_ADC_CONV Pin=R291-1
Added Pin To Net: NetName=+3.3V Pin=R295-1
Added Pin To Net: NetName=+3.3V Pin=R296-1
Added Pin To Net: NetName=LASER_DAC_LATCH Pin=R296-2
Added Pin To Net: NetName=+3.3V Pin=R297-1
Added Pin To Net: NetName=LASER_SW_INT_CS Pin=R297-2
Added Pin To Net: NetName=+3.3V Pin=R298-1
Added Pin To Net: NetName=LASER_SW_EXT_CS Pin=R298-2
Added Pin To Net: NetName=NetJ23_3 Pin=R299-2
Added Pin To Net: NetName=LASER_DAC_LATCH Pin=R303-1
Added Pin To Net: NetName=LASER_SW_INT_CS Pin=R304-1
Added Pin To Net: NetName=LASER_SW_EXT_CS Pin=R305-1
Added Pin To Net: NetName=LASER_ADC_1 Pin=R306-1
Added Pin To Net: NetName=GND Pin=R310-1
Added Pin To Net: NetName=SOM_USB_SW_nOE Pin=R312-1
Added Pin To Net: NetName=SOM_USB_SW_SEL0 Pin=R315-1
Added Pin To Net: NetName=SOM_USB_SW_SEL1 Pin=R318-1
Added Pin To Net: NetName=SOM_USB_PWR_EN1 Pin=R321-1
Added Pin To Net: NetName=GND Pin=R322-1
Added Pin To Net: NetName=SOM_USB_PWR_EN2 Pin=R324-1
Added Pin To Net: NetName=NetJ21_P3 Pin=R326-1
Added Pin To Net: NetName=NetJ21_P7 Pin=R327-1
Added Pin To Net: NetName=NetJ21_P8 Pin=R328-1
Added Pin To Net: NetName=NetJ21_P1 Pin=R329-1
Added Pin To Net: NetName=NetJ21_P2 Pin=R331-1
Added Pin To Net: NetName=NetJ21_P5 Pin=R333-1
Added Pin To Net: NetName=SD2_nCD Pin=R335-1
Added Pin To Net: NetName=SOM_CAM_CK_P Pin=R348-1
Added Pin To Net: NetName=SOM_CAM_CK_N Pin=R350-1
Added Pin To Net: NetName=SOM_CAM_D1_P Pin=R353-1
Added Pin To Net: NetName=SOM_CAM_D1_N Pin=R356-1
Added Pin To Net: NetName=SOM_CAM_D0_P Pin=R359-1
Added Pin To Net: NetName=SOM_CAM_D0_N Pin=R361-1
Added Pin To Net: NetName=USB1_N Pin=R363-1
Added Pin To Net: NetName=USB1_P Pin=R365-1
Added Pin To Net: NetName=GND Pin=R386-2
Added Pin To Net: NetName=GND Pin=R390-1
Added Pin To Net: NetName=GND Pin=R392-1
Added Pin To Net: NetName=GND Pin=R394-1
Added Pin To Net: NetName=+VCC_SD Pin=R395-2
Added Pin To Net: NetName=GND Pin=R396-1
Added Pin To Net: NetName=GND Pin=R397-1
Added Pin To Net: NetName=+VCC_SD Pin=R398-2
Added Pin To Net: NetName=GND Pin=R399-1
Added Pin To Net: NetName=+VCC_SD Pin=R400-2
Added Pin To Net: NetName=+3.3V Pin=R402-2
Added Pin To Net: NetName=+3.3V Pin=R403-2
Added Pin To Net: NetName=+3.3V Pin=R404-2
Added Pin To Net: NetName=+3.3V Pin=R405-2
Added Pin To Net: NetName=+3.3V Pin=R406-2
Added Pin To Net: NetName=+3.3V Pin=R407-1
Added Pin To Net: NetName=WD_nRESET Pin=R408-2
Added Pin To Net: NetName=+3.3V Pin=R409-2
Added Pin To Net: NetName=+3.3V Pin=R410-2
Added Pin To Net: NetName=+3.3V Pin=R411-2
Added Pin To Net: NetName=WD_nRESET Pin=R414-1
Added Pin To Net: NetName=GND Pin=R415-1
Added Pin To Net: NetName=GND Pin=R416-1
Added Pin To Net: NetName=GND Pin=R419-1
Added Pin To Net: NetName=GND Pin=R420-2
Added Pin To Net: NetName=GND Pin=R421-1
Added Pin To Net: NetName=POW_ONOFF_TEC Pin=R422-2
Added Pin To Net: NetName=+5V_TEC Pin=R424-2
Added Pin To Net: NetName=+5V_TEC Pin=R425-2
Added Pin To Net: NetName=GND Pin=R426-1
Added Pin To Net: NetName=POW_ONOFF_TEC Pin=R427-1
Added Pin To Net: NetName=GND Pin=R427-2
Added Pin To Net: NetName=GND Pin=R428-1
Added Pin To Net: NetName=GND Pin=R429-1
Added Pin To Net: NetName=eFUSE_ILIM_5V_TEC Pin=R429-2
Added Pin To Net: NetName=POW_ONOFF_HD4 Pin=R430-2
Added Pin To Net: NetName=+5V_HD4 Pin=R432-2
Added Pin To Net: NetName=+5V_HD4 Pin=R433-2
Added Pin To Net: NetName=GND Pin=R434-1
Added Pin To Net: NetName=POW_ONOFF_HD4 Pin=R435-1
Added Pin To Net: NetName=GND Pin=R435-2
Added Pin To Net: NetName=GND Pin=R436-1
Added Pin To Net: NetName=GND Pin=R437-1
Added Pin To Net: NetName=eFUSE_ILIM_5V_HD4 Pin=R437-2
Added Pin To Net: NetName=POW_ONOFF_Solenoid Pin=R438-2
Added Pin To Net: NetName=GND Pin=R442-1
Added Pin To Net: NetName=POW_ONOFF_Solenoid Pin=R443-1
Added Pin To Net: NetName=GND Pin=R443-2
Added Pin To Net: NetName=GND Pin=R444-1
Added Pin To Net: NetName=GND Pin=R445-1
Added Pin To Net: NetName=GND Pin=R449-1
Added Pin To Net: NetName=GND Pin=R454-1
Added Pin To Net: NetName=GND Pin=R459-1
Added Pin To Net: NetName=PHOTO_ADC_CS Pin=R?-1
Added Pin To Net: NetName=NetR1_1 Pin=U1-1
Added Pin To Net: NetName=NetR1_1 Pin=U1-1
Added Pin To Net: NetName=+12V_Heater Pin=U1-6
Added Pin To Net: NetName=GND Pin=U1-8
Added Pin To Net: NetName=GND Pin=U2-6
Added Pin To Net: NetName=GND Pin=U2-6
Added Pin To Net: NetName=GND Pin=U2-6
Added Pin To Net: NetName=GND Pin=U2-6
Added Pin To Net: NetName=GND Pin=U2-6
Added Pin To Net: NetName=GND Pin=U2-6
Added Pin To Net: NetName=GND Pin=U2-6
Added Pin To Net: NetName=GND Pin=U2-6
Added Pin To Net: NetName=GND Pin=U2-6
Added Pin To Net: NetName=+12V_Heater Pin=U2-7
Added Pin To Net: NetName=GND Pin=U2-9
Added Pin To Net: NetName=+3.3V Pin=U3-5
Added Pin To Net: NetName=+3.3V Pin=U3-9
Added Pin To Net: NetName=ADC_TEMP2 Pin=U3-22
Added Pin To Net: NetName=ADC_TEMP1 Pin=U3-23
Added Pin To Net: NetName=+3.3V Pin=U3-30
Added Pin To Net: NetName=+3.3V Pin=U3-43
Added Pin To Net: NetName=GND Pin=U3-44
Added Pin To Net: NetName=GND Pin=U3-61
Added Pin To Net: NetName=+3.3V Pin=U3-72
Added Pin To Net: NetName=+3.3V Pin=U3-80
Added Pin To Net: NetName=GND Pin=U3-95
Added Pin To Net: NetName=+3.3V Pin=U3-96
Added Pin To Net: NetName=GND Pin=U3-115
Added Pin To Net: NetName=+3.3V Pin=U3-134
Added Pin To Net: NetName=GND Pin=U3-135
Added Pin To Net: NetName=GND Pin=U3-138
Added Pin To Net: NetName=+3.3V Pin=U3-143
Added Pin To Net: NetName=SOM_USB_SW_SEL1 Pin=U4-5
Added Pin To Net: NetName=SOM_USB_SW_SEL0 Pin=U4-6
Added Pin To Net: NetName=SOM_USB_SW_nOE Pin=U4-15
Added Pin To Net: NetName=SOM_USB_PWR_EN1 Pin=U5-1
Added Pin To Net: NetName=SOM_USB_PWR_EN2 Pin=U5-4
Added Pin To Net: NetName=TEC_ADC_1 Pin=U10-2
Added Pin To Net: NetName=TEC_ADC_2 Pin=U10-3
Added Pin To Net: NetName=TEC_ADC_3 Pin=U10-4
Added Pin To Net: NetName=TEC_ADC_4 Pin=U10-5
Added Pin To Net: NetName=eFUSE_ILIM_5V_TEC Pin=U10-6
Added Pin To Net: NetName=eFUSE_ILIM_5V_HD4 Pin=U10-7
Added Pin To Net: NetName=GND Pin=U10-11
Added Pin To Net: NetName=GND Pin=U10-25
Added Pin To Net: NetName=+3.3V Pin=U10-26
Added Pin To Net: NetName=GND Pin=U10-29
Added Pin To Net: NetName=+3.3V Pin=U11-8
Added Pin To Net: NetName=GND Pin=U12-4
Added Pin To Net: NetName=+3.3V Pin=U12-8
Added Pin To Net: NetName=GND Pin=U14-4
Added Pin To Net: NetName=+3.3V Pin=U14-8
Added Pin To Net: NetName=+3.3V Pin=U15-1
Added Pin To Net: NetName=GND Pin=U15-3
Added Pin To Net: NetName=+3.3V Pin=U20-1
Added Pin To Net: NetName=GND Pin=U20-4
Added Pin To Net: NetName=+3.3V Pin=U20-8
Added Pin To Net: NetName=GND Pin=U23-G2
Added Pin To Net: NetName=GND Pin=U23-G2
Added Pin To Net: NetName=GND Pin=U23-G3
Added Pin To Net: NetName=GND Pin=U23-G3
Added Pin To Net: NetName=GND Pin=U23-G4
Added Pin To Net: NetName=GND Pin=U23-G4
Added Pin To Net: NetName=GND Pin=U23-G5
Added Pin To Net: NetName=GND Pin=U23-G5
Added Pin To Net: NetName=GND Pin=U23-G6
Added Pin To Net: NetName=GND Pin=U23-G6
Added Pin To Net: NetName=GND Pin=U23-G7
Added Pin To Net: NetName=GND Pin=U23-G7
Added Pin To Net: NetName=GND Pin=U23-G8
Added Pin To Net: NetName=GND Pin=U23-G8
Added Pin To Net: NetName=GND Pin=U23-G9
Added Pin To Net: NetName=GND Pin=U23-G9
Added Pin To Net: NetName=GND Pin=U23-H2
Added Pin To Net: NetName=GND Pin=U23-H2
Added Pin To Net: NetName=GND Pin=U23-H9
Added Pin To Net: NetName=GND Pin=U23-H9
Added Pin To Net: NetName=GND Pin=U23-J5
Added Pin To Net: NetName=GND Pin=U23-J5
Added Pin To Net: NetName=GND Pin=U23-L3
Added Pin To Net: NetName=GND Pin=U23-L3
Added Pin To Net: NetName=GND Pin=U23-L8
Added Pin To Net: NetName=GND Pin=U23-L8
Added Pin To Net: NetName=GND Pin=U23-M4
Added Pin To Net: NetName=GND Pin=U23-M4
Added Pin To Net: NetName=GND Pin=U23-M7
Added Pin To Net: NetName=GND Pin=U23-M7
Added Pin To Net: NetName=GND Pin=U23-P2
Added Pin To Net: NetName=GND Pin=U23-P2
Added Pin To Net: NetName=GND Pin=U23-P9
Added Pin To Net: NetName=GND Pin=U23-P9
Added Pin To Net: NetName=GND Pin=U24-8
Added Pin To Net: NetName=NetC145_2 Pin=U24-10
Added Pin To Net: NetName=NetC145_2 Pin=U24-10
Add Pin To Net: Unknown Pin: Pin U25-1
Add Pin To Net: Unknown Pin: Pin U25-7
Add Pin To Net: Unknown Pin: Pin U25-9
Add Pin To Net: Unknown Pin: Pin U26-1
Add Pin To Net: Unknown Pin: Pin U26-9
Add Pin To Net: Unknown Pin: Pin U27-1
Add Pin To Net: Unknown Pin: Pin U27-9
Add Pin To Net: Unknown Pin: Pin U28-1
Add Pin To Net: Unknown Pin: Pin U28-9
Added Pin To Net: NetName=GND Pin=U29-1
Added Pin To Net: NetName=GND Pin=U29-2
Added Pin To Net: NetName=GND Pin=U29-13
Added Pin To Net: NetName=GND Pin=U29-18
Added Pin To Net: NetName=GND Pin=U29-25
Added Pin To Net: NetName=GND Pin=U29-40
Added Pin To Net: NetName=GND Pin=U29-41
Added Pin To Net: NetName=GND Pin=U29-42
Added Pin To Net: NetName=GND Pin=U29-43
Added Pin To Net: NetName=GND Pin=U29-51
Added Pin To Net: NetName=GND Pin=U29-70
Added Pin To Net: NetName=GND Pin=U29-73
Added Pin To Net: NetName=GND Pin=U29-78
Added Pin To Net: NetName=GND Pin=U29-83
Added Pin To Net: NetName=GND Pin=U29-84
Added Pin To Net: NetName=GND Pin=U29-94
Added Pin To Net: NetName=GND Pin=U29-95
Added Pin To Net: NetName=GND Pin=U29-96
Added Pin To Net: NetName=GND Pin=U29-97
Added Pin To Net: NetName=GND Pin=U29-108
Added Pin To Net: NetName=GND Pin=U29-112
Added Pin To Net: NetName=GND Pin=U29-135
Added Pin To Net: NetName=GND Pin=U29-136
Added Pin To Net: NetName=GND Pin=U29-137
Added Pin To Net: NetName=GND Pin=U29-138
Added Pin To Net: NetName=GND Pin=U29-145
Added Pin To Net: NetName=GND Pin=U29-147
Added Pin To Net: NetName=GND Pin=U29-161
Added Pin To Net: NetName=GND Pin=U29-169
Added Pin To Net: NetName=GND Pin=U29-189
Added Pin To Net: NetName=GND Pin=U29-190
Added Pin To Net: NetName=+3.3V Pin=U30-2
Added Pin To Net: NetName=GND Pin=U30-6
Added Pin To Net: NetName=GND Pin=U31-4
Added Pin To Net: NetName=+3.3V Pin=U31-8
Added Pin To Net: NetName=SOM_TEC_SPI6_SCK Pin=U32-5
Added Pin To Net: NetName=GND Pin=U32-8
Added Pin To Net: NetName=SOM_TEC_SPI6_MOSI Pin=U32-11
Added Pin To Net: NetName=SOM_TEC_SPI6_MISO Pin=U32-14
Added Pin To Net: NetName=+3.3V Pin=U32-16
Added Pin To Net: NetName=GND Pin=U33-4
Added Pin To Net: NetName=+3.3V Pin=U33-8
Added Pin To Net: NetName=+3.3V Pin=U34-1
Added Pin To Net: NetName=GND Pin=U34-2
Added Pin To Net: NetName=WD_DONE Pin=U34-4
Added Pin To Net: NetName=WD_WAKE Pin=U34-5
Added Pin To Net: NetName=GND Pin=U35-6
Added Pin To Net: NetName=GND Pin=U35-6
Added Pin To Net: NetName=GND Pin=U35-6
Added Pin To Net: NetName=GND Pin=U35-6
Added Pin To Net: NetName=GND Pin=U35-6
Added Pin To Net: NetName=GND Pin=U35-6
Added Pin To Net: NetName=GND Pin=U35-6
Added Pin To Net: NetName=GND Pin=U35-6
Added Pin To Net: NetName=GND Pin=U35-6
Added Pin To Net: NetName=+12V_Heater Pin=U35-7
Added Pin To Net: NetName=GND Pin=U35-9
Added Pin To Net: NetName=POW_ONOFF_TEC Pin=U36-1
Added Pin To Net: NetName=POW_ONOFF_TEC Pin=U36-1
Added Pin To Net: NetName=+5V_TEC Pin=U36-6
Added Pin To Net: NetName=GND Pin=U36-8
Added Pin To Net: NetName=eFUSE_ILIM_5V_TEC Pin=U36-9
Added Pin To Net: NetName=POW_ONOFF_HD4 Pin=U37-1
Added Pin To Net: NetName=POW_ONOFF_HD4 Pin=U37-1
Added Pin To Net: NetName=+5V_HD4 Pin=U37-6
Added Pin To Net: NetName=GND Pin=U37-8
Added Pin To Net: NetName=eFUSE_ILIM_5V_HD4 Pin=U37-9
Added Pin To Net: NetName=NetC170_2 Pin=U37-10
Added Pin To Net: NetName=NetC170_2 Pin=U37-10
Added Pin To Net: NetName=POW_ONOFF_Solenoid Pin=U38-1
Added Pin To Net: NetName=POW_ONOFF_Solenoid Pin=U38-1
Added Pin To Net: NetName=GND Pin=U38-8
Added Pin To Net: NetName=GND Pin=U39-2
Added Pin To Net: NetName=+VCC_SD Pin=U39-3
Added Pin To Net: NetName=GND Pin=U40-2
Added Pin To Net: NetName=+VCC_SD Pin=U40-3
Added Pin To Net: NetName=GND Pin=U41-2
Added Pin To Net: NetName=+3.3V Pin=U41-3
Added Pin To Net: NetName=GND Pin=VR2-1
Added Pin To Net: NetName=+VCC_SD Pin=VR2-2
Added Pin To Net: NetName=+VCC_SD Pin=VR2-4
Added Pin To Net: NetName=GND Pin=XC1-3
Added Pin To Net: NetName=GND Pin=XC2-2
Added Pin To Net: NetName=GND Pin=XC2-4
Change Net Name : Old Net Name=+3.3V New Net Name=3.3V_MCU
Change Net Name : Old Net Name=+5V_HD4 New Net Name=5V_HD4
Change Net Name : Old Net Name=+5V_TEC New Net Name=5V_TEC
Change Net Name : Old Net Name=+12V_Heater New Net Name=EXP_12V
Change Net Name : Old Net Name=+VCC_SD New Net Name=3.3V_SOM
Change Net Name : Old Net Name=NetC110_1 New Net Name=NetC59_1
Change Net Name : Old Net Name=NetC110_2 New Net Name=NetC59_2
Change Net Name : Old Net Name=NetC111_1 New Net Name=NetC60_1
Change Net Name : Old Net Name=NetC111_2 New Net Name=NetC60_2
Change Net Name : Old Net Name=NetC114_2 New Net Name=NetC63_2
Change Net Name : Old Net Name=NetC115_2 New Net Name=NetC64_2
Change Net Name : Old Net Name=NetC132_1 New Net Name=NetC81_1
Change Net Name : Old Net Name=NetC132_2 New Net Name=NetC81_2
Change Net Name : Old Net Name=NetC133_1 New Net Name=NetC82_1
Change Net Name : Old Net Name=NetC133_2 New Net Name=NetC82_2
Change Net Name : Old Net Name=NetC136_2 New Net Name=NetC85_2
Change Net Name : Old Net Name=NetC137_2 New Net Name=NetC86_2
Change Net Name : Old Net Name=NetC146_2 New Net Name=NetC91_2
Change Net Name : Old Net Name=NetC154_2 New Net Name=NetC97_2
Change Net Name : Old Net Name=NetJ21_P1 New Net Name=SD2_DATA2
Change Net Name : Old Net Name=NetJ21_P2 New Net Name=SD2_DATA3
Change Net Name : Old Net Name=NetJ21_P3 New Net Name=SD2_CMD
Change Net Name : Old Net Name=NetJ21_P5 New Net Name=SD2_CLK
Change Net Name : Old Net Name=NetJ21_P7 New Net Name=SD2_DATA0
Change Net Name : Old Net Name=NetJ21_P8 New Net Name=SD2_DATA1
Change Net Name : Old Net Name=NetQ1_1 New Net Name=NetQ3_1
Change Net Name : Old Net Name=NetQ2_1 New Net Name=NetQ9_1
Change Net Name : Old Net Name=NetQ3_1 New Net Name=NetQ7_1
Change Net Name : Old Net Name=NetQ4_1 New Net Name=NetQ10_1
Change Net Name : Old Net Name=NetR131_2 New Net Name=NetR129_2
Change Net Name : Old Net Name=NetR132_2 New Net Name=NetR130_2
Change Net Name : Old Net Name=NetR133_1 New Net Name=NetR131_1
Change Net Name : Old Net Name=NetR134_1 New Net Name=NetR132_1
Change Net Name : Old Net Name=NetR141_2 New Net Name=NetR139_2
Change Net Name : Old Net Name=NetR142_2 New Net Name=NetR140_2
Change Net Name : Old Net Name=NetR143_1 New Net Name=NetR141_1
Change Net Name : Old Net Name=NetR144_1 New Net Name=NetR142_1
Change Net Name : Old Net Name=NetR157_1 New Net Name=NetR171_1
Change Net Name : Old Net Name=NetR163_1 New Net Name=NetR177_1
Change Net Name : Old Net Name=NetR213_2 New Net Name=NetR208_2
Change Net Name : Old Net Name=NetR214_2 New Net Name=NetR209_2
Change Net Name : Old Net Name=NetR219_1 New Net Name=NetR214_1
Change Net Name : Old Net Name=NetR220_1 New Net Name=NetR215_1
Change Net Name : Old Net Name=NetR396_1 New Net Name=NetR204_1
Change Net Name : Old Net Name=NetR397_1 New Net Name=NetR205_1
Change Net Name : Old Net Name=SOM_TEC_SPI6_MISO New Net Name=TEC_SPI_MISO
Change Net Name : Old Net Name=SOM_TEC_SPI6_MOSI New Net Name=TEC_SPI_MOSI
Change Net Name : Old Net Name=SOM_TEC_SPI6_SCK New Net Name=TEC_SPI_SCK
Change Net Color : Old Net Color=RGB(255, 153, 255) New Net Color=Default
Change Net Color : Old Net Color=RGB(255, 153, 255) New Net Color=Default
Change Net Color : Old Net Color=RGB(153, 255, 153) New Net Color=RGB(238, 14, 34)
Change Net Color : Old Net Color=RGB(158, 161, 117) New Net Color=Yellow
Change Net Color : Old Net Color=RGB(204, 153, 0) New Net Color=RGB(176, 176, 176)
Change Net Color : Old Net Color=RGB(110, 255, 255) New Net Color=Default
Change Net Color : Old Net Color=RGB(110, 255, 255) New Net Color=Default
Change Net Color : Old Net Color=RGB(110, 255, 255) New Net Color=Default
Added Pin To Net: NetName=+VDDCORE Pin=C22-1
Added Pin To Net: NetName=+VDDCORE Pin=C32-2
Added Pin To Net: NetName=+VDDCORE Pin=C33-2
Added Pin To Net: NetName=+VDDCORE Pin=C34-2
Added Pin To Net: NetName=+VDDCORE Pin=C35-2
Added Pin To Net: NetName=+VDDCORE Pin=C36-2
Added Pin To Net: NetName=+VDDCORE Pin=C37-2
Added Pin To Net: NetName=+VDDCORE Pin=C38-2
Added Pin To Net: NetName=+VDDCORE Pin=C39-2
Added Pin To Net: NetName=+VDDCORE Pin=U3-3
Added Pin To Net: NetName=+VDDCORE Pin=U3-29
Added Pin To Net: NetName=+VDDCORE Pin=U3-33
Added Pin To Net: NetName=+VDDCORE Pin=U3-50
Added Pin To Net: NetName=+VDDCORE Pin=U3-81
Added Pin To Net: NetName=+VDDCORE Pin=U3-107
Added Pin To Net: NetName=+VDDCORE Pin=U3-123
Added Pin To Net: NetName=+VDDCORE Pin=U3-139
Added Net: Name=+VDDCORE
Added Pin To Net: NetName=3.3_VBAT Pin=C?-2
Added Pin To Net: NetName=3.3_VBAT Pin=J?-1
Added Pin To Net: NetName=3.3_VBAT Pin=R308-1
Added Pin To Net: NetName=3.3_VBAT Pin=U30-9
Added Net: Name=3.3_VBAT
Added Pin To Net: NetName=3V3_SOM Pin=C130-2
Added Pin To Net: NetName=3V3_SOM Pin=C131-2
Added Pin To Net: NetName=3V3_SOM Pin=C132-2
Added Pin To Net: NetName=3V3_SOM Pin=C133-2
Added Pin To Net: NetName=3V3_SOM Pin=C134-2
Added Pin To Net: NetName=3V3_SOM Pin=C135-2
Added Pin To Net: NetName=3V3_SOM Pin=C136-2
Added Pin To Net: NetName=3V3_SOM Pin=C137-2
Added Pin To Net: NetName=3V3_SOM Pin=C138-2
Added Pin To Net: NetName=3V3_SOM Pin=C139-2
Added Pin To Net: NetName=3V3_SOM Pin=R236-2
Added Pin To Net: NetName=3V3_SOM Pin=R237-2
Added Pin To Net: NetName=3V3_SOM Pin=R238-2
Added Pin To Net: NetName=3V3_SOM Pin=R239-2
Added Pin To Net: NetName=3V3_SOM Pin=R240-2
Added Pin To Net: NetName=3V3_SOM Pin=R241-2
Added Pin To Net: NetName=3V3_SOM Pin=R242-2
Added Pin To Net: NetName=3V3_SOM Pin=R243-2
Added Pin To Net: NetName=3V3_SOM Pin=R244-2
Added Pin To Net: NetName=3V3_SOM Pin=R245-2
Added Pin To Net: NetName=3V3_SOM Pin=R246-2
Added Pin To Net: NetName=3V3_SOM Pin=U23-F2
Added Pin To Net: NetName=3V3_SOM Pin=U23-F2
Added Pin To Net: NetName=3V3_SOM Pin=U23-F3
Added Pin To Net: NetName=3V3_SOM Pin=U23-F3
Added Pin To Net: NetName=3V3_SOM Pin=U23-F4
Added Pin To Net: NetName=3V3_SOM Pin=U23-F4
Added Pin To Net: NetName=3V3_SOM Pin=U23-F5
Added Pin To Net: NetName=3V3_SOM Pin=U23-F5
Added Pin To Net: NetName=3V3_SOM Pin=U23-F6
Added Pin To Net: NetName=3V3_SOM Pin=U23-F6
Added Pin To Net: NetName=3V3_SOM Pin=U23-F7
Added Pin To Net: NetName=3V3_SOM Pin=U23-F7
Added Pin To Net: NetName=3V3_SOM Pin=U23-F8
Added Pin To Net: NetName=3V3_SOM Pin=U23-F8
Added Pin To Net: NetName=3V3_SOM Pin=U23-F9
Added Pin To Net: NetName=3V3_SOM Pin=U23-F9
Added Pin To Net: NetName=3V3_SOM Pin=U23-H3
Added Pin To Net: NetName=3V3_SOM Pin=U23-H3
Added Pin To Net: NetName=3V3_SOM Pin=U23-H8
Added Pin To Net: NetName=3V3_SOM Pin=U23-H8
Added Pin To Net: NetName=3V3_SOM Pin=U23-L2
Added Pin To Net: NetName=3V3_SOM Pin=U23-L2
Added Pin To Net: NetName=3V3_SOM Pin=U23-L4
Added Pin To Net: NetName=3V3_SOM Pin=U23-L4
Added Pin To Net: NetName=3V3_SOM Pin=U23-L7
Added Pin To Net: NetName=3V3_SOM Pin=U23-L7
Added Pin To Net: NetName=3V3_SOM Pin=U23-L9
Added Pin To Net: NetName=3V3_SOM Pin=U23-L9
Added Pin To Net: NetName=3V3_SOM Pin=U23-P3
Added Pin To Net: NetName=3V3_SOM Pin=U23-P3
Added Pin To Net: NetName=3V3_SOM Pin=U23-P8
Added Pin To Net: NetName=3V3_SOM Pin=U23-P8
Added Net: Name=3V3_SOM
Added Pin To Net: NetName=5/12V_Solenoid Pin=C172-2
Added Pin To Net: NetName=5/12V_Solenoid Pin=C173-2
Added Pin To Net: NetName=5/12V_Solenoid Pin=D17-1
Added Pin To Net: NetName=5/12V_Solenoid Pin=DS8-2
Added Pin To Net: NetName=5/12V_Solenoid Pin=JP9-2
Added Pin To Net: NetName=5/12V_Solenoid Pin=R440-2
Added Pin To Net: NetName=5/12V_Solenoid Pin=R441-2
Added Pin To Net: NetName=5/12V_Solenoid Pin=U38-6
Added Net: Name=5/12V_Solenoid
Added Pin To Net: NetName=5V_MAIN Pin=C142-2
Added Pin To Net: NetName=5V_MAIN Pin=C143-2
Added Pin To Net: NetName=5V_MAIN Pin=C147-1
Added Pin To Net: NetName=5V_MAIN Pin=D13-1
Added Pin To Net: NetName=5V_MAIN Pin=DS3-2
Added Pin To Net: NetName=5V_MAIN Pin=JP2-1
Added Pin To Net: NetName=5V_MAIN Pin=JP3-2
Added Pin To Net: NetName=5V_MAIN Pin=R253-2
Added Pin To Net: NetName=5V_MAIN Pin=R254-2
Added Pin To Net: NetName=5V_MAIN Pin=R379-1
Added Pin To Net: NetName=5V_MAIN Pin=U24-6
Added Pin To Net: NetName=5V_MAIN Pin=U29-9
Added Pin To Net: NetName=5V_MAIN Pin=U29-10
Added Pin To Net: NetName=5V_MAIN Pin=VR2-3
Added Net: Name=5V_MAIN
Added Pin To Net: NetName=5V_MCU Pin=C10-1
Added Pin To Net: NetName=5V_MCU Pin=C13-2
Added Pin To Net: NetName=5V_MCU Pin=C14-2
Added Pin To Net: NetName=5V_MCU Pin=C144-2
Added Pin To Net: NetName=5V_MCU Pin=DS1-2
Added Pin To Net: NetName=5V_MCU Pin=JP3-1
Added Pin To Net: NetName=5V_MCU Pin=L1-2
Added Pin To Net: NetName=5V_MCU Pin=R7-2
Added Pin To Net: NetName=5V_MCU Pin=R251-2
Added Pin To Net: NetName=5V_MCU Pin=R252-2
Added Pin To Net: NetName=5V_MCU Pin=R261-1
Added Pin To Net: NetName=5V_MCU Pin=R264-1
Added Pin To Net: NetName=5V_MCU Pin=R267-1
Added Pin To Net: NetName=5V_MCU Pin=R270-1
Added Pin To Net: NetName=5V_MCU Pin=R417-1
Added Pin To Net: NetName=5V_MCU Pin=R422-1
Added Pin To Net: NetName=5V_MCU Pin=R430-1
Added Pin To Net: NetName=5V_MCU Pin=R438-1
Added Pin To Net: NetName=5V_MCU Pin=U24-5
Added Pin To Net: NetName=5V_MCU Pin=VR1-3
Added Net: Name=5V_MCU
Added Pin To Net: NetName=5V_PERI Pin=C160-2
Added Pin To Net: NetName=5V_PERI Pin=C161-2
Added Pin To Net: NetName=5V_PERI Pin=C164-2
Added Pin To Net: NetName=5V_PERI Pin=C169-2
Added Pin To Net: NetName=5V_PERI Pin=DS5-2
Added Pin To Net: NetName=5V_PERI Pin=JP5-1
Added Pin To Net: NetName=5V_PERI Pin=JP6-1
Added Pin To Net: NetName=5V_PERI Pin=JP8-1
Added Pin To Net: NetName=5V_PERI Pin=L6-2
Added Pin To Net: NetName=5V_PERI Pin=R418-2
Added Pin To Net: NetName=5V_PERI Pin=R423-2
Added Pin To Net: NetName=5V_PERI Pin=R431-2
Added Pin To Net: NetName=5V_PERI Pin=U36-5
Added Pin To Net: NetName=5V_PERI Pin=U37-5
Added Net: Name=5V_PERI
Added Pin To Net: NetName=24M_EN Pin=R99-1
Added Pin To Net: NetName=24M_EN Pin=R310-2
Added Pin To Net: NetName=24M_EN Pin=U29-98
Added Net: Name=24M_EN
Added Pin To Net: NetName=_PA0 Pin=R355-2
Added Pin To Net: NetName=_PA0 Pin=U29-125
Added Net: Name=_PA0
Added Pin To Net: NetName=_PA1 Pin=R366-2
Added Pin To Net: NetName=_PA1 Pin=U29-130
Added Net: Name=_PA1
Added Pin To Net: NetName=_PA2 Pin=R358-2
Added Pin To Net: NetName=_PA2 Pin=U29-126
Added Net: Name=_PA2
Added Pin To Net: NetName=_PA3 Pin=R362-2
Added Pin To Net: NetName=_PA3 Pin=U29-128
Added Net: Name=_PA3
Added Pin To Net: NetName=_PA4 Pin=R346-2
Added Pin To Net: NetName=_PA4 Pin=U29-121
Added Net: Name=_PA4
Added Pin To Net: NetName=_PA5 Pin=R360-2
Added Pin To Net: NetName=_PA5 Pin=U29-127
Added Net: Name=_PA5
Added Pin To Net: NetName=_PA6 Pin=R352-2
Added Pin To Net: NetName=_PA6 Pin=U29-124
Added Net: Name=_PA6
Added Pin To Net: NetName=_PA7 Pin=R349-2
Added Pin To Net: NetName=_PA7 Pin=U29-123
Added Net: Name=_PA7
Added Pin To Net: NetName=_PA8 Pin=R347-2
Added Pin To Net: NetName=_PA8 Pin=U29-122
Added Net: Name=_PA8
Added Pin To Net: NetName=_PA9 Pin=R343-2
Added Pin To Net: NetName=_PA9 Pin=U29-119
Added Net: Name=_PA9
Added Pin To Net: NetName=_PA10 Pin=R344-2
Added Pin To Net: NetName=_PA10 Pin=U29-120
Added Net: Name=_PA10
Added Pin To Net: NetName=_PA11 Pin=R364-2
Added Pin To Net: NetName=_PA11 Pin=U29-129
Added Net: Name=_PA11
Added Pin To Net: NetName=_PA12 Pin=R395-1
Added Pin To Net: NetName=_PA12 Pin=R396-2
Added Pin To Net: NetName=_PA12 Pin=U29-131
Added Net: Name=_PA12
Added Pin To Net: NetName=_PA13 Pin=R398-1
Added Pin To Net: NetName=_PA13 Pin=R399-2
Added Pin To Net: NetName=_PA13 Pin=U29-132
Added Net: Name=_PA13
Added Pin To Net: NetName=_PA14 Pin=R400-1
Added Pin To Net: NetName=_PA14 Pin=R401-2
Added Pin To Net: NetName=_PA14 Pin=U29-133
Added Net: Name=_PA14
Added Pin To Net: NetName=_PA15 Pin=U29-180
Added Net: Name=_PA15
Added Pin To Net: NetName=_PA16 Pin=U29-179
Added Net: Name=_PA16
Added Pin To Net: NetName=_PA17 Pin=R367-2
Added Pin To Net: NetName=_PA17 Pin=U29-174
Added Net: Name=_PA17
Added Pin To Net: NetName=_PA18 Pin=R371-2
Added Pin To Net: NetName=_PA18 Pin=U29-177
Added Net: Name=_PA18
Added Pin To Net: NetName=_PA19 Pin=U29-182
Added Net: Name=_PA19
Added Pin To Net: NetName=_PA20 Pin=U29-175
Added Net: Name=_PA20
Added Pin To Net: NetName=_PA21 Pin=U29-178
Added Net: Name=_PA21
Added Pin To Net: NetName=_PA22 Pin=R370-2
Added Pin To Net: NetName=_PA22 Pin=U29-176
Added Net: Name=_PA22
Added Pin To Net: NetName=_PA23 Pin=U29-184
Added Net: Name=_PA23
Added Pin To Net: NetName=_PA24 Pin=U29-183
Added Net: Name=_PA24
Added Pin To Net: NetName=_PA25 Pin=U29-181
Added Net: Name=_PA25
Added Pin To Net: NetName=_PA26 Pin=R378-2
Added Pin To Net: NetName=_PA26 Pin=U29-185
Added Net: Name=_PA26
Added Pin To Net: NetName=_PA27 Pin=R381-2
Added Pin To Net: NetName=_PA27 Pin=U29-186
Added Net: Name=_PA27
Added Pin To Net: NetName=_PA28 Pin=R383-2
Added Pin To Net: NetName=_PA28 Pin=U29-187
Added Net: Name=_PA28
Added Pin To Net: NetName=_PA29 Pin=R385-2
Added Pin To Net: NetName=_PA29 Pin=U29-188
Added Net: Name=_PA29
Added Pin To Net: NetName=_PA30 Pin=U29-3
Added Net: Name=_PA30
Added Pin To Net: NetName=_PA31 Pin=R311-2
Added Pin To Net: NetName=_PA31 Pin=U29-4
Added Net: Name=_PA31
Added Pin To Net: NetName=_PB0 Pin=R319-2
Added Pin To Net: NetName=_PB0 Pin=U29-7
Added Net: Name=_PB0
Added Pin To Net: NetName=_PB1 Pin=R313-2
Added Pin To Net: NetName=_PB1 Pin=U29-5
Added Net: Name=_PB1
Added Pin To Net: NetName=_PB2 Pin=R316-2
Added Pin To Net: NetName=_PB2 Pin=U29-6
Added Net: Name=_PB2
Added Pin To Net: NetName=_PB3 Pin=U29-139
Added Net: Name=_PB3
Added Pin To Net: NetName=_PB4 Pin=R312-2
Added Pin To Net: NetName=_PB4 Pin=U29-140
Added Net: Name=_PB4
Added Pin To Net: NetName=_PB5 Pin=R315-2
Added Pin To Net: NetName=_PB5 Pin=U29-141
Added Net: Name=_PB5
Added Pin To Net: NetName=_PB6 Pin=R318-2
Added Pin To Net: NetName=_PB6 Pin=U29-142
Added Net: Name=_PB6
Added Pin To Net: NetName=_PB7 Pin=R321-2
Added Pin To Net: NetName=_PB7 Pin=U29-143
Added Net: Name=_PB7
Added Pin To Net: NetName=_PB8 Pin=R324-2
Added Pin To Net: NetName=_PB8 Pin=U29-144
Added Net: Name=_PB8
Added Pin To Net: NetName=_PB9 Pin=U29-156
Added Net: Name=_PB9
Added Pin To Net: NetName=_PB10 Pin=U29-148
Added Net: Name=_PB10
Added Pin To Net: NetName=_PB11 Pin=U29-158
Added Net: Name=_PB11
Added Pin To Net: NetName=_PB12 Pin=R339-2
Added Pin To Net: NetName=_PB12 Pin=U29-157
Added Net: Name=_PB12
Added Pin To Net: NetName=_PB13 Pin=U29-151
Added Net: Name=_PB13
Added Pin To Net: NetName=_PB14 Pin=R336-2
Added Pin To Net: NetName=_PB14 Pin=U29-155
Added Net: Name=_PB14
Added Pin To Net: NetName=_PB15 Pin=U29-154
Added Net: Name=_PB15
Added Pin To Net: NetName=_PB16 Pin=U29-152
Added Net: Name=_PB16
Added Pin To Net: NetName=_PB17 Pin=U29-159
Added Net: Name=_PB17
Added Pin To Net: NetName=_PB18 Pin=U29-150
Added Net: Name=_PB18
Added Pin To Net: NetName=_PB19 Pin=U29-149
Added Net: Name=_PB19
Added Pin To Net: NetName=_PB20 Pin=U29-153
Added Net: Name=_PB20
Added Pin To Net: NetName=_PB21 Pin=U29-160
Added Net: Name=_PB21
Added Pin To Net: NetName=_PB28 Pin=U29-52
Added Net: Name=_PB28
Added Pin To Net: NetName=_PB29 Pin=R326-2
Added Pin To Net: NetName=_PB29 Pin=U29-53
Added Net: Name=_PB29
Added Pin To Net: NetName=_PB30 Pin=R333-2
Added Pin To Net: NetName=_PB30 Pin=U29-58
Added Net: Name=_PB30
Added Pin To Net: NetName=_PB31 Pin=R327-2
Added Pin To Net: NetName=_PB31 Pin=U29-54
Added Net: Name=_PB31
Added Pin To Net: NetName=_PC0 Pin=R328-2
Added Pin To Net: NetName=_PC0 Pin=U29-55
Added Net: Name=_PC0
Added Pin To Net: NetName=_PC1 Pin=R329-2
Added Pin To Net: NetName=_PC1 Pin=U29-56
Added Net: Name=_PC1
Added Pin To Net: NetName=_PC2 Pin=R331-2
Added Pin To Net: NetName=_PC2 Pin=U29-57
Added Net: Name=_PC2
Added Pin To Net: NetName=_PC3 Pin=R389-1
Added Pin To Net: NetName=_PC3 Pin=R390-2
Added Pin To Net: NetName=_PC3 Pin=U29-59
Added Net: Name=_PC3
Added Pin To Net: NetName=_PC4 Pin=R335-2
Added Pin To Net: NetName=_PC4 Pin=R391-1
Added Pin To Net: NetName=_PC4 Pin=R392-2
Added Pin To Net: NetName=_PC4 Pin=U29-60
Added Net: Name=_PC4
Added Pin To Net: NetName=_PC5 Pin=R393-1
Added Pin To Net: NetName=_PC5 Pin=R394-2
Added Pin To Net: NetName=_PC5 Pin=U29-61
Added Net: Name=_PC5
Added Pin To Net: NetName=_PC6 Pin=U29-62
Added Net: Name=_PC6
Added Pin To Net: NetName=_PC7 Pin=U29-85
Added Net: Name=_PC7
Added Pin To Net: NetName=_PC8 Pin=U29-86
Added Net: Name=_PC8
Added Pin To Net: NetName=_PC9 Pin=R374-2
Added Pin To Net: NetName=_PC9 Pin=U29-87
Added Net: Name=_PC9
Added Pin To Net: NetName=_PC10 Pin=R375-2
Added Pin To Net: NetName=_PC10 Pin=U29-88
Added Net: Name=_PC10
Added Pin To Net: NetName=_PC11 Pin=R376-2
Added Pin To Net: NetName=_PC11 Pin=U29-89
Added Net: Name=_PC11
Added Pin To Net: NetName=_PC12 Pin=R377-2
Added Pin To Net: NetName=_PC12 Pin=U29-90
Added Net: Name=_PC12
Added Pin To Net: NetName=_PC13 Pin=R380-2
Added Pin To Net: NetName=_PC13 Pin=U29-91
Added Net: Name=_PC13
Added Pin To Net: NetName=_PC14 Pin=R382-2
Added Pin To Net: NetName=_PC14 Pin=U29-92
Added Net: Name=_PC14
Added Pin To Net: NetName=_PC15 Pin=R384-2
Added Pin To Net: NetName=_PC15 Pin=U29-93
Added Net: Name=_PC15
Added Pin To Net: NetName=_PC16 Pin=U29-99
Added Net: Name=_PC16
Added Pin To Net: NetName=_PC17 Pin=U29-100
Added Net: Name=_PC17
Added Pin To Net: NetName=_PC18 Pin=U29-101
Added Net: Name=_PC18
Added Pin To Net: NetName=_PC19 Pin=U29-102
Added Net: Name=_PC19
Added Pin To Net: NetName=_PC20 Pin=U29-103
Added Net: Name=_PC20
Added Pin To Net: NetName=_PD0 Pin=U29-106
Added Net: Name=_PD0
Added Pin To Net: NetName=_PD1 Pin=U29-107
Added Net: Name=_PD1
Added Pin To Net: NetName=_PD12 Pin=R337-2
Added Pin To Net: NetName=_PD12 Pin=U29-20
Added Net: Name=_PD12
Added Pin To Net: NetName=_PD13 Pin=R338-2
Added Pin To Net: NetName=_PD13 Pin=U29-21
Added Net: Name=_PD13
Added Pin To Net: NetName=_PD14 Pin=R340-2
Added Pin To Net: NetName=_PD14 Pin=U29-22
Added Net: Name=_PD14
Added Pin To Net: NetName=_PD15 Pin=R334-2
Added Pin To Net: NetName=_PD15 Pin=U29-19
Added Net: Name=_PD15
Added Pin To Net: NetName=_PD16 Pin=R342-2
Added Pin To Net: NetName=_PD16 Pin=U29-24
Added Net: Name=_PD16
Added Pin To Net: NetName=_PD17 Pin=R341-2
Added Pin To Net: NetName=_PD17 Pin=U29-23
Added Net: Name=_PD17
Added Pin To Net: NetName=_PD18 Pin=R332-2
Added Pin To Net: NetName=_PD18 Pin=U29-111
Added Net: Name=_PD18
Added Pin To Net: NetName=_PD19 Pin=R330-2
Added Pin To Net: NetName=_PD19 Pin=U29-110
Added Net: Name=_PD19
Added Pin To Net: NetName=_PD20 Pin=R351-2
Added Pin To Net: NetName=_PD20 Pin=U29-29
Added Net: Name=_PD20
Added Pin To Net: NetName=_PD21 Pin=R345-2
Added Pin To Net: NetName=_PD21 Pin=U29-26
Added Net: Name=_PD21
Added Pin To Net: NetName=_PD24 Pin=U29-32
Added Net: Name=_PD24
Added Pin To Net: NetName=_PD25 Pin=U29-30
Added Net: Name=_PD25
Added Pin To Net: NetName=_PD26 Pin=U29-36
Added Net: Name=_PD26
Added Pin To Net: NetName=_PD27 Pin=U29-34
Added Net: Name=_PD27
Added Pin To Net: NetName=_PD28 Pin=U29-35
Added Net: Name=_PD28
Added Pin To Net: NetName=_PD29 Pin=U29-33
Added Net: Name=_PD29
Added Pin To Net: NetName=_PD30 Pin=U29-31
Added Net: Name=_PD30
Added Pin To Net: NetName=_PD31 Pin=U29-37
Added Net: Name=_PD31
Added Pin To Net: NetName=_PE0 Pin=U29-44
Added Net: Name=_PE0
Added Pin To Net: NetName=_PE1 Pin=U29-45
Added Net: Name=_PE1
Added Pin To Net: NetName=_PE2 Pin=R317-2
Added Pin To Net: NetName=_PE2 Pin=U29-47
Added Net: Name=_PE2
Added Pin To Net: NetName=_PE3 Pin=R314-2
Added Pin To Net: NetName=_PE3 Pin=U29-46
Added Net: Name=_PE3
Added Pin To Net: NetName=_PE4 Pin=R323-2
Added Pin To Net: NetName=_PE4 Pin=U29-49
Added Net: Name=_PE4
Added Pin To Net: NetName=_PE5 Pin=R320-2
Added Pin To Net: NetName=_PE5 Pin=U29-48
Added Net: Name=_PE5
Added Pin To Net: NetName=_PE6 Pin=R325-2
Added Pin To Net: NetName=_PE6 Pin=U29-50
Added Net: Name=_PE6
Added Pin To Net: NetName=ADC_SWITCH Pin=R82-1
Added Pin To Net: NetName=ADC_SWITCH Pin=U10-14
Added Pin To Net: NetName=ADC_SWITCH Pin=U10-15
Added Pin To Net: NetName=ADC_SWITCH Pin=U10-16
Added Pin To Net: NetName=ADC_SWITCH Pin=U10-17
Added Pin To Net: NetName=ADC_SWITCH Pin=U10-18
Added Pin To Net: NetName=ADC_SWITCH Pin=U10-19
Added Pin To Net: NetName=ADC_SWITCH Pin=U10-20
Added Pin To Net: NetName=ADC_SWITCH Pin=U10-21
Added Net: Name=ADC_SWITCH
Added Pin To Net: NetName=AUDIOCLK Pin=U29-113
Added Net: Name=AUDIOCLK
Added Pin To Net: NetName=CANRX1 Pin=R85-2
Added Pin To Net: NetName=CANRX1 Pin=U41-4
Added Net: Name=CANRX1
Added Pin To Net: NetName=CANTX1 Pin=R90-2
Added Pin To Net: NetName=CANTX1 Pin=U41-1
Added Net: Name=CANTX1
Added Pin To Net: NetName=EXP_GND Pin=J2-M1
Added Pin To Net: NetName=EXP_GND Pin=J2-M2
Added Net: Name=EXP_GND
Added Pin To Net: NetName=IF_12V Pin=C3-2
Added Pin To Net: NetName=IF_12V Pin=C4-2
Added Pin To Net: NetName=IF_12V Pin=JP1-1
Added Pin To Net: NetName=IF_12V Pin=R1-2
Added Pin To Net: NetName=IF_12V Pin=U1-5
Added Net: Name=IF_12V
Added Net: Name=IF_GND
Added Pin To Net: NetName=IF_MCU_SHUTDOWN Pin=R52-2
Added Net: Name=IF_MCU_SHUTDOWN
Added Pin To Net: NetName=IF_SOM_USB_N Pin=J2-8
Added Pin To Net: NetName=IF_SOM_USB_N Pin=R368-1
Added Net: Name=IF_SOM_USB_N
Added Pin To Net: NetName=IF_SOM_USB_P Pin=J2-7
Added Pin To Net: NetName=IF_SOM_USB_P Pin=R369-1
Added Net: Name=IF_SOM_USB_P
Added Pin To Net: NetName=JTAGSEL Pin=R397-2
Added Pin To Net: NetName=JTAGSEL Pin=U29-114
Added Net: Name=JTAGSEL
Added Pin To Net: NetName=LASER_SPI_nCS1 Pin=R62-2
Added Pin To Net: NetName=LASER_SPI_nCS1 Pin=R295-2
Added Pin To Net: NetName=LASER_SPI_nCS1 Pin=R302-1
Added Net: Name=LASER_SPI_nCS1
Added Pin To Net: NetName=MCP16502_HPM Pin=R97-1
Added Pin To Net: NetName=MCP16502_HPM Pin=R379-2
Added Pin To Net: NetName=MCP16502_HPM Pin=R386-1
Added Pin To Net: NetName=MCP16502_HPM Pin=U29-14
Added Net: Name=MCP16502_HPM
Added Pin To Net: NetName=MCU_CONSOLE_RX Pin=J19-3
Added Pin To Net: NetName=MCU_CONSOLE_RX Pin=R51-1
Added Pin To Net: NetName=MCU_CONSOLE_RX Pin=R250-1
Added Net: Name=MCU_CONSOLE_RX
Added Pin To Net: NetName=MCU_CONSOLE_TX Pin=J19-2
Added Pin To Net: NetName=MCU_CONSOLE_TX Pin=R54-1
Added Pin To Net: NetName=MCU_CONSOLE_TX Pin=R249-1
Added Net: Name=MCU_CONSOLE_TX
Added Pin To Net: NetName=MCU_HD4_I2C2_SCL Pin=R59-1
Added Pin To Net: NetName=MCU_HD4_I2C2_SCL Pin=R200-2
Added Pin To Net: NetName=MCU_HD4_I2C2_SCL Pin=R204-2
Added Net: Name=MCU_HD4_I2C2_SCL
Added Pin To Net: NetName=MCU_HD4_I2C2_SDA Pin=R56-1
Added Pin To Net: NetName=MCU_HD4_I2C2_SDA Pin=R201-2
Added Pin To Net: NetName=MCU_HD4_I2C2_SDA Pin=R205-2
Added Net: Name=MCU_HD4_I2C2_SDA
Added Pin To Net: NetName=MCU_HD4_I2C_EN Pin=R96-2
Added Pin To Net: NetName=MCU_HD4_I2C_EN Pin=R206-1
Added Pin To Net: NetName=MCU_HD4_I2C_EN Pin=U17-5
Added Net: Name=MCU_HD4_I2C_EN
Added Pin To Net: NetName=MCU_I2C0_SCL Pin=R19-2
Added Pin To Net: NetName=MCU_I2C0_SCL Pin=R148-1
Added Pin To Net: NetName=MCU_I2C0_SCL Pin=R405-1
Added Pin To Net: NetName=MCU_I2C0_SCL Pin=U10-24
Added Pin To Net: NetName=MCU_I2C0_SCL Pin=U30-4
Added Net: Name=MCU_I2C0_SCL
Added Pin To Net: NetName=MCU_I2C0_SDA Pin=R17-2
Added Pin To Net: NetName=MCU_I2C0_SDA Pin=R147-1
Added Pin To Net: NetName=MCU_I2C0_SDA Pin=R406-1
Added Pin To Net: NetName=MCU_I2C0_SDA Pin=U10-27
Added Pin To Net: NetName=MCU_I2C0_SDA Pin=U30-5
Added Net: Name=MCU_I2C0_SDA
Added Pin To Net: NetName=MCU_JTAGSEL Pin=TP2-0
Added Pin To Net: NetName=MCU_JTAGSEL Pin=U3-104
Added Net: Name=MCU_JTAGSEL
Added Pin To Net: NetName=MCU_MRAM_QSPI_CLK Pin=R37-2
Added Pin To Net: NetName=MCU_MRAM_QSPI_CLK Pin=U31-6
Added Net: Name=MCU_MRAM_QSPI_CLK
Added Pin To Net: NetName=MCU_MRAM_QSPI_IO0 Pin=R35-2
Added Pin To Net: NetName=MCU_MRAM_QSPI_IO0 Pin=U31-5
Added Net: Name=MCU_MRAM_QSPI_IO0
Added Pin To Net: NetName=MCU_MRAM_QSPI_IO1 Pin=R33-2
Added Pin To Net: NetName=MCU_MRAM_QSPI_IO1 Pin=U31-2
Added Net: Name=MCU_MRAM_QSPI_IO1
Added Pin To Net: NetName=MCU_MRAM_QSPI_IO2 Pin=R41-2
Added Pin To Net: NetName=MCU_MRAM_QSPI_IO2 Pin=U31-3
Added Net: Name=MCU_MRAM_QSPI_IO2
Added Pin To Net: NetName=MCU_MRAM_QSPI_IO3 Pin=R63-1
Added Pin To Net: NetName=MCU_MRAM_QSPI_IO3 Pin=U31-7
Added Net: Name=MCU_MRAM_QSPI_IO3
Added Pin To Net: NetName=MCU_nRESET Pin=J3-6
Added Pin To Net: NetName=MCU_nRESET Pin=R66-1
Added Pin To Net: NetName=MCU_nRESET Pin=U3-83
Added Net: Name=MCU_nRESET
Added Pin To Net: NetName=MCU_OSCIN Pin=C19-2
Added Pin To Net: NetName=MCU_OSCIN Pin=R93-1
Added Pin To Net: NetName=MCU_OSCIN Pin=R112-2
Added Pin To Net: NetName=MCU_OSCIN Pin=XC2-3
Added Net: Name=MCU_OSCIN
Added Pin To Net: NetName=MCU_OSCOUT Pin=C20-2
Added Pin To Net: NetName=MCU_OSCOUT Pin=R95-1
Added Pin To Net: NetName=MCU_OSCOUT Pin=R112-1
Added Pin To Net: NetName=MCU_OSCOUT Pin=XC2-1
Added Net: Name=MCU_OSCOUT
Added Pin To Net: NetName=MCU_PRAM_SPI1_nCS Pin=R108-2
Added Pin To Net: NetName=MCU_PRAM_SPI1_nCS Pin=U32-2
Added Net: Name=MCU_PRAM_SPI1_nCS
Added Pin To Net: NetName=MCU_PRAM_SW_nEN Pin=R38-1
Added Pin To Net: NetName=MCU_PRAM_SW_nEN Pin=R411-1
Added Pin To Net: NetName=MCU_PRAM_SW_nEN Pin=U32-15
Added Net: Name=MCU_PRAM_SW_nEN
Added Pin To Net: NetName=MCU_RAM_QSPI_nCS Pin=R31-2
Added Pin To Net: NetName=MCU_RAM_QSPI_nCS Pin=R402-1
Added Pin To Net: NetName=MCU_RAM_QSPI_nCS Pin=U31-1
Added Net: Name=MCU_RAM_QSPI_nCS
Added Pin To Net: NetName=MCU_RTC_CLKOUT Pin=R71-2
Added Pin To Net: NetName=MCU_RTC_CLKOUT Pin=R403-1
Added Pin To Net: NetName=MCU_RTC_CLKOUT Pin=U30-3
Added Net: Name=MCU_RTC_CLKOUT
Added Pin To Net: NetName=MCU_RTC_INT Pin=R72-2
Added Pin To Net: NetName=MCU_RTC_INT Pin=R404-1
Added Pin To Net: NetName=MCU_RTC_INT Pin=U30-7
Added Net: Name=MCU_RTC_INT
Added Pin To Net: NetName=MCU_SOL_1_IN1 Pin=R15-2
Added Net: Name=MCU_SOL_1_IN1
Added Pin To Net: NetName=MCU_SOL_1_IN2 Pin=R100-2
Added Net: Name=MCU_SOL_1_IN2
Added Pin To Net: NetName=MCU_SOL_2_IN1 Pin=R43-1
Added Net: Name=MCU_SOL_2_IN1
Added Pin To Net: NetName=MCU_SOL_2_IN2 Pin=R42-1
Added Net: Name=MCU_SOL_2_IN2
Added Pin To Net: NetName=MCU_SOL_3_IN1 Pin=R48-2
Added Net: Name=MCU_SOL_3_IN1
Added Pin To Net: NetName=MCU_SOL_3_IN2 Pin=R46-2
Added Net: Name=MCU_SOL_3_IN2
Added Pin To Net: NetName=MCU_SOL_4_IN1 Pin=R50-2
Added Net: Name=MCU_SOL_4_IN1
Added Pin To Net: NetName=MCU_SOL_4_IN2 Pin=R49-2
Added Net: Name=MCU_SOL_4_IN2
Added Pin To Net: NetName=MCU_SOM_GPIO_A Pin=R28-1
Added Pin To Net: NetName=MCU_SOM_GPIO_A Pin=R370-1
Added Net: Name=MCU_SOM_GPIO_A
Added Pin To Net: NetName=MCU_SOM_GPIO_B Pin=R30-1
Added Pin To Net: NetName=MCU_SOM_GPIO_B Pin=R371-1
Added Net: Name=MCU_SOM_GPIO_B
Added Pin To Net: NetName=MCU_SPI0_MISO Pin=R44-1
Added Pin To Net: NetName=MCU_SPI0_MISO Pin=R285-1
Added Pin To Net: NetName=MCU_SPI0_MISO Pin=R300-1
Added Net: Name=MCU_SPI0_MISO
Added Pin To Net: NetName=MCU_SPI0_MOSI Pin=R45-1
Added Pin To Net: NetName=MCU_SPI0_MOSI Pin=R283-1
Added Pin To Net: NetName=MCU_SPI0_MOSI Pin=R299-1
Added Net: Name=MCU_SPI0_MOSI
Added Pin To Net: NetName=MCU_SPI0_SCK Pin=R47-1
Added Pin To Net: NetName=MCU_SPI0_SCK Pin=R281-1
Added Pin To Net: NetName=MCU_SPI0_SCK Pin=R301-1
Added Net: Name=MCU_SPI0_SCK
Added Pin To Net: NetName=MCU_SWDIO Pin=J3-8
Added Pin To Net: NetName=MCU_SWDIO Pin=R88-1
Added Net: Name=MCU_SWDIO
Added Pin To Net: NetName=MCU_TRACESWO Pin=J3-4
Added Pin To Net: NetName=MCU_TRACESWO Pin=R86-1
Added Net: Name=MCU_TRACESWO
Added Pin To Net: NetName=MCU_TST Pin=TP1-0
Added Pin To Net: NetName=MCU_TST Pin=U3-85
Added Net: Name=MCU_TST
Added Pin To Net: NetName=MCU_TSWCLK Pin=J3-5
Added Pin To Net: NetName=MCU_TSWCLK Pin=R91-1
Added Net: Name=MCU_TSWCLK
Added Pin To Net: NetName=MCU_UART0_RX_SOM_TX Pin=R27-2
Added Pin To Net: NetName=MCU_UART0_RX_SOM_TX Pin=R332-1
Added Net: Name=MCU_UART0_RX_SOM_TX
Added Pin To Net: NetName=MCU_UART0_TX_SOM_RX Pin=R29-2
Added Pin To Net: NetName=MCU_UART0_TX_SOM_RX Pin=R330-1
Added Net: Name=MCU_UART0_TX_SOM_RX
Added Pin To Net: NetName=MCU_UART1_RX_SOM_TX Pin=R21-2
Added Pin To Net: NetName=MCU_UART1_RX_SOM_TX Pin=R342-1
Added Net: Name=MCU_UART1_RX_SOM_TX
Added Pin To Net: NetName=MCU_UART1_TX_SOM_RX Pin=R23-2
Added Pin To Net: NetName=MCU_UART1_TX_SOM_RX Pin=R341-1
Added Net: Name=MCU_UART1_TX_SOM_RX
Added Pin To Net: NetName=MIPI_CK_N Pin=R350-2
Added Pin To Net: NetName=MIPI_CK_N Pin=U29-164
Added Net: Name=MIPI_CK_N
Added Pin To Net: NetName=MIPI_CK_P Pin=R348-2
Added Pin To Net: NetName=MIPI_CK_P Pin=U29-163
Added Net: Name=MIPI_CK_P
Added Pin To Net: NetName=MIPI_D0_N Pin=R361-2
Added Pin To Net: NetName=MIPI_D0_N Pin=U29-168
Added Net: Name=MIPI_D0_N
Added Pin To Net: NetName=MIPI_D0_P Pin=R359-2
Added Pin To Net: NetName=MIPI_D0_P Pin=U29-167
Added Net: Name=MIPI_D0_P
Added Pin To Net: NetName=MIPI_D1_N Pin=R356-2
Added Pin To Net: NetName=MIPI_D1_N Pin=U29-166
Added Net: Name=MIPI_D1_N
Added Pin To Net: NetName=MIPI_D1_P Pin=R353-2
Added Pin To Net: NetName=MIPI_D1_P Pin=U29-165
Added Net: Name=MIPI_D1_P
Added Pin To Net: NetName=NAND_CS_IN Pin=U29-38
Added Net: Name=NAND_CS_IN
Added Pin To Net: NetName=NAND_CS_PD4 Pin=U29-39
Added Net: Name=NAND_CS_PD4
Added Pin To Net: NetName=NetC5_2 Pin=C5-2
Added Pin To Net: NetName=NetC5_2 Pin=U1-10
Added Pin To Net: NetName=NetC5_2 Pin=U1-10
Added Net: Name=NetC5_2
Added Pin To Net: NetName=NetC6_2 Pin=C6-2
Added Pin To Net: NetName=NetC6_2 Pin=U1-7
Added Pin To Net: NetName=NetC6_2 Pin=U1-7
Added Net: Name=NetC6_2
Added Pin To Net: NetName=NetC7_1 Pin=C7-1
Added Pin To Net: NetName=NetC7_1 Pin=D2-1
Added Pin To Net: NetName=NetC7_1 Pin=L1-1
Added Pin To Net: NetName=NetC7_1 Pin=U2-8
Added Net: Name=NetC7_1
Added Pin To Net: NetName=NetC7_2 Pin=C7-2
Added Pin To Net: NetName=NetC7_2 Pin=U2-1
Added Net: Name=NetC7_2
Added Pin To Net: NetName=NetC18_2 Pin=C18-2
Added Pin To Net: NetName=NetC18_2 Pin=R113-2
Added Pin To Net: NetName=NetC18_2 Pin=U3-140
Added Net: Name=NetC18_2
Added Pin To Net: NetName=NetC93_2 Pin=C93-2
Added Pin To Net: NetName=NetC93_2 Pin=R174-2
Added Pin To Net: NetName=NetC93_2 Pin=U12-3
Added Net: Name=NetC93_2
Added Pin To Net: NetName=NetC100_2 Pin=C100-2
Added Pin To Net: NetName=NetC100_2 Pin=R180-2
Added Pin To Net: NetName=NetC100_2 Pin=U12-5
Added Net: Name=NetC100_2
Added Pin To Net: NetName=NetC103_2 Pin=C103-2
Added Pin To Net: NetName=NetC103_2 Pin=R185-2
Added Pin To Net: NetName=NetC103_2 Pin=U13-3
Added Net: Name=NetC103_2
Added Pin To Net: NetName=NetC105_2 Pin=C105-2
Added Pin To Net: NetName=NetC105_2 Pin=R186-2
Added Pin To Net: NetName=NetC105_2 Pin=U14-3
Added Net: Name=NetC105_2
Added Pin To Net: NetName=NetC109_2 Pin=C109-2
Added Pin To Net: NetName=NetC109_2 Pin=R191-2
Added Pin To Net: NetName=NetC109_2 Pin=U13-5
Added Net: Name=NetC109_2
Added Pin To Net: NetName=NetC112_2 Pin=C112-2
Added Pin To Net: NetName=NetC112_2 Pin=R192-2
Added Pin To Net: NetName=NetC112_2 Pin=U14-5
Added Net: Name=NetC112_2
Added Pin To Net: NetName=NetC128_2 Pin=C128-2
Added Pin To Net: NetName=NetC128_2 Pin=C129-2
Added Pin To Net: NetName=NetC128_2 Pin=U23-E4
Added Pin To Net: NetName=NetC128_2 Pin=U23-E4
Added Net: Name=NetC128_2
Added Pin To Net: NetName=NetC146_2 Pin=C146-2
Added Pin To Net: NetName=NetC146_2 Pin=U24-7
Added Pin To Net: NetName=NetC146_2 Pin=U24-7
Added Net: Name=NetC146_2
Added Pin To Net: NetName=NetC157_1 Pin=C157-1
Added Pin To Net: NetName=NetC157_1 Pin=D14-1
Added Pin To Net: NetName=NetC157_1 Pin=L6-1
Added Pin To Net: NetName=NetC157_1 Pin=U35-8
Added Net: Name=NetC157_1
Added Pin To Net: NetName=NetC157_2 Pin=C157-2
Added Pin To Net: NetName=NetC157_2 Pin=U35-1
Added Net: Name=NetC157_2
Added Pin To Net: NetName=NetC165_2 Pin=C165-2
Added Pin To Net: NetName=NetC165_2 Pin=U36-10
Added Pin To Net: NetName=NetC165_2 Pin=U36-10
Added Net: Name=NetC165_2
Added Pin To Net: NetName=NetC166_2 Pin=C166-2
Added Pin To Net: NetName=NetC166_2 Pin=U36-7
Added Pin To Net: NetName=NetC166_2 Pin=U36-7
Added Net: Name=NetC166_2
Added Pin To Net: NetName=NetC171_2 Pin=C171-2
Added Pin To Net: NetName=NetC171_2 Pin=U37-7
Added Pin To Net: NetName=NetC171_2 Pin=U37-7
Added Net: Name=NetC171_2
Added Pin To Net: NetName=NetC174_2 Pin=C174-2
Added Pin To Net: NetName=NetC174_2 Pin=JP7-2
Added Pin To Net: NetName=NetC174_2 Pin=JP8-2
Added Pin To Net: NetName=NetC174_2 Pin=JP9-1
Added Pin To Net: NetName=NetC174_2 Pin=R439-2
Added Pin To Net: NetName=NetC174_2 Pin=U38-5
Added Net: Name=NetC174_2
Added Pin To Net: NetName=NetC175_2 Pin=C175-2
Added Pin To Net: NetName=NetC175_2 Pin=U38-10
Added Pin To Net: NetName=NetC175_2 Pin=U38-10
Added Net: Name=NetC175_2
Added Pin To Net: NetName=NetC176_2 Pin=C176-2
Added Pin To Net: NetName=NetC176_2 Pin=U38-7
Added Pin To Net: NetName=NetC176_2 Pin=U38-7
Added Net: Name=NetC176_2
Added Pin To Net: NetName=NetC179_1 Pin=C179-1
Added Pin To Net: NetName=NetC179_1 Pin=R447-1
Added Pin To Net: NetName=NetC179_1 Pin=R448-2
Added Pin To Net: NetName=NetC179_1 Pin=U39-5
Added Net: Name=NetC179_1
Added Pin To Net: NetName=NetC182_1 Pin=C182-1
Added Pin To Net: NetName=NetC182_1 Pin=R452-1
Added Pin To Net: NetName=NetC182_1 Pin=R453-2
Added Pin To Net: NetName=NetC182_1 Pin=U40-5
Added Net: Name=NetC182_1
Added Pin To Net: NetName=NetC185_1 Pin=C185-1
Added Pin To Net: NetName=NetC185_1 Pin=R457-1
Added Pin To Net: NetName=NetC185_1 Pin=R458-2
Added Pin To Net: NetName=NetC185_1 Pin=U41-5
Added Net: Name=NetC185_1
Added Pin To Net: NetName=NetDS1_1 Pin=DS1-1
Added Pin To Net: NetName=NetDS1_1 Pin=R8-2
Added Net: Name=NetDS1_1
Added Pin To Net: NetName=NetDS2_1 Pin=DS2-1
Added Pin To Net: NetName=NetDS2_1 Pin=R9-2
Added Net: Name=NetDS2_1
Added Pin To Net: NetName=NetDS3_1 Pin=DS3-1
Added Pin To Net: NetName=NetDS3_1 Pin=R256-2
Added Net: Name=NetDS3_1
Added Pin To Net: NetName=NetDS4_1 Pin=DS4-1
Added Pin To Net: NetName=NetDS4_1 Pin=R260-2
Added Net: Name=NetDS4_1
Added Pin To Net: NetName=NetDS5_1 Pin=DS5-1
Added Pin To Net: NetName=NetDS5_1 Pin=R419-2
Added Net: Name=NetDS5_1
Added Pin To Net: NetName=NetDS6_1 Pin=DS6-1
Added Pin To Net: NetName=NetDS6_1 Pin=R426-2
Added Net: Name=NetDS6_1
Added Pin To Net: NetName=NetDS7_1 Pin=DS7-1
Added Pin To Net: NetName=NetDS7_1 Pin=R434-2
Added Net: Name=NetDS7_1
Added Pin To Net: NetName=NetDS8_1 Pin=DS8-1
Added Pin To Net: NetName=NetDS8_1 Pin=R442-2
Added Net: Name=NetDS8_1
Added Pin To Net: NetName=NetJ13_1 Pin=J13-1
Added Pin To Net: NetName=NetJ13_1 Pin=R207-1
Added Net: Name=NetJ13_1
Added Pin To Net: NetName=NetJ13_2 Pin=J13-2
Added Pin To Net: NetName=NetJ13_2 Pin=R210-2
Added Pin To Net: NetName=NetJ13_2 Pin=U18-6
Added Net: Name=NetJ13_2
Added Pin To Net: NetName=NetJ13_5 Pin=J13-5
Added Pin To Net: NetName=NetJ13_5 Pin=R211-2
Added Pin To Net: NetName=NetJ13_5 Pin=U18-7
Added Net: Name=NetJ13_5
Added Pin To Net: NetName=NetJ14_1 Pin=J14-1
Added Pin To Net: NetName=NetJ14_1 Pin=R217-1
Added Net: Name=NetJ14_1
Added Pin To Net: NetName=NetJ14_2 Pin=J14-2
Added Pin To Net: NetName=NetJ14_2 Pin=R218-2
Added Pin To Net: NetName=NetJ14_2 Pin=U19-6
Added Net: Name=NetJ14_2
Added Pin To Net: NetName=NetJ14_5 Pin=J14-5
Added Pin To Net: NetName=NetJ14_5 Pin=R219-2
Added Pin To Net: NetName=NetJ14_5 Pin=U19-7
Added Net: Name=NetJ14_5
Added Pin To Net: NetName=NetJ15_2 Pin=J15-2
Added Pin To Net: NetName=NetJ15_2 Pin=R221-2
Added Pin To Net: NetName=NetJ15_2 Pin=U20-7
Added Net: Name=NetJ15_2
Added Pin To Net: NetName=NetJ15_3 Pin=J15-3
Added Pin To Net: NetName=NetJ15_3 Pin=R222-2
Added Pin To Net: NetName=NetJ15_3 Pin=U20-6
Added Net: Name=NetJ15_3
Added Pin To Net: NetName=NetJ21_3 Pin=J21-3
Added Pin To Net: NetName=NetJ21_3 Pin=R281-2
Added Net: Name=NetJ21_3
Added Pin To Net: NetName=NetJ21_4 Pin=J21-4
Added Pin To Net: NetName=NetJ21_4 Pin=R283-2
Added Net: Name=NetJ21_4
Added Pin To Net: NetName=NetJ21_5 Pin=J21-5
Added Pin To Net: NetName=NetJ21_5 Pin=R285-2
Added Net: Name=NetJ21_5
Added Pin To Net: NetName=NetJ21_6 Pin=J21-6
Added Pin To Net: NetName=NetJ21_6 Pin=R287-2
Added Net: Name=NetJ21_6
Added Pin To Net: NetName=NetJ21_7 Pin=J21-7
Added Pin To Net: NetName=NetJ21_7 Pin=R289-2
Added Net: Name=NetJ21_7
Added Pin To Net: NetName=NetJ21_8 Pin=J21-8
Added Pin To Net: NetName=NetJ21_8 Pin=R291-2
Added Net: Name=NetJ21_8
Added Pin To Net: NetName=NetJ21_9 Pin=J21-9
Added Pin To Net: NetName=NetJ21_9 Pin=R293-2
Added Net: Name=NetJ21_9
Added Pin To Net: NetName=NetJ22_4 Pin=J22-4
Added Pin To Net: NetName=NetJ22_4 Pin=R284-2
Added Net: Name=NetJ22_4
Added Pin To Net: NetName=NetJ22_5 Pin=J22-5
Added Pin To Net: NetName=NetJ22_5 Pin=R286-2
Added Net: Name=NetJ22_5
Added Pin To Net: NetName=NetJ22_6 Pin=J22-6
Added Pin To Net: NetName=NetJ22_6 Pin=R288-2
Added Net: Name=NetJ22_6
Added Pin To Net: NetName=NetJ22_7 Pin=J22-7
Added Pin To Net: NetName=NetJ22_7 Pin=R290-2
Added Net: Name=NetJ22_7
Added Pin To Net: NetName=NetJ22_8 Pin=J22-8
Added Pin To Net: NetName=NetJ22_8 Pin=R292-2
Added Net: Name=NetJ22_8
Added Pin To Net: NetName=NetJ22_9 Pin=J22-9
Added Pin To Net: NetName=NetJ22_9 Pin=R294-2
Added Net: Name=NetJ22_9
Added Pin To Net: NetName=NetJ23_4 Pin=J23-4
Added Pin To Net: NetName=NetJ23_4 Pin=R300-2
Added Net: Name=NetJ23_4
Added Pin To Net: NetName=NetJ23_5 Pin=J23-5
Added Pin To Net: NetName=NetJ23_5 Pin=R301-2
Added Net: Name=NetJ23_5
Added Pin To Net: NetName=NetJ23_6 Pin=J23-6
Added Pin To Net: NetName=NetJ23_6 Pin=R302-2
Added Net: Name=NetJ23_6
Added Pin To Net: NetName=NetJ23_7 Pin=J23-7
Added Pin To Net: NetName=NetJ23_7 Pin=R303-2
Added Net: Name=NetJ23_7
Added Pin To Net: NetName=NetJ23_8 Pin=J23-8
Added Pin To Net: NetName=NetJ23_8 Pin=R304-2
Added Net: Name=NetJ23_8
Added Pin To Net: NetName=NetJ23_9 Pin=J23-9
Added Pin To Net: NetName=NetJ23_9 Pin=R305-2
Added Net: Name=NetJ23_9
Added Pin To Net: NetName=NetJ23_10 Pin=J23-10
Added Pin To Net: NetName=NetJ23_10 Pin=R306-2
Added Net: Name=NetJ23_10
Added Pin To Net: NetName=NetJ23_11 Pin=J23-11
Added Pin To Net: NetName=NetJ23_11 Pin=R307-2
Added Net: Name=NetJ23_11
Added Pin To Net: NetName=NetJP4_1 Pin=JP4-1
Added Pin To Net: NetName=NetJP4_1 Pin=R415-2
Added Net: Name=NetJP4_1
Added Pin To Net: NetName=NetJP4_2 Pin=JP4-2
Added Pin To Net: NetName=NetJP4_2 Pin=R416-2
Added Pin To Net: NetName=NetJP4_2 Pin=U34-3
Added Net: Name=NetJP4_2
Added Pin To Net: NetName=NetQ1_1 Pin=Q1-1
Added Pin To Net: NetName=NetQ1_1 Pin=R115-2
Added Pin To Net: NetName=NetQ1_1 Pin=R116-2
Added Net: Name=NetQ1_1
Added Pin To Net: NetName=NetQ1_3 Pin=Q1-3
Added Pin To Net: NetName=NetQ1_3 Pin=R117-1
Added Net: Name=NetQ1_3
Added Pin To Net: NetName=NetQ2_1 Pin=Q2-1
Added Pin To Net: NetName=NetQ2_1 Pin=R120-2
Added Pin To Net: NetName=NetQ2_1 Pin=R121-2
Added Net: Name=NetQ2_1
Added Pin To Net: NetName=NetQ2_3 Pin=Q2-3
Added Pin To Net: NetName=NetQ2_3 Pin=R122-1
Added Net: Name=NetQ2_3
Added Pin To Net: NetName=NetQ4_1 Pin=Q4-1
Added Pin To Net: NetName=NetQ4_1 Pin=R156-2
Added Pin To Net: NetName=NetQ4_1 Pin=R159-2
Added Net: Name=NetQ4_1
Added Pin To Net: NetName=NetR2_1 Pin=R2-1
Added Pin To Net: NetName=NetR2_1 Pin=U1-3
Added Net: Name=NetR2_1
Added Pin To Net: NetName=NetR4_2 Pin=R4-2
Added Pin To Net: NetName=NetR4_2 Pin=R5-2
Added Pin To Net: NetName=NetR4_2 Pin=U1-2
Added Net: Name=NetR4_2
Added Pin To Net: NetName=NetR7_1 Pin=R7-1
Added Pin To Net: NetName=NetR7_1 Pin=R10-2
Added Pin To Net: NetName=NetR7_1 Pin=U2-4
Added Net: Name=NetR7_1
Added Pin To Net: NetName=NetR149_2 Pin=R149-2
Added Pin To Net: NetName=NetR149_2 Pin=U10-23
Added Net: Name=NetR149_2
Added Pin To Net: NetName=NetR150_2 Pin=R150-2
Added Pin To Net: NetName=NetR150_2 Pin=U10-28
Added Net: Name=NetR150_2
Added Pin To Net: NetName=NetR151_2 Pin=R151-2
Added Pin To Net: NetName=NetR151_2 Pin=U10-22
Added Net: Name=NetR151_2
Added Pin To Net: NetName=NetR152_2 Pin=R152-2
Added Pin To Net: NetName=NetR152_2 Pin=U10-1
Added Net: Name=NetR152_2
Added Pin To Net: NetName=NetR153_2 Pin=R153-2
Added Pin To Net: NetName=NetR153_2 Pin=U10-8
Added Net: Name=NetR153_2
Added Pin To Net: NetName=NetR154_2 Pin=R154-2
Added Pin To Net: NetName=NetR154_2 Pin=U10-9
Added Net: Name=NetR154_2
Added Pin To Net: NetName=NetR172_1 Pin=R172-1
Added Pin To Net: NetName=NetR172_1 Pin=U12-1
Added Pin To Net: NetName=NetR172_1 Pin=U12-2
Added Net: Name=NetR172_1
Added Pin To Net: NetName=NetR178_1 Pin=R178-1
Added Pin To Net: NetName=NetR178_1 Pin=U12-6
Added Pin To Net: NetName=NetR178_1 Pin=U12-7
Added Net: Name=NetR178_1
Added Pin To Net: NetName=NetR183_1 Pin=R183-1
Added Pin To Net: NetName=NetR183_1 Pin=U13-1
Added Pin To Net: NetName=NetR183_1 Pin=U13-2
Added Net: Name=NetR183_1
Added Pin To Net: NetName=NetR184_1 Pin=R184-1
Added Pin To Net: NetName=NetR184_1 Pin=U14-1
Added Pin To Net: NetName=NetR184_1 Pin=U14-2
Added Net: Name=NetR184_1
Added Pin To Net: NetName=NetR189_1 Pin=R189-1
Added Pin To Net: NetName=NetR189_1 Pin=U13-6
Added Pin To Net: NetName=NetR189_1 Pin=U13-7
Added Net: Name=NetR189_1
Added Pin To Net: NetName=NetR190_1 Pin=R190-1
Added Pin To Net: NetName=NetR190_1 Pin=U14-6
Added Pin To Net: NetName=NetR190_1 Pin=U14-7
Added Net: Name=NetR190_1
Added Pin To Net: NetName=NetR195_1 Pin=R195-1
Added Pin To Net: NetName=NetR195_1 Pin=U15-2
Added Net: Name=NetR195_1
Added Pin To Net: NetName=NetR223_2 Pin=R223-2
Added Pin To Net: NetName=NetR223_2 Pin=R226-1
Added Pin To Net: NetName=NetR223_2 Pin=U20-3
Added Net: Name=NetR223_2
Added Pin To Net: NetName=NetR224_2 Pin=R224-2
Added Pin To Net: NetName=NetR224_2 Pin=R225-1
Added Pin To Net: NetName=NetR224_2 Pin=U20-2
Added Net: Name=NetR224_2
Added Pin To Net: NetName=NetR227_1 Pin=R227-1
Added Pin To Net: NetName=NetR227_1 Pin=R228-1
Added Pin To Net: NetName=NetR227_1 Pin=U20-5
Added Net: Name=NetR227_1
Added Pin To Net: NetName=NetR251_1 Pin=R251-1
Added Pin To Net: NetName=NetR251_1 Pin=R255-1
Added Pin To Net: NetName=NetR251_1 Pin=R257-1
Added Pin To Net: NetName=NetR251_1 Pin=U24-1
Added Pin To Net: NetName=NetR251_1 Pin=U24-1
Added Net: Name=NetR251_1
Added Pin To Net: NetName=NetR252_1 Pin=R252-1
Added Pin To Net: NetName=NetR252_1 Pin=R258-2
Added Pin To Net: NetName=NetR252_1 Pin=U24-2
Added Net: Name=NetR252_1
Added Pin To Net: NetName=NetR253_1 Pin=R253-1
Added Pin To Net: NetName=NetR253_1 Pin=U24-3
Added Net: Name=NetR253_1
Added Pin To Net: NetName=NetR254_1 Pin=R254-1
Added Pin To Net: NetName=NetR254_1 Pin=U24-4
Added Pin To Net: NetName=NetR254_1 Pin=U24-4
Added Net: Name=NetR254_1
Added Pin To Net: NetName=NetR266_1 Pin=R266-1
Added Net: Name=NetR266_1
Added Pin To Net: NetName=NetR269_1 Pin=R269-1
Added Net: Name=NetR269_1
Added Pin To Net: NetName=NetR272_1 Pin=R272-1
Added Net: Name=NetR272_1
Added Pin To Net: NetName=NetR407_2 Pin=R407-2
Added Pin To Net: NetName=NetR407_2 Pin=U30-1
Added Net: Name=NetR407_2
Added Pin To Net: NetName=NetR409_1 Pin=R409-1
Added Pin To Net: NetName=NetR409_1 Pin=U33-7
Added Net: Name=NetR409_1
Added Pin To Net: NetName=NetR410_1 Pin=R410-1
Added Pin To Net: NetName=NetR410_1 Pin=U33-3
Added Net: Name=NetR410_1
Added Pin To Net: NetName=NetR412_1 Pin=R412-1
Added Pin To Net: NetName=NetR412_1 Pin=U32-1
Added Net: Name=NetR412_1
Added Pin To Net: NetName=NetR413_1 Pin=R413-1
Added Pin To Net: NetName=NetR413_1 Pin=R414-2
Added Pin To Net: NetName=NetR413_1 Pin=U34-6
Added Net: Name=NetR413_1
Added Pin To Net: NetName=NetR418_1 Pin=R418-1
Added Pin To Net: NetName=NetR418_1 Pin=R421-2
Added Pin To Net: NetName=NetR418_1 Pin=U35-4
Added Net: Name=NetR418_1
Added Pin To Net: NetName=NetR423_1 Pin=R423-1
Added Pin To Net: NetName=NetR423_1 Pin=R428-2
Added Pin To Net: NetName=NetR423_1 Pin=U36-2
Added Net: Name=NetR423_1
Added Pin To Net: NetName=NetR424_1 Pin=R424-1
Added Pin To Net: NetName=NetR424_1 Pin=U36-3
Added Net: Name=NetR424_1
Added Pin To Net: NetName=NetR425_1 Pin=R425-1
Added Pin To Net: NetName=NetR425_1 Pin=U36-4
Added Pin To Net: NetName=NetR425_1 Pin=U36-4
Added Net: Name=NetR425_1
Added Pin To Net: NetName=NetR431_1 Pin=R431-1
Added Pin To Net: NetName=NetR431_1 Pin=R436-2
Added Pin To Net: NetName=NetR431_1 Pin=U37-2
Added Net: Name=NetR431_1
Added Pin To Net: NetName=NetR432_1 Pin=R432-1
Added Pin To Net: NetName=NetR432_1 Pin=U37-3
Added Net: Name=NetR432_1
Added Pin To Net: NetName=NetR433_1 Pin=R433-1
Added Pin To Net: NetName=NetR433_1 Pin=U37-4
Added Pin To Net: NetName=NetR433_1 Pin=U37-4
Added Net: Name=NetR433_1
Added Pin To Net: NetName=NetR439_1 Pin=R439-1
Added Pin To Net: NetName=NetR439_1 Pin=R444-2
Added Pin To Net: NetName=NetR439_1 Pin=U38-2
Added Net: Name=NetR439_1
Added Pin To Net: NetName=NetR440_1 Pin=R440-1
Added Pin To Net: NetName=NetR440_1 Pin=U38-3
Added Net: Name=NetR440_1
Added Pin To Net: NetName=NetR441_1 Pin=R441-1
Added Pin To Net: NetName=NetR441_1 Pin=U38-4
Added Pin To Net: NetName=NetR441_1 Pin=U38-4
Added Net: Name=NetR441_1
Added Pin To Net: NetName=NetR446_2 Pin=R446-2
Added Pin To Net: NetName=NetR446_2 Pin=R447-2
Added Pin To Net: NetName=NetR446_2 Pin=U39-7
Added Net: Name=NetR446_2
Added Pin To Net: NetName=NetR448_1 Pin=R448-1
Added Pin To Net: NetName=NetR448_1 Pin=R450-2
Added Pin To Net: NetName=NetR448_1 Pin=U39-6
Added Net: Name=NetR448_1
Added Pin To Net: NetName=NetR449_2 Pin=R449-2
Added Pin To Net: NetName=NetR449_2 Pin=U39-8
Added Net: Name=NetR449_2
Added Pin To Net: NetName=NetR451_2 Pin=R451-2
Added Pin To Net: NetName=NetR451_2 Pin=R452-2
Added Pin To Net: NetName=NetR451_2 Pin=U40-7
Added Net: Name=NetR451_2
Added Pin To Net: NetName=NetR453_1 Pin=R453-1
Added Pin To Net: NetName=NetR453_1 Pin=R455-2
Added Pin To Net: NetName=NetR453_1 Pin=U40-6
Added Net: Name=NetR453_1
Added Pin To Net: NetName=NetR454_2 Pin=R454-2
Added Pin To Net: NetName=NetR454_2 Pin=U40-8
Added Net: Name=NetR454_2
Added Pin To Net: NetName=NetR456_2 Pin=R456-2
Added Pin To Net: NetName=NetR456_2 Pin=R457-2
Added Pin To Net: NetName=NetR456_2 Pin=U41-7
Added Net: Name=NetR456_2
Added Pin To Net: NetName=NetR458_1 Pin=R458-1
Added Pin To Net: NetName=NetR458_1 Pin=R460-2
Added Pin To Net: NetName=NetR458_1 Pin=U41-6
Added Net: Name=NetR458_1
Added Pin To Net: NetName=NetR459_2 Pin=R459-2
Added Pin To Net: NetName=NetR459_2 Pin=U41-8
Added Net: Name=NetR459_2
Added Pin To Net: NetName=NRST_OUT Pin=U29-104
Added Net: Name=NRST_OUT
Added Pin To Net: NetName=NRST Pin=C152-2
Added Pin To Net: NetName=NRST Pin=R388-1
Added Pin To Net: NetName=NRST Pin=R408-1
Added Pin To Net: NetName=NRST Pin=U29-105
Added Net: Name=NRST
Added Pin To Net: NetName=nSTART_SOM Pin=U29-15
Added Net: Name=nSTART_SOM
Added Pin To Net: NetName=NTRST_PC25 Pin=C151-2
Added Pin To Net: NetName=NTRST_PC25 Pin=J25-6
Added Pin To Net: NetName=NTRST_PC25 Pin=R387-1
Added Pin To Net: NetName=NTRST_PC25 Pin=U29-66
Added Net: Name=NTRST_PC25
Added Pin To Net: NetName=OBC_CANH Pin=R446-1
Added Pin To Net: NetName=OBC_CANH Pin=R451-1
Added Pin To Net: NetName=OBC_CANH Pin=R456-1
Added Net: Name=OBC_CANH
Added Pin To Net: NetName=OBC_CANL Pin=R450-1
Added Pin To Net: NetName=OBC_CANL Pin=R455-1
Added Pin To Net: NetName=OBC_CANL Pin=R460-1
Added Net: Name=OBC_CANL
Added Pin To Net: NetName=OBC_VS_SOM_I2C_SCL Pin=J2-5
Added Pin To Net: NetName=OBC_VS_SOM_I2C_SCL Pin=R375-1
Added Net: Name=OBC_VS_SOM_I2C_SCL
Added Pin To Net: NetName=OBC_VS_SOM_I2C_SDA Pin=J2-6
Added Pin To Net: NetName=OBC_VS_SOM_I2C_SDA Pin=R374-1
Added Net: Name=OBC_VS_SOM_I2C_SDA
Added Pin To Net: NetName=OBC_VS_SOM_SPI_SG_CS Pin=J2-1
Added Pin To Net: NetName=OBC_VS_SOM_SPI_SG_CS Pin=R319-1
Added Net: Name=OBC_VS_SOM_SPI_SG_CS
Added Pin To Net: NetName=OBC_VS_SOM_SPI_SG_MISO Pin=J2-4
Added Pin To Net: NetName=OBC_VS_SOM_SPI_SG_MISO Pin=R313-1
Added Net: Name=OBC_VS_SOM_SPI_SG_MISO
Added Pin To Net: NetName=OBC_VS_SOM_SPI_SG_MOSI Pin=J2-3
Added Pin To Net: NetName=OBC_VS_SOM_SPI_SG_MOSI Pin=R316-1
Added Net: Name=OBC_VS_SOM_SPI_SG_MOSI
Added Pin To Net: NetName=OBC_VS_SOM_SPI_SG_SCK Pin=J2-2
Added Pin To Net: NetName=OBC_VS_SOM_SPI_SG_SCK Pin=R311-1
Added Net: Name=OBC_VS_SOM_SPI_SG_SCK
Added Pin To Net: NetName=PA00 Pin=R11-1
Added Pin To Net: NetName=PA00 Pin=U3-102
Added Net: Name=PA00
Added Pin To Net: NetName=PA01 Pin=R13-1
Added Pin To Net: NetName=PA01 Pin=U3-99
Added Net: Name=PA01
Added Pin To Net: NetName=PA02 Pin=R15-1
Added Pin To Net: NetName=PA02 Pin=U3-93
Added Net: Name=PA02
Added Pin To Net: NetName=PA03 Pin=R17-1
Added Pin To Net: NetName=PA03 Pin=U3-91
Added Net: Name=PA03
Added Pin To Net: NetName=PA04 Pin=R19-1
Added Pin To Net: NetName=PA04 Pin=U3-77
Added Net: Name=PA04
Added Pin To Net: NetName=PA05 Pin=R21-1
Added Pin To Net: NetName=PA05 Pin=U3-73
Added Net: Name=PA05
Added Pin To Net: NetName=PA06 Pin=R23-1
Added Pin To Net: NetName=PA06 Pin=U3-114
Added Net: Name=PA06
Added Pin To Net: NetName=PA07_XIN32 Pin=C16-2
Added Pin To Net: NetName=PA07_XIN32 Pin=U3-35
Added Pin To Net: NetName=PA07_XIN32 Pin=XC1-1
Added Net: Name=PA07_XIN32
Added Pin To Net: NetName=PA08_XOUT32 Pin=C17-2
Added Pin To Net: NetName=PA08_XOUT32 Pin=U3-36
Added Pin To Net: NetName=PA08_XOUT32 Pin=XC1-2
Added Net: Name=PA08_XOUT32
Added Pin To Net: NetName=PA09 Pin=R27-1
Added Pin To Net: NetName=PA09 Pin=U3-75
Added Net: Name=PA09
Added Pin To Net: NetName=PA10 Pin=R29-1
Added Pin To Net: NetName=PA10 Pin=U3-66
Added Net: Name=PA10
Added Pin To Net: NetName=PA11 Pin=R31-1
Added Pin To Net: NetName=PA11 Pin=U3-64
Added Net: Name=PA11
Added Pin To Net: NetName=PA12 Pin=R33-1
Added Pin To Net: NetName=PA12 Pin=U3-68
Added Net: Name=PA12
Added Pin To Net: NetName=PA13 Pin=R35-1
Added Pin To Net: NetName=PA13 Pin=U3-42
Added Net: Name=PA13
Added Pin To Net: NetName=PA14 Pin=R37-1
Added Pin To Net: NetName=PA14 Pin=U3-51
Added Net: Name=PA14
Added Pin To Net: NetName=PA15 Pin=R39-1
Added Pin To Net: NetName=PA15 Pin=U3-49
Added Net: Name=PA15
Added Pin To Net: NetName=PA16 Pin=R40-1
Added Pin To Net: NetName=PA16 Pin=U3-45
Added Net: Name=PA16
Added Pin To Net: NetName=PA17 Pin=R41-1
Added Pin To Net: NetName=PA17 Pin=U3-25
Added Net: Name=PA17
Added Pin To Net: NetName=PA18 Pin=R276-2
Added Pin To Net: NetName=PA18 Pin=R293-1
Added Pin To Net: NetName=PA18 Pin=U3-24
Added Net: Name=PA18
Added Pin To Net: NetName=PA21 Pin=R445-2
Added Pin To Net: NetName=PA21 Pin=U3-32
Added Pin To Net: NetName=PA21 Pin=U38-9
Added Net: Name=PA21
Added Pin To Net: NetName=PA22 Pin=R46-1
Added Pin To Net: NetName=PA22 Pin=U3-37
Added Net: Name=PA22
Added Pin To Net: NetName=PA23 Pin=R48-1
Added Pin To Net: NetName=PA23 Pin=U3-46
Added Net: Name=PA23
Added Pin To Net: NetName=PA24 Pin=R49-1
Added Pin To Net: NetName=PA24 Pin=U3-56
Added Net: Name=PA24
Added Pin To Net: NetName=PA25 Pin=R50-1
Added Pin To Net: NetName=PA25 Pin=U3-59
Added Net: Name=PA25
Added Pin To Net: NetName=PA26 Pin=R53-1
Added Pin To Net: NetName=PA26 Pin=U3-62
Added Net: Name=PA26
Added Pin To Net: NetName=PA27 Pin=R55-1
Added Pin To Net: NetName=PA27 Pin=U3-70
Added Net: Name=PA27
Added Pin To Net: NetName=PA28 Pin=R58-1
Added Pin To Net: NetName=PA28 Pin=U3-112
Added Net: Name=PA28
Added Pin To Net: NetName=PA29 Pin=R60-1
Added Pin To Net: NetName=PA29 Pin=U3-129
Added Net: Name=PA29
Added Pin To Net: NetName=PA30 Pin=R61-1
Added Pin To Net: NetName=PA30 Pin=U3-116
Added Net: Name=PA30
Added Pin To Net: NetName=PA31 Pin=R62-1
Added Pin To Net: NetName=PA31 Pin=U3-118
Added Net: Name=PA31
Added Pin To Net: NetName=PB00 Pin=R76-2
Added Pin To Net: NetName=PB00 Pin=U3-21
Added Net: Name=PB00
Added Pin To Net: NetName=PB01 Pin=R78-2
Added Pin To Net: NetName=PB01 Pin=U3-20
Added Net: Name=PB01
Added Pin To Net: NetName=PB02 Pin=R80-2
Added Pin To Net: NetName=PB02 Pin=U3-26
Added Net: Name=PB02
Added Pin To Net: NetName=PB03 Pin=R82-2
Added Pin To Net: NetName=PB03 Pin=U3-31
Added Net: Name=PB03
Added Pin To Net: NetName=PB04 Pin=R84-2
Added Pin To Net: NetName=PB04 Pin=U3-105
Added Net: Name=PB04
Added Pin To Net: NetName=PB05 Pin=R86-2
Added Pin To Net: NetName=PB05 Pin=R89-2
Added Pin To Net: NetName=PB05 Pin=U3-109
Added Net: Name=PB05
Added Pin To Net: NetName=PB06 Pin=R88-2
Added Pin To Net: NetName=PB06 Pin=U3-79
Added Net: Name=PB06
Added Pin To Net: NetName=PB07 Pin=R91-2
Added Pin To Net: NetName=PB07 Pin=U3-89
Added Net: Name=PB07
Added Pin To Net: NetName=PB08 Pin=R93-2
Added Pin To Net: NetName=PB08 Pin=U3-141
Added Net: Name=PB08
Added Pin To Net: NetName=PB09 Pin=R95-2
Added Pin To Net: NetName=PB09 Pin=U3-142
Added Net: Name=PB09
Added Pin To Net: NetName=PB12 Pin=R97-2
Added Pin To Net: NetName=PB12 Pin=U3-87
Added Net: Name=PB12
Added Pin To Net: NetName=PB13 Pin=R99-2
Added Pin To Net: NetName=PB13 Pin=U3-144
Added Net: Name=PB13
Added Pin To Net: NetName=PC00 Pin=R307-1
Added Pin To Net: NetName=PC00 Pin=U3-11
Added Net: Name=PC00
Added Pin To Net: NetName=PC01 Pin=R67-1
Added Pin To Net: NetName=PC01 Pin=U3-38
Added Net: Name=PC01
Added Pin To Net: NetName=PC02 Pin=R69-1
Added Pin To Net: NetName=PC02 Pin=U3-39
Added Net: Name=PC02
Added Pin To Net: NetName=PC03 Pin=R71-1
Added Pin To Net: NetName=PC03 Pin=U3-40
Added Net: Name=PC03
Added Pin To Net: NetName=PC04 Pin=R72-1
Added Pin To Net: NetName=PC04 Pin=U3-41
Added Net: Name=PC04
Added Pin To Net: NetName=PC05 Pin=R73-1
Added Pin To Net: NetName=PC05 Pin=U3-58
Added Net: Name=PC05
Added Pin To Net: NetName=PC06 Pin=R74-1
Added Pin To Net: NetName=PC06 Pin=U3-54
Added Net: Name=PC06
Added Pin To Net: NetName=PC07 Pin=R75-1
Added Pin To Net: NetName=PC07 Pin=U3-48
Added Net: Name=PC07
Added Pin To Net: NetName=PC08 Pin=R77-1
Added Pin To Net: NetName=PC08 Pin=U3-82
Added Net: Name=PC08
Added Pin To Net: NetName=PC09 Pin=R79-1
Added Pin To Net: NetName=PC09 Pin=U3-86
Added Net: Name=PC09
Added Pin To Net: NetName=PC10 Pin=R81-1
Added Pin To Net: NetName=PC10 Pin=U3-90
Added Net: Name=PC10
Added Pin To Net: NetName=PC11 Pin=R83-1
Added Pin To Net: NetName=PC11 Pin=U3-94
Added Net: Name=PC11
Added Pin To Net: NetName=PC12 Pin=R85-1
Added Pin To Net: NetName=PC12 Pin=U3-17
Added Net: Name=PC12
Added Pin To Net: NetName=PC13 Pin=R87-1
Added Pin To Net: NetName=PC13 Pin=U3-19
Added Net: Name=PC13
Added Pin To Net: NetName=PC14 Pin=R90-1
Added Pin To Net: NetName=PC14 Pin=U3-97
Added Net: Name=PC14
Added Pin To Net: NetName=PC15 Pin=R92-1
Added Pin To Net: NetName=PC15 Pin=U3-18
Added Net: Name=PC15
Added Pin To Net: NetName=PC16 Pin=R94-1
Added Pin To Net: NetName=PC16 Pin=U3-100
Added Net: Name=PC16
Added Pin To Net: NetName=PC17 Pin=R96-1
Added Pin To Net: NetName=PC17 Pin=U3-103
Added Net: Name=PC17
Added Pin To Net: NetName=PC18 Pin=R98-1
Added Pin To Net: NetName=PC18 Pin=U3-111
Added Net: Name=PC18
Added Pin To Net: NetName=PC19 Pin=R100-1
Added Pin To Net: NetName=PC19 Pin=U3-117
Added Net: Name=PC19
Added Pin To Net: NetName=PC20 Pin=R101-1
Added Pin To Net: NetName=PC20 Pin=U3-120
Added Net: Name=PC20
Added Pin To Net: NetName=PC21 Pin=R102-1
Added Pin To Net: NetName=PC21 Pin=U3-122
Added Net: Name=PC21
Added Pin To Net: NetName=PC22 Pin=R103-1
Added Pin To Net: NetName=PC22 Pin=U3-124
Added Net: Name=PC22
Added Pin To Net: NetName=PC23 Pin=R104-1
Added Pin To Net: NetName=PC23 Pin=U3-127
Added Net: Name=PC23
Added Pin To Net: NetName=PC24 Pin=R105-1
Added Pin To Net: NetName=PC24 Pin=U3-130
Added Net: Name=PC24
Added Pin To Net: NetName=PC25 Pin=U3-133
Added Net: Name=PC25
Added Pin To Net: NetName=PC26 Pin=R106-1
Added Pin To Net: NetName=PC26 Pin=U3-13
Added Net: Name=PC26
Added Pin To Net: NetName=PC27 Pin=R107-1
Added Pin To Net: NetName=PC27 Pin=U3-12
Added Net: Name=PC27
Added Pin To Net: NetName=PC28 Pin=R108-1
Added Pin To Net: NetName=PC28 Pin=U3-76
Added Net: Name=PC28
Added Pin To Net: NetName=PC29 Pin=R109-1
Added Pin To Net: NetName=PC29 Pin=U3-16
Added Net: Name=PC29
Added Pin To Net: NetName=PC30 Pin=R110-1
Added Pin To Net: NetName=PC30 Pin=U3-15
Added Net: Name=PC30
Added Pin To Net: NetName=PC31 Pin=R111-1
Added Pin To Net: NetName=PC31 Pin=U3-14
Added Net: Name=PC31
Added Pin To Net: NetName=PD00 Pin=R?-2
Added Pin To Net: NetName=PD00 Pin=U3-1
Added Net: Name=PD00
Added Pin To Net: NetName=PD01 Pin=R14-2
Added Pin To Net: NetName=PD01 Pin=U3-132
Added Net: Name=PD01
Added Pin To Net: NetName=PD02 Pin=R16-2
Added Pin To Net: NetName=PD02 Pin=U3-131
Added Net: Name=PD02
Added Pin To Net: NetName=PD03 Pin=U3-128
Added Net: Name=PD03
Added Pin To Net: NetName=PD04 Pin=R20-2
Added Pin To Net: NetName=PD04 Pin=U3-126
Added Net: Name=PD04
Added Pin To Net: NetName=PD05 Pin=R22-2
Added Pin To Net: NetName=PD05 Pin=U3-125
Added Net: Name=PD05
Added Pin To Net: NetName=PD06 Pin=R24-2
Added Pin To Net: NetName=PD06 Pin=U3-121
Added Net: Name=PD06
Added Pin To Net: NetName=PD07 Pin=U3-119
Added Net: Name=PD07
Added Pin To Net: NetName=PD08 Pin=U3-113
Added Net: Name=PD08
Added Pin To Net: NetName=PD09 Pin=R28-2
Added Pin To Net: NetName=PD09 Pin=U3-110
Added Net: Name=PD09
Added Pin To Net: NetName=PD10 Pin=R30-2
Added Pin To Net: NetName=PD10 Pin=U3-101
Added Net: Name=PD10
Added Pin To Net: NetName=PD11 Pin=R32-2
Added Pin To Net: NetName=PD11 Pin=U3-98
Added Net: Name=PD11
Added Pin To Net: NetName=PD12 Pin=R34-2
Added Pin To Net: NetName=PD12 Pin=U3-92
Added Net: Name=PD12
Added Pin To Net: NetName=PD13 Pin=R36-2
Added Pin To Net: NetName=PD13 Pin=U3-88
Added Net: Name=PD13
Added Pin To Net: NetName=PD14 Pin=R38-2
Added Pin To Net: NetName=PD14 Pin=U3-84
Added Net: Name=PD14
Added Pin To Net: NetName=PD15 Pin=U3-106
Added Net: Name=PD15
Added Pin To Net: NetName=PD16 Pin=U3-78
Added Net: Name=PD16
Added Pin To Net: NetName=PD17 Pin=R42-2
Added Pin To Net: NetName=PD17 Pin=U3-74
Added Net: Name=PD17
Added Pin To Net: NetName=PD18 Pin=R43-2
Added Pin To Net: NetName=PD18 Pin=U3-69
Added Net: Name=PD18
Added Pin To Net: NetName=PD19 Pin=R52-1
Added Pin To Net: NetName=PD19 Pin=U3-67
Added Net: Name=PD19
Added Pin To Net: NetName=PD20 Pin=R44-2
Added Pin To Net: NetName=PD20 Pin=U3-65
Added Net: Name=PD20
Added Pin To Net: NetName=PD21 Pin=R45-2
Added Pin To Net: NetName=PD21 Pin=U3-63
Added Net: Name=PD21
Added Pin To Net: NetName=PD22 Pin=R47-2
Added Pin To Net: NetName=PD22 Pin=U3-60
Added Net: Name=PD22
Added Pin To Net: NetName=PD23 Pin=R207-2
Added Pin To Net: NetName=PD23 Pin=U3-57
Added Net: Name=PD23
Added Pin To Net: NetName=PD24 Pin=R217-2
Added Pin To Net: NetName=PD24 Pin=U3-55
Added Net: Name=PD24
Added Pin To Net: NetName=PD25 Pin=R51-2
Added Pin To Net: NetName=PD25 Pin=U3-52
Added Net: Name=PD25
Added Pin To Net: NetName=PD26 Pin=R54-2
Added Pin To Net: NetName=PD26 Pin=U3-53
Added Net: Name=PD26
Added Pin To Net: NetName=PD27 Pin=R56-2
Added Pin To Net: NetName=PD27 Pin=U3-47
Added Net: Name=PD27
Added Pin To Net: NetName=PD28 Pin=R59-2
Added Pin To Net: NetName=PD28 Pin=U3-71
Added Net: Name=PD28
Added Pin To Net: NetName=PD29 Pin=R57-1
Added Pin To Net: NetName=PD29 Pin=U3-108
Added Net: Name=PD29
Added Pin To Net: NetName=PD30 Pin=U3-34
Added Net: Name=PD30
Added Pin To Net: NetName=PD31 Pin=R63-2
Added Pin To Net: NetName=PD31 Pin=U3-2
Added Net: Name=PD31
Added Pin To Net: NetName=PE00 Pin=R259-2
Added Pin To Net: NetName=PE00 Pin=U3-4
Added Pin To Net: NetName=PE00 Pin=U3-27
Added Pin To Net: NetName=PE00 Pin=U24-9
Added Net: Name=PE00
Added Pin To Net: NetName=PE01 Pin=R68-2
Added Pin To Net: NetName=PE01 Pin=U3-6
Added Net: Name=PE01
Added Pin To Net: NetName=PE02 Pin=R70-2
Added Pin To Net: NetName=PE02 Pin=U3-7
Added Net: Name=PE02
Added Pin To Net: NetName=PE03 Pin=R6-2
Added Pin To Net: NetName=PE03 Pin=U1-9
Added Pin To Net: NetName=PE03 Pin=U3-10
Added Net: Name=PE03
Added Pin To Net: NetName=PE05 Pin=U3-28
Added Net: Name=PE05
Added Pin To Net: NetName=PHOTO_SPI0_nCS2 Pin=R34-1
Added Pin To Net: NetName=PHOTO_SPI0_nCS2 Pin=R273-2
Added Pin To Net: NetName=PHOTO_SPI0_nCS2 Pin=R287-1
Added Net: Name=PHOTO_SPI0_nCS2
Added Pin To Net: NetName=PIOBU0 Pin=U29-116
Added Net: Name=PIOBU0
Added Pin To Net: NetName=PIOBU1 Pin=U29-115
Added Net: Name=PIOBU1
Added Pin To Net: NetName=PIOBU2 Pin=U29-117
Added Net: Name=PIOBU2
Added Pin To Net: NetName=PIOBU3 Pin=U29-118
Added Net: Name=PIOBU3
Added Pin To Net: NetName=POW_ONOFF_BUCK_PERI Pin=R57-2
Added Pin To Net: NetName=POW_ONOFF_BUCK_PERI Pin=R417-2
Added Pin To Net: NetName=POW_ONOFF_BUCK_PERI Pin=R420-1
Added Pin To Net: NetName=POW_ONOFF_BUCK_PERI Pin=U35-5
Added Net: Name=POW_ONOFF_BUCK_PERI
Added Pin To Net: NetName=POW_ONOFF_SOM Pin=R16-1
Added Pin To Net: NetName=POW_ONOFF_SOM Pin=R255-2
Added Net: Name=POW_ONOFF_SOM
Added Pin To Net: NetName=PRAM_MISO Pin=U32-12
Added Pin To Net: NetName=PRAM_MISO Pin=U33-2
Added Net: Name=PRAM_MISO
Added Pin To Net: NetName=PRAM_MOSI Pin=U32-9
Added Pin To Net: NetName=PRAM_MOSI Pin=U33-5
Added Net: Name=PRAM_MOSI
Added Pin To Net: NetName=PRAM_nCS Pin=U32-4
Added Pin To Net: NetName=PRAM_nCS Pin=U33-1
Added Net: Name=PRAM_nCS
Added Pin To Net: NetName=PRAM_SCK Pin=U32-7
Added Pin To Net: NetName=PRAM_SCK Pin=U33-6
Added Net: Name=PRAM_SCK
Added Pin To Net: NetName=QSPI1_CS_IN Pin=U29-69
Added Net: Name=QSPI1_CS_IN
Added Pin To Net: NetName=QSPI1_CS_PB26 Pin=U29-68
Added Net: Name=QSPI1_CS_PB26
Added Pin To Net: NetName=SEL_VLDO1 Pin=R322-2
Added Pin To Net: NetName=SEL_VLDO1 Pin=U29-8
Added Net: Name=SEL_VLDO1
Added Pin To Net: NetName=SENSOR3_EN Pin=R83-2
Added Pin To Net: NetName=SENSOR3_EN Pin=R227-2
Added Net: Name=SENSOR3_EN
Added Pin To Net: NetName=SENSOR_I2C1_SCL Pin=R89-1
Added Pin To Net: NetName=SENSOR_I2C1_SCL Pin=R212-2
Added Pin To Net: NetName=SENSOR_I2C1_SCL Pin=R225-2
Added Net: Name=SENSOR_I2C1_SCL
Added Pin To Net: NetName=SENSOR_I2C1_SDA Pin=R84-1
Added Pin To Net: NetName=SENSOR_I2C1_SDA Pin=R213-2
Added Pin To Net: NetName=SENSOR_I2C1_SDA Pin=R226-2
Added Net: Name=SENSOR_I2C1_SDA
Added Pin To Net: NetName=SHDN Pin=U29-146
Added Net: Name=SHDN
Added Pin To Net: NetName=SOL_1_OUT1 Pin=J20-2
Added Net: Name=SOL_1_OUT1
Added Pin To Net: NetName=SOL_1_OUT2 Pin=J20-1
Added Net: Name=SOL_1_OUT2
Added Pin To Net: NetName=SOL_1_VREF Pin=R261-2
Added Pin To Net: NetName=SOL_1_VREF Pin=R262-1
Added Pin To Net: NetName=SOL_1_VREF Pin=R264-2
Added Pin To Net: NetName=SOL_1_VREF Pin=R265-1
Added Pin To Net: NetName=SOL_1_VREF Pin=R267-2
Added Pin To Net: NetName=SOL_1_VREF Pin=R268-1
Added Pin To Net: NetName=SOL_1_VREF Pin=R270-2
Added Pin To Net: NetName=SOL_1_VREF Pin=R271-1
Added Net: Name=SOL_1_VREF
Added Pin To Net: NetName=SOL_2_OUT1 Pin=J20-4
Added Net: Name=SOL_2_OUT1
Added Pin To Net: NetName=SOL_2_OUT2 Pin=J20-3
Added Net: Name=SOL_2_OUT2
Added Pin To Net: NetName=SOL_3_OUT1 Pin=J20-6
Added Net: Name=SOL_3_OUT1
Added Pin To Net: NetName=SOL_3_OUT2 Pin=J20-5
Added Net: Name=SOL_3_OUT2
Added Pin To Net: NetName=SOL_4_OUT1 Pin=J20-8
Added Net: Name=SOL_4_OUT1
Added Pin To Net: NetName=SOL_4_OUT2 Pin=J20-7
Added Net: Name=SOL_4_OUT2
Added Pin To Net: NetName=SOM_CAM_I2C_SCL Pin=R380-1
Added Net: Name=SOM_CAM_I2C_SCL
Added Pin To Net: NetName=SOM_CAM_I2C_SDA Pin=R382-1
Added Net: Name=SOM_CAM_I2C_SDA
Added Pin To Net: NetName=SOM_CANRX0 Pin=R338-1
Added Pin To Net: NetName=SOM_CANRX0 Pin=U39-4
Added Net: Name=SOM_CANRX0
Added Pin To Net: NetName=SOM_CANRX1 Pin=R334-1
Added Pin To Net: NetName=SOM_CANRX1 Pin=U40-4
Added Net: Name=SOM_CANRX1
Added Pin To Net: NetName=SOM_CANTX0 Pin=R337-1
Added Pin To Net: NetName=SOM_CANTX0 Pin=U39-1
Added Net: Name=SOM_CANTX0
Added Pin To Net: NetName=SOM_CANTX1 Pin=R340-1
Added Pin To Net: NetName=SOM_CANTX1 Pin=U40-1
Added Net: Name=SOM_CANTX1
Added Pin To Net: NetName=SOM_CONSOLE_RX Pin=J18-3
Added Pin To Net: NetName=SOM_CONSOLE_RX Pin=R248-1
Added Pin To Net: NetName=SOM_CONSOLE_RX Pin=R377-1
Added Net: Name=SOM_CONSOLE_RX
Added Pin To Net: NetName=SOM_CONSOLE_TX Pin=J18-2
Added Pin To Net: NetName=SOM_CONSOLE_TX Pin=R247-1
Added Pin To Net: NetName=SOM_CONSOLE_TX Pin=R376-1
Added Net: Name=SOM_CONSOLE_TX
Added Pin To Net: NetName=SOM_EMMC_nRST Pin=R246-1
Added Pin To Net: NetName=SOM_EMMC_nRST Pin=R358-1
Added Pin To Net: NetName=SOM_EMMC_nRST Pin=U23-M5
Added Pin To Net: NetName=SOM_EMMC_nRST Pin=U23-M5
Added Net: Name=SOM_EMMC_nRST
Added Pin To Net: NetName=SOM_PHOTO_ADC_CONV Pin=R279-2
Added Pin To Net: NetName=SOM_PHOTO_ADC_CONV Pin=R292-1
Added Pin To Net: NetName=SOM_PHOTO_ADC_CONV Pin=R367-1
Added Net: Name=SOM_PHOTO_ADC_CONV
Added Pin To Net: NetName=SOM_PHOTO_ADC_EOC Pin=R280-2
Added Pin To Net: NetName=SOM_PHOTO_ADC_EOC Pin=R294-1
Added Pin To Net: NetName=SOM_PHOTO_ADC_EOC Pin=R384-1
Added Net: Name=SOM_PHOTO_ADC_EOC
Added Pin To Net: NetName=SOM_PHOTO_ADC_nCS Pin=R278-2
Added Pin To Net: NetName=SOM_PHOTO_ADC_nCS Pin=R290-1
Added Pin To Net: NetName=SOM_PHOTO_ADC_nCS Pin=R325-1
Added Net: Name=SOM_PHOTO_ADC_nCS
Added Pin To Net: NetName=SOM_PHOTO_SPI_MISO Pin=R286-1
Added Pin To Net: NetName=SOM_PHOTO_SPI_MISO Pin=R323-1
Added Net: Name=SOM_PHOTO_SPI_MISO
Added Pin To Net: NetName=SOM_PHOTO_SPI_MOSI Pin=R284-1
Added Pin To Net: NetName=SOM_PHOTO_SPI_MOSI Pin=R314-1
Added Net: Name=SOM_PHOTO_SPI_MOSI
Added Pin To Net: NetName=SOM_PHOTO_SPI_SCK Pin=R282-1
Added Pin To Net: NetName=SOM_PHOTO_SPI_SCK Pin=R320-1
Added Net: Name=SOM_PHOTO_SPI_SCK
Added Pin To Net: NetName=SOM_PHOTO_SW_nCS Pin=R277-2
Added Pin To Net: NetName=SOM_PHOTO_SW_nCS Pin=R288-1
Added Pin To Net: NetName=SOM_PHOTO_SW_nCS Pin=R317-1
Added Net: Name=SOM_PHOTO_SW_nCS
Added Pin To Net: NetName=SOM_PRAM_nCS Pin=R381-1
Added Pin To Net: NetName=SOM_PRAM_nCS Pin=U32-3
Added Net: Name=SOM_PRAM_nCS
Added Pin To Net: NetName=SOM_PRAM_SPI_MISO Pin=R385-1
Added Pin To Net: NetName=SOM_PRAM_SPI_MISO Pin=U32-13
Added Net: Name=SOM_PRAM_SPI_MISO
Added Pin To Net: NetName=SOM_PRAM_SPI_MOSI Pin=R383-1
Added Pin To Net: NetName=SOM_PRAM_SPI_MOSI Pin=U32-10
Added Net: Name=SOM_PRAM_SPI_MOSI
Added Pin To Net: NetName=SOM_PRAM_SPI_SCK Pin=R378-1
Added Pin To Net: NetName=SOM_PRAM_SPI_SCK Pin=U32-6
Added Net: Name=SOM_PRAM_SPI_SCK
Added Pin To Net: NetName=SOM_SDMMC0_OUT_CK Pin=R245-1
Added Pin To Net: NetName=SOM_SDMMC0_OUT_CK Pin=R355-1
Added Pin To Net: NetName=SOM_SDMMC0_OUT_CK Pin=U23-P6
Added Pin To Net: NetName=SOM_SDMMC0_OUT_CK Pin=U23-P6
Added Net: Name=SOM_SDMMC0_OUT_CK
Added Pin To Net: NetName=SOM_SDMMC0_OUT_CMD Pin=R244-1
Added Pin To Net: NetName=SOM_SDMMC0_OUT_CMD Pin=R366-1
Added Pin To Net: NetName=SOM_SDMMC0_OUT_CMD Pin=U23-P5
Added Pin To Net: NetName=SOM_SDMMC0_OUT_CMD Pin=U23-P5
Added Net: Name=SOM_SDMMC0_OUT_CMD
Added Pin To Net: NetName=SOM_SDMMC0_OUT_D0 Pin=R243-1
Added Pin To Net: NetName=SOM_SDMMC0_OUT_D0 Pin=R362-1
Added Pin To Net: NetName=SOM_SDMMC0_OUT_D0 Pin=U23-K2
Added Pin To Net: NetName=SOM_SDMMC0_OUT_D0 Pin=U23-K2
Added Net: Name=SOM_SDMMC0_OUT_D0
Added Pin To Net: NetName=SOM_SDMMC0_OUT_D1 Pin=R242-1
Added Pin To Net: NetName=SOM_SDMMC0_OUT_D1 Pin=R346-1
Added Pin To Net: NetName=SOM_SDMMC0_OUT_D1 Pin=U23-N2
Added Pin To Net: NetName=SOM_SDMMC0_OUT_D1 Pin=U23-N2
Added Net: Name=SOM_SDMMC0_OUT_D1
Added Pin To Net: NetName=SOM_SDMMC0_OUT_D2 Pin=R241-1
Added Pin To Net: NetName=SOM_SDMMC0_OUT_D2 Pin=R360-1
Added Pin To Net: NetName=SOM_SDMMC0_OUT_D2 Pin=U23-K3
Added Pin To Net: NetName=SOM_SDMMC0_OUT_D2 Pin=U23-K3
Added Net: Name=SOM_SDMMC0_OUT_D2
Added Pin To Net: NetName=SOM_SDMMC0_OUT_D3 Pin=R240-1
Added Pin To Net: NetName=SOM_SDMMC0_OUT_D3 Pin=R352-1
Added Pin To Net: NetName=SOM_SDMMC0_OUT_D3 Pin=U23-N3
Added Pin To Net: NetName=SOM_SDMMC0_OUT_D3 Pin=U23-N3
Added Net: Name=SOM_SDMMC0_OUT_D3
Added Pin To Net: NetName=SOM_SDMMC0_OUT_D4 Pin=R239-1
Added Pin To Net: NetName=SOM_SDMMC0_OUT_D4 Pin=R349-1
Added Pin To Net: NetName=SOM_SDMMC0_OUT_D4 Pin=U23-N8
Added Pin To Net: NetName=SOM_SDMMC0_OUT_D4 Pin=U23-N8
Added Net: Name=SOM_SDMMC0_OUT_D4
Added Pin To Net: NetName=SOM_SDMMC0_OUT_D5 Pin=R238-1
Added Pin To Net: NetName=SOM_SDMMC0_OUT_D5 Pin=R347-1
Added Pin To Net: NetName=SOM_SDMMC0_OUT_D5 Pin=U23-K8
Added Pin To Net: NetName=SOM_SDMMC0_OUT_D5 Pin=U23-K8
Added Net: Name=SOM_SDMMC0_OUT_D5
Added Pin To Net: NetName=SOM_SDMMC0_OUT_D6 Pin=R237-1
Added Pin To Net: NetName=SOM_SDMMC0_OUT_D6 Pin=R343-1
Added Pin To Net: NetName=SOM_SDMMC0_OUT_D6 Pin=U23-N9
Added Pin To Net: NetName=SOM_SDMMC0_OUT_D6 Pin=U23-N9
Added Net: Name=SOM_SDMMC0_OUT_D6
Added Pin To Net: NetName=SOM_SDMMC0_OUT_D7 Pin=R236-1
Added Pin To Net: NetName=SOM_SDMMC0_OUT_D7 Pin=R344-1
Added Pin To Net: NetName=SOM_SDMMC0_OUT_D7 Pin=U23-K9
Added Pin To Net: NetName=SOM_SDMMC0_OUT_D7 Pin=U23-K9
Added Net: Name=SOM_SDMMC0_OUT_D7
Added Pin To Net: NetName=SOM_SDMMC0_OUT_DS Pin=R364-1
Added Pin To Net: NetName=SOM_SDMMC0_OUT_DS Pin=U23-K5
Added Pin To Net: NetName=SOM_SDMMC0_OUT_DS Pin=U23-K5
Added Net: Name=SOM_SDMMC0_OUT_DS
Added Pin To Net: NetName=SOM_TWCK Pin=TP5-0
Added Pin To Net: NetName=SOM_TWCK Pin=U29-16
Added Net: Name=SOM_TWCK
Added Pin To Net: NetName=SOM_TWD Pin=TP6-0
Added Pin To Net: NetName=SOM_TWD Pin=U29-17
Added Net: Name=SOM_TWD
Added Pin To Net: NetName=SOM_USB_LED_1 Pin=R116-1
Added Pin To Net: NetName=SOM_USB_LED_1 Pin=R339-1
Added Net: Name=SOM_USB_LED_1
Added Pin To Net: NetName=SOM_USB_LED_2 Pin=R121-1
Added Pin To Net: NetName=SOM_USB_LED_2 Pin=R336-1
Added Net: Name=SOM_USB_LED_2
Added Pin To Net: NetName=SOM_USB_N Pin=R354-1
Added Pin To Net: NetName=SOM_USB_N Pin=U4-3
Added Net: Name=SOM_USB_N
Added Pin To Net: NetName=SOM_USB_P Pin=R357-1
Added Pin To Net: NetName=SOM_USB_P Pin=U4-2
Added Net: Name=SOM_USB_P
Added Pin To Net: NetName=TCK_SWCLK_PC26 Pin=J25-5
Added Pin To Net: NetName=TCK_SWCLK_PC26 Pin=U29-64
Added Net: Name=TCK_SWCLK_PC26
Added Pin To Net: NetName=TDI_PC28 Pin=J25-4
Added Pin To Net: NetName=TDI_PC28 Pin=U29-63
Added Net: Name=TDI_PC28
Added Pin To Net: NetName=TDO_PC29 Pin=J25-7
Added Pin To Net: NetName=TDO_PC29 Pin=U29-65
Added Net: Name=TDO_PC29
Added Pin To Net: NetName=TMS_SWDIO_PC27 Pin=J25-8
Added Pin To Net: NetName=TMS_SWDIO_PC27 Pin=U29-67
Added Net: Name=TMS_SWDIO_PC27
Added Pin To Net: NetName=USBA_CC1 Pin=U29-79
Added Net: Name=USBA_CC1
Added Pin To Net: NetName=USBA_CC2 Pin=U29-82
Added Net: Name=USBA_CC2
Added Pin To Net: NetName=USBA_N Pin=R368-2
Added Pin To Net: NetName=USBA_N Pin=U29-80
Added Net: Name=USBA_N
Added Pin To Net: NetName=USBA_P Pin=R369-2
Added Pin To Net: NetName=USBA_P Pin=U29-81
Added Net: Name=USBA_P
Added Pin To Net: NetName=USBB_CC1 Pin=U29-74
Added Net: Name=USBB_CC1
Added Pin To Net: NetName=USBB_CC2 Pin=U29-77
Added Net: Name=USBB_CC2
Added Pin To Net: NetName=USBB_N Pin=R363-2
Added Pin To Net: NetName=USBB_N Pin=U29-75
Added Net: Name=USBB_N
Added Pin To Net: NetName=USBB_P Pin=R365-2
Added Pin To Net: NetName=USBB_P Pin=U29-76
Added Net: Name=USBB_P
Added Pin To Net: NetName=USBC_N Pin=R354-2
Added Pin To Net: NetName=USBC_N Pin=U29-71
Added Net: Name=USBC_N
Added Pin To Net: NetName=USBC_P Pin=R357-2
Added Pin To Net: NetName=USBC_P Pin=U29-72
Added Net: Name=USBC_P
Added Pin To Net: NetName=VBAT Pin=R308-2
Added Pin To Net: NetName=VBAT Pin=R309-2
Added Pin To Net: NetName=VBAT Pin=U29-170
Added Net: Name=VBAT
Added Pin To Net: NetName=VDD_3V3 Pin=C150-1
Added Pin To Net: NetName=VDD_3V3 Pin=J25-2
Added Pin To Net: NetName=VDD_3V3 Pin=R309-1
Added Pin To Net: NetName=VDD_3V3 Pin=R387-2
Added Pin To Net: NetName=VDD_3V3 Pin=R388-2
Added Pin To Net: NetName=VDD_3V3 Pin=R389-2
Added Pin To Net: NetName=VDD_3V3 Pin=R391-2
Added Pin To Net: NetName=VDD_3V3 Pin=R393-2
Added Pin To Net: NetName=VDD_3V3 Pin=U29-109
Added Pin To Net: NetName=VDD_3V3 Pin=U29-162
Added Pin To Net: NetName=VDD_3V3 Pin=U29-171
Added Pin To Net: NetName=VDD_3V3 Pin=U29-172
Added Pin To Net: NetName=VDD_3V3 Pin=U29-173
Added Net: Name=VDD_3V3
Added Pin To Net: NetName=VLDO1 Pin=TP3-0
Added Pin To Net: NetName=VLDO1 Pin=U29-11
Added Net: Name=VLDO1
Added Pin To Net: NetName=VLDO2 Pin=TP4-0
Added Pin To Net: NetName=VLDO2 Pin=U29-12
Added Net: Name=VLDO2
Added Pin To Net: NetName=WKUP Pin=U29-134
Added Net: Name=WKUP
Change Class Name : Old Net Name=ADC New Net Name=05_CONNECTOR_OUT
Change Class Name : Old Net Name=FLUIDIC_CTRL New Net Name=18_HD4_PUMP
Change Class Name : Old Net Name=HEATER New Net Name=15_HEATER
Change Class Name : Old Net Name=I2C_Sensor New Net Name=17_FLOW_Sensor
Change Class Name : Old Net Name=NTC New Net Name=14_NTC_TEMPSENSOR
Change Class Name : Old Net Name=POWER New Net Name=11_MCU
Change Class Name : Old Net Name=POWER_2 New Net Name=08_SOM
Change Class Name : Old Net Name=SOM_BOOT New Net Name=08_SOM_USB_CARD
Change Class Name : Old Net Name=SOM_Console New Net Name=12_CONSOLE
Change Class Name : Old Net Name=TEC New Net Name=16_TEC
Change Class Name : Old Net Name=USB New Net Name=10_USB
Added Class: Name=05_CONNECTOR_IN
Added Class: Name=06_POWER_1
Added Class: Name=06_POWER_2
Added Class: Name=06_POWER_3
Added Class: Name=06_POWER_4
Added Class: Name=07_CAN
Added Class: Name=09_eMMC
Added Class: Name=13_MRAM_RTC_WDT
Added Class: Name=19_SOLEDNOID
Added Class: Name=50_eMMC1_MCU
Added Class: Name=SDMMC0
Added Class: Name=SDMMC1
Added Differential Pair: Name=SOM_USB
Added Member To Class: ClassName=11_MCU Member=Component C19 12pF/10V
Added Member To Class: ClassName=11_MCU Member=Component C27 0.1uF/10V
Added Member To Class: ClassName=11_MCU Member=Component C39 0.1uF/10V
Added Member To Class: ClassName=16_TEC Member=Component C87 0.1uF/10V
Added Member To Class: ClassName=15_HEATER Member=Component C89 1uF/20V
Added Member To Class: ClassName=14_NTC_TEMPSENSOR Member=Component C93 0.1uF/10V
Added Member To Class: ClassName=14_NTC_TEMPSENSOR Member=Component C95 0.1uF/10V
Added Member To Class: ClassName=14_NTC_TEMPSENSOR Member=Component C99 0.1uF/10V
Added Member To Class: ClassName=14_NTC_TEMPSENSOR Member=Component C100 0.1uF/10V
Added Member To Class: ClassName=14_NTC_TEMPSENSOR Member=Component C101 0.1uF/10V
Added Member To Class: ClassName=14_NTC_TEMPSENSOR Member=Component C102 1uF/20V
Added Member To Class: ClassName=14_NTC_TEMPSENSOR Member=Component C103 0.1uF/10V
Added Member To Class: ClassName=14_NTC_TEMPSENSOR Member=Component C104 1uF/20V
Added Member To Class: ClassName=14_NTC_TEMPSENSOR Member=Component C105 0.1uF/10V
Added Member To Class: ClassName=14_NTC_TEMPSENSOR Member=Component C106 0.1uF/10V
Added Member To Class: ClassName=14_NTC_TEMPSENSOR Member=Component C107 0.1uF/10V
Added Member To Class: ClassName=14_NTC_TEMPSENSOR Member=Component C108 0.1uF/10V
Added Member To Class: ClassName=14_NTC_TEMPSENSOR Member=Component C109 0.1uF/10V
Added Member To Class: ClassName=14_NTC_TEMPSENSOR Member=Component C110 0.1uF/10V
Added Member To Class: ClassName=14_NTC_TEMPSENSOR Member=Component C111 0.1uF/10V
Added Member To Class: ClassName=14_NTC_TEMPSENSOR Member=Component C112 0.1uF/10V
Added Member To Class: ClassName=14_NTC_TEMPSENSOR Member=Component C113 0.1uF/10V
Added Member To Class: ClassName=14_NTC_TEMPSENSOR Member=Component C114 0.1uF/10V
Added Member To Class: ClassName=17_FLOW_Sensor Member=Component C123 0.1uF/10V
Added Member To Class: ClassName=08_SOM Member=Component C150 10uF/20V
Added Member To Class: ClassName=08_SOM Member=Component C151 0.1uF/10V
Added Member To Class: ClassName=08_SOM Member=Component C152 0.1uF/10V
Added Member To Class: ClassName=10_USB Member=Component D3 USBLC6-2SC6
Added Member To Class: ClassName=10_USB Member=Component D4 USBLC6-2SC6
Added Member To Class: ClassName=15_HEATER Member=Component D6 1N4007FL
Added Member To Class: ClassName=15_HEATER Member=Component D7 1N4007FL
Added Member To Class: ClassName=15_HEATER Member=Component D8 1N4007FL
Added Member To Class: ClassName=15_HEATER Member=Component D10 1N4007FL
Added Member To Class: ClassName=11_MCU Member=Component J3 Header 8x1
Added Member To Class: ClassName=10_USB Member=Component J4 0533980571
Added Member To Class: ClassName=10_USB Member=Component J5 0533980571
Added Member To Class: ClassName=16_TEC Member=Component J6 5040500891
Added Member To Class: ClassName=15_HEATER Member=Component J7 5040500891
Added Member To Class: ClassName=15_HEATER Member=Component J8 5040500891
Added Member To Class: ClassName=14_NTC_TEMPSENSOR Member=Component J9 5040500891
Added Member To Class: ClassName=14_NTC_TEMPSENSOR Member=Component J10 5040500891
Added Member To Class: ClassName=18_HD4_PUMP Member=Component J11 5040500891
Added Member To Class: ClassName=18_HD4_PUMP Member=Component J12 5040500891
Added Member To Class: ClassName=17_FLOW_Sensor Member=Component J13 0533980671
Added Member To Class: ClassName=17_FLOW_Sensor Member=Component J14 0533980671
Added Member To Class: ClassName=17_FLOW_Sensor Member=Component J15 0533980471
Added Member To Class: ClassName=05_CONNECTOR_OUT Member=Component J21 0533980971
Added Member To Class: ClassName=05_CONNECTOR_OUT Member=Component J22 0533980971
Added Member To Class: ClassName=05_CONNECTOR_OUT Member=Component J23 0533981171
Add Class Member: Failed to add class member : Component J24 0533981171
Added Member To Class: ClassName=08_SOM Member=Component J25 Header 8x1
Added Member To Class: ClassName=10_USB Member=Component Q1 DMG302PU-7
Added Member To Class: ClassName=10_USB Member=Component Q2 DMG302PU-7
Added Member To Class: ClassName=15_HEATER Member=Component Q5 AO3400A
Added Member To Class: ClassName=15_HEATER Member=Component Q6 AO3400A
Added Member To Class: ClassName=15_HEATER Member=Component Q8 AO3400A
Added Member To Class: ClassName=15_HEATER Member=Component Q10 AO3400A
Added Member To Class: ClassName=11_MCU Member=Component R50 22R
Added Member To Class: ClassName=11_MCU Member=Component R57 22R
Added Member To Class: ClassName=11_MCU Member=Component R58 22R
Added Member To Class: ClassName=11_MCU Member=Component R59 22R
Added Member To Class: ClassName=11_MCU Member=Component R60 22R
Added Member To Class: ClassName=11_MCU Member=Component R61 22R
Added Member To Class: ClassName=11_MCU Member=Component R62 22R
Added Member To Class: ClassName=11_MCU Member=Component R63 22R
Added Member To Class: ClassName=11_MCU Member=Component R64 10k
Added Member To Class: ClassName=11_MCU Member=Component R65 22R
Added Member To Class: ClassName=11_MCU Member=Component R66 0R
Added Member To Class: ClassName=11_MCU Member=Component R67 22R
Added Member To Class: ClassName=11_MCU Member=Component R68 22R
Added Member To Class: ClassName=11_MCU Member=Component R69 22R
Added Member To Class: ClassName=11_MCU Member=Component R70 22R
Added Member To Class: ClassName=11_MCU Member=Component R71 22R
Added Member To Class: ClassName=11_MCU Member=Component R72 22R
Added Member To Class: ClassName=11_MCU Member=Component R73 22R
Added Member To Class: ClassName=11_MCU Member=Component R74 22R
Added Member To Class: ClassName=11_MCU Member=Component R75 22R
Added Member To Class: ClassName=11_MCU Member=Component R76 22R
Added Member To Class: ClassName=11_MCU Member=Component R77 22R
Added Member To Class: ClassName=11_MCU Member=Component R78 22R
Added Member To Class: ClassName=11_MCU Member=Component R79 22R
Added Member To Class: ClassName=11_MCU Member=Component R80 22R
Added Member To Class: ClassName=11_MCU Member=Component R81 22R
Added Member To Class: ClassName=11_MCU Member=Component R82 22R
Added Member To Class: ClassName=11_MCU Member=Component R83 22R
Added Member To Class: ClassName=11_MCU Member=Component R84 22R
Added Member To Class: ClassName=11_MCU Member=Component R85 22R
Added Member To Class: ClassName=11_MCU Member=Component R86 DNP/22R
Added Member To Class: ClassName=11_MCU Member=Component R87 22R
Added Member To Class: ClassName=11_MCU Member=Component R88 22R
Added Member To Class: ClassName=11_MCU Member=Component R89 22R
Added Member To Class: ClassName=11_MCU Member=Component R90 22R
Added Member To Class: ClassName=11_MCU Member=Component R91 22R
Added Member To Class: ClassName=11_MCU Member=Component R92 22R
Added Member To Class: ClassName=11_MCU Member=Component R93 22R
Added Member To Class: ClassName=11_MCU Member=Component R94 22R
Added Member To Class: ClassName=11_MCU Member=Component R95 22R
Added Member To Class: ClassName=11_MCU Member=Component R96 22R
Added Member To Class: ClassName=11_MCU Member=Component R97 22R
Added Member To Class: ClassName=11_MCU Member=Component R98 22R
Added Member To Class: ClassName=11_MCU Member=Component R99 22R
Added Member To Class: ClassName=11_MCU Member=Component R100 22R
Added Member To Class: ClassName=11_MCU Member=Component R101 22R
Added Member To Class: ClassName=11_MCU Member=Component R102 22R
Added Member To Class: ClassName=11_MCU Member=Component R103 22R
Added Member To Class: ClassName=11_MCU Member=Component R104 22R
Added Member To Class: ClassName=11_MCU Member=Component R105 22R
Added Member To Class: ClassName=11_MCU Member=Component R106 22R
Added Member To Class: ClassName=11_MCU Member=Component R107 22R
Added Member To Class: ClassName=11_MCU Member=Component R108 22R
Added Member To Class: ClassName=11_MCU Member=Component R109 22R
Added Member To Class: ClassName=11_MCU Member=Component R110 22R
Added Member To Class: ClassName=11_MCU Member=Component R111 22R
Added Member To Class: ClassName=11_MCU Member=Component R112 10M
Added Member To Class: ClassName=11_MCU Member=Component R113 5.62k
Added Member To Class: ClassName=10_USB Member=Component R120 10k
Added Member To Class: ClassName=10_USB Member=Component R121 10k
Added Member To Class: ClassName=10_USB Member=Component R122 100R
Added Member To Class: ClassName=10_USB Member=Component R123 DNP/0R
Added Member To Class: ClassName=10_USB Member=Component R124 DNP/0R
Added Member To Class: ClassName=10_USB Member=Component R125 10k
Added Member To Class: ClassName=10_USB Member=Component R126 10k
Added Member To Class: ClassName=16_TEC Member=Component R147 10k
Added Member To Class: ClassName=16_TEC Member=Component R148 10k
Added Member To Class: ClassName=16_TEC Member=Component R149 10k
Added Member To Class: ClassName=16_TEC Member=Component R150 10k
Added Member To Class: ClassName=16_TEC Member=Component R151 10k
Added Member To Class: ClassName=16_TEC Member=Component R152 10k
Added Member To Class: ClassName=16_TEC Member=Component R153 10k
Added Member To Class: ClassName=16_TEC Member=Component R154 10k
Added Member To Class: ClassName=15_HEATER Member=Component R157 120R
Added Member To Class: ClassName=15_HEATER Member=Component R159 10k
Added Member To Class: ClassName=15_HEATER Member=Component R160 10k
Added Member To Class: ClassName=15_HEATER Member=Component R161 120R
Added Member To Class: ClassName=15_HEATER Member=Component R163 120R
Added Member To Class: ClassName=15_HEATER Member=Component R164 10k
Added Member To Class: ClassName=15_HEATER Member=Component R166 10k
Added Member To Class: ClassName=15_HEATER Member=Component R170 10k
Added Member To Class: ClassName=14_NTC_TEMPSENSOR Member=Component R182 10k
Added Member To Class: ClassName=14_NTC_TEMPSENSOR Member=Component R183 22R
Added Member To Class: ClassName=14_NTC_TEMPSENSOR Member=Component R184 22R
Added Member To Class: ClassName=14_NTC_TEMPSENSOR Member=Component R185 22R
Added Member To Class: ClassName=14_NTC_TEMPSENSOR Member=Component R186 22R
Added Member To Class: ClassName=14_NTC_TEMPSENSOR Member=Component R187 10k
Added Member To Class: ClassName=14_NTC_TEMPSENSOR Member=Component R188 10k
Added Member To Class: ClassName=14_NTC_TEMPSENSOR Member=Component R189 22R
Added Member To Class: ClassName=14_NTC_TEMPSENSOR Member=Component R190 22R
Added Member To Class: ClassName=14_NTC_TEMPSENSOR Member=Component R191 22R
Added Member To Class: ClassName=14_NTC_TEMPSENSOR Member=Component R192 22R
Added Member To Class: ClassName=14_NTC_TEMPSENSOR Member=Component R193 10k
Added Member To Class: ClassName=14_NTC_TEMPSENSOR Member=Component R194 10k
Added Member To Class: ClassName=14_NTC_TEMPSENSOR Member=Component R195 22R
Added Member To Class: ClassName=17_FLOW_Sensor Member=Component R207 22R
Added Member To Class: ClassName=17_FLOW_Sensor Member=Component R217 22R
Added Member To Class: ClassName=17_FLOW_Sensor Member=Component R221 4.7k
Added Member To Class: ClassName=17_FLOW_Sensor Member=Component R222 4.7k
Added Member To Class: ClassName=17_FLOW_Sensor Member=Component R223 4.7k
Added Member To Class: ClassName=17_FLOW_Sensor Member=Component R224 4.7k
Added Member To Class: ClassName=17_FLOW_Sensor Member=Component R225 22R
Added Member To Class: ClassName=17_FLOW_Sensor Member=Component R226 22R
Added Member To Class: ClassName=17_FLOW_Sensor Member=Component R227 22R
Added Member To Class: ClassName=17_FLOW_Sensor Member=Component R228 10k
Added Member To Class: ClassName=05_CONNECTOR_OUT Member=Component R273 10k
Added Member To Class: ClassName=05_CONNECTOR_OUT Member=Component R274 10k
Added Member To Class: ClassName=05_CONNECTOR_OUT Member=Component R275 10k
Added Member To Class: ClassName=05_CONNECTOR_OUT Member=Component R276 10k
Added Member To Class: ClassName=05_CONNECTOR_OUT Member=Component R277 10k
Added Member To Class: ClassName=05_CONNECTOR_OUT Member=Component R278 10k
Added Member To Class: ClassName=05_CONNECTOR_OUT Member=Component R279 10k
Added Member To Class: ClassName=05_CONNECTOR_OUT Member=Component R280 10k
Added Member To Class: ClassName=05_CONNECTOR_OUT Member=Component R283 22R
Added Member To Class: ClassName=05_CONNECTOR_OUT Member=Component R284 22R
Added Member To Class: ClassName=05_CONNECTOR_OUT Member=Component R285 22R
Added Member To Class: ClassName=05_CONNECTOR_OUT Member=Component R295 10k
Added Member To Class: ClassName=05_CONNECTOR_OUT Member=Component R297 10k
Added Member To Class: ClassName=05_CONNECTOR_OUT Member=Component R298 10k
Added Member To Class: ClassName=05_CONNECTOR_OUT Member=Component R301 22R
Added Member To Class: ClassName=05_CONNECTOR_OUT Member=Component R302 22R
Added Member To Class: ClassName=05_CONNECTOR_OUT Member=Component R303 22R
Added Member To Class: ClassName=05_CONNECTOR_OUT Member=Component R304 22R
Added Member To Class: ClassName=05_CONNECTOR_OUT Member=Component R305 22R
Added Member To Class: ClassName=05_CONNECTOR_OUT Member=Component R306 22R
Added Member To Class: ClassName=05_CONNECTOR_OUT Member=Component R307 22R
Added Member To Class: ClassName=08_SOM Member=Component R309 0R
Added Member To Class: ClassName=08_SOM Member=Component R310 10k
Added Member To Class: ClassName=08_SOM Member=Component R311 22R
Added Member To Class: ClassName=08_SOM Member=Component R312 22R
Added Member To Class: ClassName=08_SOM Member=Component R313 22R
Added Member To Class: ClassName=08_SOM Member=Component R314 22R
Added Member To Class: ClassName=08_SOM Member=Component R315 22R
Added Member To Class: ClassName=08_SOM Member=Component R316 22R
Added Member To Class: ClassName=08_SOM Member=Component R317 22R
Added Member To Class: ClassName=08_SOM Member=Component R318 22R
Added Member To Class: ClassName=08_SOM Member=Component R319 22R
Added Member To Class: ClassName=08_SOM Member=Component R320 22R
Added Member To Class: ClassName=08_SOM Member=Component R321 22R
Added Member To Class: ClassName=08_SOM Member=Component R322 10k
Added Member To Class: ClassName=08_SOM Member=Component R323 22R
Added Member To Class: ClassName=08_SOM Member=Component R340 22R
Added Member To Class: ClassName=08_SOM Member=Component R341 22R
Added Member To Class: ClassName=08_SOM Member=Component R342 22R
Added Member To Class: ClassName=08_SOM Member=Component R343 22R
Added Member To Class: ClassName=08_SOM Member=Component R344 22R
Added Member To Class: ClassName=08_SOM Member=Component R345 22R
Added Member To Class: ClassName=08_SOM Member=Component R346 22R
Added Member To Class: ClassName=08_SOM Member=Component R347 22R
Added Member To Class: ClassName=08_SOM Member=Component R348 22R
Added Member To Class: ClassName=08_SOM Member=Component R349 22R
Added Member To Class: ClassName=08_SOM Member=Component R350 22R
Added Member To Class: ClassName=08_SOM Member=Component R351 22R
Added Member To Class: ClassName=08_SOM Member=Component R352 22R
Added Member To Class: ClassName=08_SOM Member=Component R353 22R
Added Member To Class: ClassName=08_SOM Member=Component R354 22R
Added Member To Class: ClassName=08_SOM Member=Component R355 22R
Added Member To Class: ClassName=08_SOM Member=Component R356 22R
Added Member To Class: ClassName=08_SOM Member=Component R357 22R
Added Member To Class: ClassName=08_SOM Member=Component R358 22R
Added Member To Class: ClassName=08_SOM Member=Component R359 22R
Added Member To Class: ClassName=08_SOM Member=Component R360 22R
Added Member To Class: ClassName=08_SOM Member=Component R361 22R
Added Member To Class: ClassName=08_SOM Member=Component R362 22R
Added Member To Class: ClassName=08_SOM Member=Component R363 22R
Added Member To Class: ClassName=08_SOM Member=Component R364 22R
Added Member To Class: ClassName=08_SOM Member=Component R365 22R
Added Member To Class: ClassName=08_SOM Member=Component R366 22R
Added Member To Class: ClassName=08_SOM Member=Component R367 22R
Added Member To Class: ClassName=08_SOM Member=Component R368 22R
Added Member To Class: ClassName=08_SOM Member=Component R369 22R
Added Member To Class: ClassName=08_SOM Member=Component R370 22R
Added Member To Class: ClassName=08_SOM Member=Component R371 22R
Added Member To Class: ClassName=08_SOM Member=Component R374 22R
Added Member To Class: ClassName=08_SOM Member=Component R375 22R
Added Member To Class: ClassName=08_SOM Member=Component R376 22R
Added Member To Class: ClassName=08_SOM Member=Component R377 22R
Added Member To Class: ClassName=08_SOM Member=Component R378 22R
Added Member To Class: ClassName=08_SOM Member=Component R379 DNP/100k
Added Member To Class: ClassName=08_SOM Member=Component R380 22R
Added Member To Class: ClassName=08_SOM Member=Component R381 22R
Added Member To Class: ClassName=08_SOM Member=Component R382 22R
Added Member To Class: ClassName=08_SOM Member=Component R383 22R
Added Member To Class: ClassName=08_SOM Member=Component R384 22R
Added Member To Class: ClassName=08_SOM Member=Component R385 22R
Added Member To Class: ClassName=08_SOM Member=Component R386 10k
Added Member To Class: ClassName=08_SOM Member=Component R387 10k
Added Member To Class: ClassName=08_SOM Member=Component R388 10k
Added Member To Class: ClassName=08_SOM Member=Component R389 DNP/10k
Added Member To Class: ClassName=08_SOM Member=Component R390 DNP/10k
Added Member To Class: ClassName=08_SOM Member=Component R391 DNP/10k
Added Member To Class: ClassName=08_SOM Member=Component R392 DNP/10k
Added Member To Class: ClassName=08_SOM Member=Component R393 DNP/10k
Added Member To Class: ClassName=08_SOM Member=Component R394 DNP/10k
Added Member To Class: ClassName=08_SOM Member=Component R395 DNP/10k
Added Member To Class: ClassName=08_SOM Member=Component R396 DNP/10k
Added Member To Class: ClassName=08_SOM Member=Component R397 DNP/10k
Added Member To Class: ClassName=08_SOM Member=Component R398 DNP/10k
Added Member To Class: ClassName=08_SOM Member=Component R399 DNP/10k
Added Member To Class: ClassName=08_SOM Member=Component R400 DNP/10k
Added Member To Class: ClassName=08_SOM Member=Component R401 DNP/10k
Added Member To Class: ClassName=11_MCU Member=Component R? 22R
Added Member To Class: ClassName=08_SOM Member=Component TP3
Added Member To Class: ClassName=08_SOM Member=Component TP4
Added Member To Class: ClassName=08_SOM Member=Component TP5
Added Member To Class: ClassName=08_SOM Member=Component TP6
Added Member To Class: ClassName=16_TEC Member=Component U10 IC_SW_MAX14662ETI+T
Added Member To Class: ClassName=14_NTC_TEMPSENSOR Member=Component U12 OPA2340UA
Added Member To Class: ClassName=14_NTC_TEMPSENSOR Member=Component U13 OPA2340UA
Added Member To Class: ClassName=14_NTC_TEMPSENSOR Member=Component U14 OPA2340UA
Added Member To Class: ClassName=14_NTC_TEMPSENSOR Member=Component U15 TC1047AVNBTR
Added Member To Class: ClassName=17_FLOW_Sensor Member=Component U20 PCA9508DP,118
Added Member To Class: ClassName=08_SOM Member=Component U29 SOM 190-Pins
Added Member To Class: ClassName=11_MCU Member=Component XC1 Farnell order no:1539364
Added Member To Class: ClassName=11_MCU Member=Component XC2
Added Rule: Name=Schematic Matched Net Lengths
Added Rule: Name=Schematic Matched Net Lengths_1
Remove Class Member: Failed to remove class member
Remove Class Member: Failed to remove class member
Remove Class Member: Failed to remove class member
Remove Class Member: Failed to remove class member
Remove Class Member: Failed to remove class member
Remove Class Member: Failed to remove class member
Remove Class Member: Failed to remove class member
Remove Class Member: Failed to remove class member
Remove Class Member: Failed to remove class member
Remove Class Member: Failed to remove class member
Added Member To Class: ClassName=DIFF90 Member=SOM_USB
