Added Component: Designator=C15(CAP_C_1005X60)
Added Component: Designator=C16(CAP_C_1005X60)
Added Component: Designator=C17(CAP_C_1005X60)
Added Component: Designator=C19(CAP_C_1005X60)
Added Component: Designator=C20(CAP_C_1005X60)
Added Component: Designator=C119(CAP_C_1005X60)
Added Component: Designator=C120(CAP_C_1005X60)
Added Component: Designator=C121(CAP_C_1005X60)
Added Component: Designator=C122(CAP_C_1005X60)
Added Component: Designator=C204(CAP_C_1005X60)
Added Component: Designator=C205(CAP_C_1005X60)
Added Component: Designator=C206(CAP_C_1005X60)
Added Component: Designator=C207(CAP_C_1005X60)
Added Component: Designator=C213(CAP_C_1005X60)
Added Component: Designator=C214(CAP_C_1005X60)
Added Component: Designator=C215(CAP_C_1005X60)
Added Component: Designator=C216(CAP_C_1005X60)
Added Component: Designator=C217(CAP_C_1005X60)
Added Component: Designator=C218(CAP_C_1005X60)
Added Component: Designator=C219(CAP_C_1005X60)
Added Component: Designator=C220(CAP_C_1005X60)
Added Component: Designator=C221(CAP_C_1005X60)
Added Component: Designator=C222(CAP_C_1005X60)
Added Component: Designator=C223(CAP_C_1005X60)
Added Component: Designator=C224(CAP_C_1005X60)
Added Component: Designator=C225(CAP_C_1005X60)
Added Component: Designator=C226(CAP_C_1005X60)
Added Component: Designator=C227(CAP_C_1005X60)
Added Component: Designator=C228(CAP_C_1005X60)
Added Component: Designator=C229(CAP_C_1005X60)
Added Component: Designator=C230(CAP_C_1005X60)
Added Component: Designator=C231(CAP_C_1005X60)
Added Component: Designator=C232(CAP_C_1005X60)
Added Component: Designator=C233(CAP_C_1005X60)
Added Component: Designator=C234(CAP_C_1005X60)
Added Component: Designator=C235(CAP_C_1005X60)
Added Component: Designator=C236(CAP_C_1005X60)
Added Component: Designator=C237(CAP_C_1005X60)
Added Component: Designator=C238(CAP_C_1005X60)
Added Component: Designator=C239(CAP_C_1005X60)
Added Component: Designator=C240(CAP_C_1005X60)
Added Component: Designator=C241(CAP_C_1005X60)
Added Component: Designator=C242(CAP_C_1005X60)
Added Component: Designator=C243(CAP_C_1005X60)
Added Component: Designator=C244(CAP_C_1608X80)
Added Component: Designator=C245(CAP_C_1005X60)
Added Component: Designator=C246(CAP_C_1005X60)
Added Component: Designator=C247(CAP_C_1005X60)
Added Component: Designator=C248(CAP_C_1005X60)
Added Component: Designator=C249(CAP_C_1005X60)
Added Component: Designator=C250(CAP_C_1005X60)
Added Component: Designator=C251(CAP_C_1005X60)
Added Component: Designator=C252(CAP_C_1005X60)
Added Component: Designator=C253(CAP_C_1005X60)
Added Component: Designator=C254(CAP_C_1005X60)
Added Component: Designator=C255(CAP_C_1005X60)
Added Component: Designator=C256(CAP_C_1005X60)
Added Component: Designator=C257(CAP_C_1005X60)
Added Component: Designator=C258(CAP_C_1005X60)
Added Component: Designator=C259(CAP_C_1005X60)
Added Component: Designator=C260(CAP_C_1608X80)
Added Component: Designator=C261(CAP_C_1608X80)
Added Component: Designator=C262(CAP_C_1005X60)
Added Component: Designator=C263(CAP_C_1005X60)
Added Component: Designator=C264(CAP_C_1005X60)
Added Component: Designator=C265(CAP_C_1005X60)
Added Component: Designator=C266(CAP_C_1005X60)
Added Component: Designator=C267(CAP_C_1005X60)
Added Component: Designator=C268(CAP_C_1005X60)
Added Component: Designator=C269(CAP_C_1005X60)
Added Component: Designator=C270(CAP_C_1005X60)
Added Component: Designator=C271(CAP_C_1005X60)
Added Component: Designator=C272(CAP_C_1005X60)
Added Component: Designator=C273(CAP_C_1005X60)
Added Component: Designator=C274(CAP_C_1608X80)
Added Component: Designator=C275(CAP_C_1005X60)
Added Component: Designator=C276(CAP_C_1005X60)
Added Component: Designator=C277(CAP_C_1005X60)
Added Component: Designator=C278(CAP_C_1005X60)
Added Component: Designator=C279(CAP_C_1005X60)
Added Component: Designator=C280(CAP_C_1005X60)
Added Component: Designator=C281(CAP_C_1005X60)
Added Component: Designator=C282(CAP_C_1005X60)
Added Component: Designator=C283(CAP_C_1608X80)
Added Component: Designator=C284(CAP_C_1608X80)
Added Component: Designator=C285(CAP_C_1005X60)
Added Component: Designator=C286(CAP_C_1005X60)
Added Component: Designator=C287(CAP_C_1005X60)
Added Component: Designator=C288(CAP_C_1005X60)
Added Component: Designator=C289(CAP_C_1005X60)
Added Component: Designator=C290(CAP_C_1005X60)
Added Component: Designator=C291(CAP_C_1005X60)
Added Component: Designator=C292(CAP_C_1005X60)
Added Component: Designator=C293(CAP_C_1005X60)
Added Component: Designator=C294(CAP_C_1005X60)
Added Component: Designator=C295(CAP_C_1005X60)
Added Component: Designator=C296(CAP_C_1005X60)
Added Component: Designator=C297(CAP_C_1005X60)
Added Component: Designator=C298(CAP_C_1005X60)
Added Component: Designator=C299(CAP_C_1005X60)
Added Component: Designator=C300(CAP_C_1005X60)
Added Component: Designator=C301(CAP_C_1608X80)
Added Component: Designator=C302(CAP_C_1005X60)
Added Component: Designator=C303(CAP_C_1005X60)
Added Component: Designator=C304(CAP_C_1005X60)
Added Component: Designator=C305(CAP_C_1005X60)
Added Component: Designator=C306(CAP_C_1005X60)
Added Component: Designator=C307(CAP_C_1005X60)
Added Component: Designator=C308(CAP_C_1005X60)
Added Component: Designator=C309(CAP_C_1005X60)
Added Component: Designator=C310(CAP_C_1005X60)
Added Component: Designator=C311(CAP_C_1005X60)
Added Component: Designator=C312(CAP_C_1005X60)
Added Component: Designator=C313(CAP_C_1005X60)
Added Component: Designator=C314(CAP_C_1005X60)
Added Component: Designator=C315(CAP_C_1005X60)
Added Component: Designator=C316(CAP_C_1005X60)
Added Component: Designator=C317(CAP_C_1005X60)
Added Component: Designator=C318(CAP_C_1005X60)
Added Component: Designator=C319(CAP_C_1005X60)
Added Component: Designator=C320(CAP_C_1608X80)
Added Component: Designator=C321(CAP_C_1005X60)
Added Component: Designator=C322(CAP_C_1005X60)
Added Component: Designator=C323(CAP_C_1005X60)
Added Component: Designator=C324(CAP_C_1005X60)
Added Component: Designator=C325(CAP_C_1005X60)
Added Component: Designator=C326(CAP_C_1005X60)
Added Component: Designator=C327(CAP_C_1005X60)
Added Component: Designator=C328(CAP_C_1005X60)
Added Component: Designator=C329(CAP_C_1005X60)
Added Component: Designator=C330(CAP_C_1005X60)
Added Component: Designator=C331(CAP_C_1005X60)
Added Component: Designator=C332(CAP_C_1005X60)
Added Component: Designator=C333(CAP_C_1608X80)
Added Component: Designator=C334(CAP_C_1005X60)
Added Component: Designator=C335(CAP_C_1005X60)
Added Component: Designator=C336(CAP_C_1005X60)
Added Component: Designator=C337(CAP_C_1005X60)
Added Component: Designator=C338(CAP_C_1005X60)
Added Component: Designator=C339(CAP_C_1005X60)
Added Component: Designator=C340(CAP_C_1608X80)
Added Component: Designator=C341(CAP_C_1005X60)
Added Component: Designator=C342(CAP_C_1005X60)
Added Component: Designator=DS11(LED-0603-BLUE)
Add component (AddParameter): Name = "Value"; Value = "LED 3 - 5 ly 2 Colour"; VariantName = "[No Variations]"
Added Component: Designator=DS12(LED-0603-BLUE)
Add component (AddParameter): Name = "Value"; Value = "LED 3 - 5 ly 2 Colour"; VariantName = "[No Variations]"
Added Component: Designator=DS13(LED-0603-BLUE)
Add component (AddParameter): Name = "Value"; Value = "LED 3 - 5 ly 2 Colour"; VariantName = "[No Variations]"
Added Component: Designator=J25(Header_254P_8x1)
Added Component: Designator=L7(IND_C_1008)
Add component (AddParameter): Name = "Category"; Value = "Inductor"; VariantName = "[No Variations]"
Add component (AddParameter): Name = "ComponentLink1Description"; Value = "SVN Datasheet"; VariantName = "[No Variations]"
Add component (AddParameter): Name = "ComponentLink1URL"; Value = "https://chn-vm-apps.microchip.com/mchprepo/parts/Datasheets/m_dfe252012p.pdf"; VariantName = "[No Variations]"
Add component (AddParameter): Name = "ComponentLink2Description"; Value = "Local Datasheet"; VariantName = "[No Variations]"
Add component (AddParameter): Name = "ComponentLink2URL"; Value = "C:\ALTIUM_WORK\00001_MCHP-CDB\Datasheets\m_dfe252012p.pdf"; VariantName = "[No Variations]"
Add component (AddParameter): Name = "ComponentLink3Description"; Value = "Open Symbol"; VariantName = "[No Variations]"
Add component (AddParameter): Name = "ComponentLink3URL"; Value = "C:\ALTIUM_WORK\00001_MCHP-CDB\Library\LibraryRefs\Inductor.SchLib"; VariantName = "[No Variations]"
Add component (AddParameter): Name = "ComponentLink4Description"; Value = "Open Footprint"; VariantName = "[No Variations]"
Add component (AddParameter): Name = "ComponentLink4URL"; Value = "C:\ALTIUM_WORK\00001_MCHP-CDB\Library\Footprints\IND_C_1008.PcbLib"; VariantName = "[No Variations]"
Add component (AddParameter): Name = "ComponentLink5Description"; Value = "Open Footprint 2"; VariantName = "[No Variations]"
Add component (AddParameter): Name = "ComponentLink6Description"; Value = "Open Footprint 3"; VariantName = "[No Variations]"
Add component (AddParameter): Name = "ComponentLink7Description"; Value = "Open Footprint 4"; VariantName = "[No Variations]"
Add component (AddParameter): Name = "DCR"; Value = "0.06R"; VariantName = "[No Variations]"
Add component (AddParameter): Name = "Description_"; Value = "INDUCTOR 1.5uH 3.5A 20% SMD 1008"; VariantName = "[No Variations]"
Add component (AddParameter): Name = "Dev Tools Status"; Value = "Design"; VariantName = "[No Variations]"
Add component (AddParameter): Name = "Manufacturer 1"; Value = "Murata Electronics North America"; VariantName = "[No Variations]"
Add component (AddParameter): Name = "Manufacturer Part Number 1"; Value = "DFE252012P-1R5M=P2"; VariantName = "[No Variations]"
Add component (AddParameter): Name = "MCHP-ID"; Value = "IND1335"; VariantName = "[No Variations]"
Add component (AddParameter): Name = "Owner"; Value = "Razvan Cristescu"; VariantName = "[No Variations]"
Add component (AddParameter): Name = "Package"; Value = "1008"; VariantName = "[No Variations]"
Add component (AddParameter): Name = "Populated"; Value = "YES"; VariantName = "[No Variations]"
Add component (AddParameter): Name = "Quantity Override"; Value = "1"; VariantName = "[No Variations]"
Add component (AddParameter): Name = "Revision"; Value = "A"; VariantName = "[No Variations]"
Add component (AddParameter): Name = "RMS Current"; Value = "3.5A"; VariantName = "[No Variations]"
Add component (AddParameter): Name = "Status"; Value = "MCL Design"; VariantName = "[No Variations]"
Add component (AddParameter): Name = "Supplier 1"; Value = "Digi-Key"; VariantName = "[No Variations]"
Add component (AddParameter): Name = "Supplier Part Number 1"; Value = "490-10648-6-ND"; VariantName = "[No Variations]"
Add component (AddParameter): Name = "Symbol"; Value = "Inductor"; VariantName = "[No Variations]"
Add component (AddParameter): Name = "Test Frequency"; Value = "1MHz"; VariantName = "[No Variations]"
Add component (AddParameter): Name = "Type"; Value = "Inductor"; VariantName = "[No Variations]"
Add component (AddParameter): Name = "Value"; Value = "1.5uH"; VariantName = "[No Variations]"
Added Component: Designator=L8(IND_C_1008)
Add component (AddParameter): Name = "Category"; Value = "Inductor"; VariantName = "[No Variations]"
Add component (AddParameter): Name = "ComponentLink1Description"; Value = "SVN Datasheet"; VariantName = "[No Variations]"
Add component (AddParameter): Name = "ComponentLink1URL"; Value = "https://chn-vm-apps.microchip.com/mchprepo/parts/Datasheets/m_dfe252012p.pdf"; VariantName = "[No Variations]"
Add component (AddParameter): Name = "ComponentLink2Description"; Value = "Local Datasheet"; VariantName = "[No Variations]"
Add component (AddParameter): Name = "ComponentLink2URL"; Value = "C:\ALTIUM_WORK\00001_MCHP-CDB\Datasheets\m_dfe252012p.pdf"; VariantName = "[No Variations]"
Add component (AddParameter): Name = "ComponentLink3Description"; Value = "Open Symbol"; VariantName = "[No Variations]"
Add component (AddParameter): Name = "ComponentLink3URL"; Value = "C:\ALTIUM_WORK\00001_MCHP-CDB\Library\LibraryRefs\Inductor.SchLib"; VariantName = "[No Variations]"
Add component (AddParameter): Name = "ComponentLink4Description"; Value = "Open Footprint"; VariantName = "[No Variations]"
Add component (AddParameter): Name = "ComponentLink4URL"; Value = "C:\ALTIUM_WORK\00001_MCHP-CDB\Library\Footprints\IND_C_1008.PcbLib"; VariantName = "[No Variations]"
Add component (AddParameter): Name = "ComponentLink5Description"; Value = "Open Footprint 2"; VariantName = "[No Variations]"
Add component (AddParameter): Name = "ComponentLink6Description"; Value = "Open Footprint 3"; VariantName = "[No Variations]"
Add component (AddParameter): Name = "ComponentLink7Description"; Value = "Open Footprint 4"; VariantName = "[No Variations]"
Add component (AddParameter): Name = "DCR"; Value = "0.06R"; VariantName = "[No Variations]"
Add component (AddParameter): Name = "Description_"; Value = "INDUCTOR 1.5uH 3.5A 20% SMD 1008"; VariantName = "[No Variations]"
Add component (AddParameter): Name = "Dev Tools Status"; Value = "Design"; VariantName = "[No Variations]"
Add component (AddParameter): Name = "Manufacturer 1"; Value = "Murata Electronics North America"; VariantName = "[No Variations]"
Add component (AddParameter): Name = "Manufacturer Part Number 1"; Value = "DFE252012P-1R5M=P2"; VariantName = "[No Variations]"
Add component (AddParameter): Name = "MCHP-ID"; Value = "IND1335"; VariantName = "[No Variations]"
Add component (AddParameter): Name = "Owner"; Value = "Razvan Cristescu"; VariantName = "[No Variations]"
Add component (AddParameter): Name = "Package"; Value = "1008"; VariantName = "[No Variations]"
Add component (AddParameter): Name = "Populated"; Value = "YES"; VariantName = "[No Variations]"
Add component (AddParameter): Name = "Quantity Override"; Value = "1"; VariantName = "[No Variations]"
Add component (AddParameter): Name = "Revision"; Value = "A"; VariantName = "[No Variations]"
Add component (AddParameter): Name = "RMS Current"; Value = "3.5A"; VariantName = "[No Variations]"
Add component (AddParameter): Name = "Status"; Value = "MCL Design"; VariantName = "[No Variations]"
Add component (AddParameter): Name = "Supplier 1"; Value = "Digi-Key"; VariantName = "[No Variations]"
Add component (AddParameter): Name = "Supplier Part Number 1"; Value = "490-10648-6-ND"; VariantName = "[No Variations]"
Add component (AddParameter): Name = "Symbol"; Value = "Inductor"; VariantName = "[No Variations]"
Add component (AddParameter): Name = "Test Frequency"; Value = "1MHz"; VariantName = "[No Variations]"
Add component (AddParameter): Name = "Type"; Value = "Inductor"; VariantName = "[No Variations]"
Add component (AddParameter): Name = "Value"; Value = "1.5uH"; VariantName = "[No Variations]"
Added Component: Designator=L9(IND_C_1008)
Add component (AddParameter): Name = "Category"; Value = "Inductor"; VariantName = "[No Variations]"
Add component (AddParameter): Name = "ComponentLink1Description"; Value = "SVN Datasheet"; VariantName = "[No Variations]"
Add component (AddParameter): Name = "ComponentLink1URL"; Value = "https://chn-vm-apps.microchip.com/mchprepo/parts/Datasheets/m_dfe252012p.pdf"; VariantName = "[No Variations]"
Add component (AddParameter): Name = "ComponentLink2Description"; Value = "Local Datasheet"; VariantName = "[No Variations]"
Add component (AddParameter): Name = "ComponentLink2URL"; Value = "C:\ALTIUM_WORK\00001_MCHP-CDB\Datasheets\m_dfe252012p.pdf"; VariantName = "[No Variations]"
Add component (AddParameter): Name = "ComponentLink3Description"; Value = "Open Symbol"; VariantName = "[No Variations]"
Add component (AddParameter): Name = "ComponentLink3URL"; Value = "C:\ALTIUM_WORK\00001_MCHP-CDB\Library\LibraryRefs\Inductor.SchLib"; VariantName = "[No Variations]"
Add component (AddParameter): Name = "ComponentLink4Description"; Value = "Open Footprint"; VariantName = "[No Variations]"
Add component (AddParameter): Name = "ComponentLink4URL"; Value = "C:\ALTIUM_WORK\00001_MCHP-CDB\Library\Footprints\IND_C_1008.PcbLib"; VariantName = "[No Variations]"
Add component (AddParameter): Name = "ComponentLink5Description"; Value = "Open Footprint 2"; VariantName = "[No Variations]"
Add component (AddParameter): Name = "ComponentLink6Description"; Value = "Open Footprint 3"; VariantName = "[No Variations]"
Add component (AddParameter): Name = "ComponentLink7Description"; Value = "Open Footprint 4"; VariantName = "[No Variations]"
Add component (AddParameter): Name = "DCR"; Value = "0.06R"; VariantName = "[No Variations]"
Add component (AddParameter): Name = "Description_"; Value = "INDUCTOR 1.5uH 3.5A 20% SMD 1008"; VariantName = "[No Variations]"
Add component (AddParameter): Name = "Dev Tools Status"; Value = "Design"; VariantName = "[No Variations]"
Add component (AddParameter): Name = "Manufacturer 1"; Value = "Murata Electronics North America"; VariantName = "[No Variations]"
Add component (AddParameter): Name = "Manufacturer Part Number 1"; Value = "DFE252012P-1R5M=P2"; VariantName = "[No Variations]"
Add component (AddParameter): Name = "MCHP-ID"; Value = "IND1335"; VariantName = "[No Variations]"
Add component (AddParameter): Name = "Owner"; Value = "Razvan Cristescu"; VariantName = "[No Variations]"
Add component (AddParameter): Name = "Package"; Value = "1008"; VariantName = "[No Variations]"
Add component (AddParameter): Name = "Populated"; Value = "YES"; VariantName = "[No Variations]"
Add component (AddParameter): Name = "Quantity Override"; Value = "1"; VariantName = "[No Variations]"
Add component (AddParameter): Name = "Revision"; Value = "A"; VariantName = "[No Variations]"
Add component (AddParameter): Name = "RMS Current"; Value = "3.5A"; VariantName = "[No Variations]"
Add component (AddParameter): Name = "Status"; Value = "MCL Design"; VariantName = "[No Variations]"
Add component (AddParameter): Name = "Supplier 1"; Value = "Digi-Key"; VariantName = "[No Variations]"
Add component (AddParameter): Name = "Supplier Part Number 1"; Value = "490-10648-6-ND"; VariantName = "[No Variations]"
Add component (AddParameter): Name = "Symbol"; Value = "Inductor"; VariantName = "[No Variations]"
Add component (AddParameter): Name = "Test Frequency"; Value = "1MHz"; VariantName = "[No Variations]"
Add component (AddParameter): Name = "Type"; Value = "Inductor"; VariantName = "[No Variations]"
Add component (AddParameter): Name = "Value"; Value = "1.5uH"; VariantName = "[No Variations]"
Added Component: Designator=L10(IND_C_1008)
Add component (AddParameter): Name = "Category"; Value = "Inductor"; VariantName = "[No Variations]"
Add component (AddParameter): Name = "ComponentLink1Description"; Value = "SVN Datasheet"; VariantName = "[No Variations]"
Add component (AddParameter): Name = "ComponentLink1URL"; Value = "https://chn-vm-apps.microchip.com/mchprepo/parts/Datasheets/m_dfe252012p.pdf"; VariantName = "[No Variations]"
Add component (AddParameter): Name = "ComponentLink2Description"; Value = "Local Datasheet"; VariantName = "[No Variations]"
Add component (AddParameter): Name = "ComponentLink2URL"; Value = "C:\ALTIUM_WORK\00001_MCHP-CDB\Datasheets\m_dfe252012p.pdf"; VariantName = "[No Variations]"
Add component (AddParameter): Name = "ComponentLink3Description"; Value = "Open Symbol"; VariantName = "[No Variations]"
Add component (AddParameter): Name = "ComponentLink3URL"; Value = "C:\ALTIUM_WORK\00001_MCHP-CDB\Library\LibraryRefs\Inductor.SchLib"; VariantName = "[No Variations]"
Add component (AddParameter): Name = "ComponentLink4Description"; Value = "Open Footprint"; VariantName = "[No Variations]"
Add component (AddParameter): Name = "ComponentLink4URL"; Value = "C:\ALTIUM_WORK\00001_MCHP-CDB\Library\Footprints\IND_C_1008.PcbLib"; VariantName = "[No Variations]"
Add component (AddParameter): Name = "ComponentLink5Description"; Value = "Open Footprint 2"; VariantName = "[No Variations]"
Add component (AddParameter): Name = "ComponentLink6Description"; Value = "Open Footprint 3"; VariantName = "[No Variations]"
Add component (AddParameter): Name = "ComponentLink7Description"; Value = "Open Footprint 4"; VariantName = "[No Variations]"
Add component (AddParameter): Name = "DCR"; Value = "0.06R"; VariantName = "[No Variations]"
Add component (AddParameter): Name = "Description_"; Value = "INDUCTOR 1.5uH 3.5A 20% SMD 1008"; VariantName = "[No Variations]"
Add component (AddParameter): Name = "Dev Tools Status"; Value = "Design"; VariantName = "[No Variations]"
Add component (AddParameter): Name = "Manufacturer 1"; Value = "Murata Electronics North America"; VariantName = "[No Variations]"
Add component (AddParameter): Name = "Manufacturer Part Number 1"; Value = "DFE252012P-1R5M=P2"; VariantName = "[No Variations]"
Add component (AddParameter): Name = "MCHP-ID"; Value = "IND1335"; VariantName = "[No Variations]"
Add component (AddParameter): Name = "Owner"; Value = "Razvan Cristescu"; VariantName = "[No Variations]"
Add component (AddParameter): Name = "Package"; Value = "1008"; VariantName = "[No Variations]"
Add component (AddParameter): Name = "Populated"; Value = "YES"; VariantName = "[No Variations]"
Add component (AddParameter): Name = "Quantity Override"; Value = "1"; VariantName = "[No Variations]"
Add component (AddParameter): Name = "Revision"; Value = "A"; VariantName = "[No Variations]"
Add component (AddParameter): Name = "RMS Current"; Value = "3.5A"; VariantName = "[No Variations]"
Add component (AddParameter): Name = "Status"; Value = "MCL Design"; VariantName = "[No Variations]"
Add component (AddParameter): Name = "Supplier 1"; Value = "Digi-Key"; VariantName = "[No Variations]"
Add component (AddParameter): Name = "Supplier Part Number 1"; Value = "490-10648-6-ND"; VariantName = "[No Variations]"
Add component (AddParameter): Name = "Symbol"; Value = "Inductor"; VariantName = "[No Variations]"
Add component (AddParameter): Name = "Test Frequency"; Value = "1MHz"; VariantName = "[No Variations]"
Add component (AddParameter): Name = "Type"; Value = "Inductor"; VariantName = "[No Variations]"
Add component (AddParameter): Name = "Value"; Value = "1.5uH"; VariantName = "[No Variations]"
Added Component: Designator=Q27(SOT-23-3)
Add component (AddParameter): Name = "Category"; Value = "Transistor"; VariantName = "[No Variations]"
Add component (AddParameter): Name = "ComponentLink1Description"; Value = "SVN Datasheet"; VariantName = "[No Variations]"
Add component (AddParameter): Name = "ComponentLink1URL"; Value = "https://chn-vm-apps.microchip.com/mchprepo/parts/Datasheets/Infineon-BSS138N-DS-v02_86-en.pdf"; VariantName = "[No Variations]"
Add component (AddParameter): Name = "ComponentLink2Description"; Value = "Local Datasheet"; VariantName = "[No Variations]"
Add component (AddParameter): Name = "ComponentLink2URL"; Value = "C:\ALTIUM_WORK\00001_MCHP-CDB\Datasheets\Infineon-BSS138N-DS-v02_86-en.pdf"; VariantName = "[No Variations]"
Add component (AddParameter): Name = "ComponentLink3Description"; Value = "Open Symbol"; VariantName = "[No Variations]"
Add component (AddParameter): Name = "ComponentLink3URL"; Value = "C:\ALTIUM_WORK\00001_MCHP-CDB\Library\LibraryRefs\Transistor MOS-N GSD.SchLib"; VariantName = "[No Variations]"
Add component (AddParameter): Name = "ComponentLink4Description"; Value = "Open Footprint"; VariantName = "[No Variations]"
Add component (AddParameter): Name = "ComponentLink4URL"; Value = "C:\ALTIUM_WORK\00001_MCHP-CDB\Library\Footprints\SOT-23-3.PcbLib"; VariantName = "[No Variations]"
Add component (AddParameter): Name = "ComponentLink5Description"; Value = "Open Footprint 2"; VariantName = "[No Variations]"
Add component (AddParameter): Name = "ComponentLink6Description"; Value = "Open Footprint 3"; VariantName = "[No Variations]"
Add component (AddParameter): Name = "ComponentLink7Description"; Value = "Open Footprint 4"; VariantName = "[No Variations]"
Add component (AddParameter): Name = "Current"; Value = "230mA"; VariantName = "[No Variations]"
Add component (AddParameter): Name = "Description_"; Value = "TRANS FET N-CH BSS138N 60V 230mA SOT23-3"; VariantName = "[No Variations]"
Add component (AddParameter): Name = "Dev Tools Status"; Value = "Production"; VariantName = "[No Variations]"
Add component (AddParameter): Name = "Drain to Source Voltage"; Value = "60V"; VariantName = "[No Variations]"
Add component (AddParameter): Name = "Gate to Source Voltage"; Value = "20V"; VariantName = "[No Variations]"
Add component (AddParameter): Name = "Manufacturer 1"; Value = "Infineon Technologies"; VariantName = "[No Variations]"
Add component (AddParameter): Name = "Manufacturer Part Number 1"; Value = "BSS138NH6327XTSA2"; VariantName = "[No Variations]"
Add component (AddParameter): Name = "MCHP-ID"; Value = "TRA1223"; VariantName = "[No Variations]"
Add component (AddParameter): Name = "Operating Temperature"; Value = "-55C to +150C"; VariantName = "[No Variations]"
Add component (AddParameter): Name = "Owner"; Value = "Dragos Danaila"; VariantName = "[No Variations]"
Add component (AddParameter): Name = "Package"; Value = "SOT23-3"; VariantName = "[No Variations]"
Add component (AddParameter): Name = "Populated"; Value = "YES"; VariantName = "[No Variations]"
Add component (AddParameter): Name = "Power"; Value = "0.36W"; VariantName = "[No Variations]"
Add component (AddParameter): Name = "Quantity Override"; Value = "1"; VariantName = "[No Variations]"
Add component (AddParameter): Name = "Revision"; Value = "1"; VariantName = "[No Variations]"
Add component (AddParameter): Name = "Status"; Value = "MCL Design"; VariantName = "[No Variations]"
Add component (AddParameter): Name = "Supplier 1"; Value = "Digi-Key"; VariantName = "[No Variations]"
Add component (AddParameter): Name = "Supplier Part Number 1"; Value = "BSS138NH6327XTSA2CT-ND"; VariantName = "[No Variations]"
Add component (AddParameter): Name = "Symbol"; Value = "Transistor MOS-N GSD"; VariantName = "[No Variations]"
Add component (AddParameter): Name = "Type"; Value = "FET"; VariantName = "[No Variations]"
Add component (AddParameter): Name = "Value"; Value = "BSS138N"; VariantName = "[No Variations]"
Add component (AddParameter): Name = "Voltage"; Value = "60V"; VariantName = "[No Variations]"
Added Component: Designator=R18(RES_C_1005X40)
Added Component: Designator=R25(RES_C_1005X40)
Added Component: Designator=R26(RES_C_1005X40)
Added Component: Designator=R61(RES_C_1005X40)
Added Component: Designator=R62(RES_C_1005X40)
Added Component: Designator=R63(RES_C_1005X40)
Added Component: Designator=R109(RES_C_1005X40)
Added Component: Designator=R277(RES_C_1005X40)
Added Component: Designator=R278(RES_C_1005X40)
Added Component: Designator=R279(RES_C_1005X40)
Added Component: Designator=R280(RES_C_1005X40)
Added Component: Designator=R281(RES_C_1005X40)
Added Component: Designator=R282(RES_C_1005X40)
Added Component: Designator=R283(RES_C_1005X40)
Added Component: Designator=R284(RES_C_1005X40)
Added Component: Designator=R285(RES_C_1005X40)
Added Component: Designator=R286(RES_C_1005X40)
Added Component: Designator=R287(RES_C_1005X40)
Added Component: Designator=R288(RES_C_1005X40)
Added Component: Designator=R289(RES_C_1005X40)
Added Component: Designator=R290(RES_C_1005X40)
Added Component: Designator=R295(RES_C_1005X40)
Added Component: Designator=R296(RES_C_1005X40)
Added Component: Designator=R297(RES_C_1005X40)
Added Component: Designator=R298(RES_C_1005X40)
Added Component: Designator=R299(RES_C_1005X40)
Added Component: Designator=R300(RES_C_1005X40)
Added Component: Designator=R301(RES_C_1005X40)
Added Component: Designator=R302(RES_C_1005X40)
Added Component: Designator=R303(RES_C_1005X40)
Added Component: Designator=R485(RES_C_1005X40)
Added Component: Designator=R486(RES_C_1005X40)
Added Component: Designator=R487(RES_C_1005X40)
Added Component: Designator=R488(RES_C_1005X40)
Added Component: Designator=R505(RES_C_1005X40)
Added Component: Designator=R506(RES_C_1005X40)
Added Component: Designator=R507(RES_C_1005X40)
Added Component: Designator=R508(RES_C_1005X40)
Added Component: Designator=R509(RES_C_1005X40)
Added Component: Designator=R510(RES_C_1005X40)
Added Component: Designator=R511(RES_C_1005X40)
Added Component: Designator=R512(RES_C_1005X40)
Added Component: Designator=R513(RES_C_1005X40)
Added Component: Designator=R514(RES_C_1005X40)
Added Component: Designator=R515(RES_C_1005X40)
Added Component: Designator=R516(RES_C_1005X40)
Added Component: Designator=R517(RES_C_1005X40)
Added Component: Designator=R518(RES_C_1005X40)
Added Component: Designator=R519(RES_C_1005X40)
Added Component: Designator=R520(RES_C_1005X40)
Added Component: Designator=R521(RES_C_1005X40)
Added Component: Designator=R522(RES_C_1005X40)
Added Component: Designator=R523(RES_C_1005X40)
Added Component: Designator=R524(RES_C_1005X40)
Added Component: Designator=R525(RES_C_1005X40)
Added Component: Designator=R526(RES_C_1005X40)
Added Component: Designator=R527(RES_C_1005X40)
Added Component: Designator=R528(RES_C_1005X40)
Added Component: Designator=R529(RES_C_1005X40)
Added Component: Designator=R530(RES_C_1005X40)
Added Component: Designator=R531(RES_C_1005X40)
Added Component: Designator=R532(RES_C_1005X40)
Added Component: Designator=R533(RES_C_1005X40)
Added Component: Designator=R534(RES_C_1005X40)
Added Component: Designator=R535(RES_C_1005X40)
Added Component: Designator=R536(RES_C_1005X40)
Added Component: Designator=R537(RES_C_1005X40)
Added Component: Designator=R538(RES_C_1005X40)
Added Component: Designator=R539(RES_C_1005X40)
Added Component: Designator=R540(RES_C_1005X40)
Added Component: Designator=R541(RES_C_1005X40)
Added Component: Designator=R542(RES_C_1005X40)
Added Component: Designator=R543(RES_C_1005X40)
Added Component: Designator=TP3(TP_1mm_SMD)
Add component (AddParameter): Name = "Category"; Value = ""; VariantName = "[No Variations]"
Add component (AddParameter): Name = "CompanyID"; Value = ""; VariantName = "[No Variations]"
Add component (AddParameter): Name = "MFR"; Value = ""; VariantName = "[No Variations]"
Add component (AddParameter): Name = "MFR_URL"; Value = ""; VariantName = "[No Variations]"
Add component (AddParameter): Name = "MPN"; Value = ""; VariantName = "[No Variations]"
Add component (AddParameter): Name = "PinCount"; Value = ""; VariantName = "[No Variations]"
Add component (AddParameter): Name = "Solder"; Value = "NF"; VariantName = "[No Variations]"
Add component (AddParameter): Name = "Value"; Value = ""; VariantName = "[No Variations]"
Added Component: Designator=TP4(TP_1mm_SMD)
Add component (AddParameter): Name = "Category"; Value = ""; VariantName = "[No Variations]"
Add component (AddParameter): Name = "CompanyID"; Value = ""; VariantName = "[No Variations]"
Add component (AddParameter): Name = "MFR"; Value = ""; VariantName = "[No Variations]"
Add component (AddParameter): Name = "MFR_URL"; Value = ""; VariantName = "[No Variations]"
Add component (AddParameter): Name = "MPN"; Value = ""; VariantName = "[No Variations]"
Add component (AddParameter): Name = "PinCount"; Value = ""; VariantName = "[No Variations]"
Add component (AddParameter): Name = "Solder"; Value = "NF"; VariantName = "[No Variations]"
Add component (AddParameter): Name = "Value"; Value = ""; VariantName = "[No Variations]"
Added Component: Designator=TP5(TP_1mm_SMD)
Add component (AddParameter): Name = "Category"; Value = ""; VariantName = "[No Variations]"
Add component (AddParameter): Name = "CompanyID"; Value = ""; VariantName = "[No Variations]"
Add component (AddParameter): Name = "MFR"; Value = ""; VariantName = "[No Variations]"
Add component (AddParameter): Name = "MFR_URL"; Value = ""; VariantName = "[No Variations]"
Add component (AddParameter): Name = "MPN"; Value = ""; VariantName = "[No Variations]"
Add component (AddParameter): Name = "PinCount"; Value = ""; VariantName = "[No Variations]"
Add component (AddParameter): Name = "Solder"; Value = "NF"; VariantName = "[No Variations]"
Add component (AddParameter): Name = "Value"; Value = ""; VariantName = "[No Variations]"
Added Component: Designator=TP6(Testpoint_50)
Add component (AddParameter): Name = "Category"; Value = ""; VariantName = "[No Variations]"
Add component (AddParameter): Name = "CompanyID"; Value = ""; VariantName = "[No Variations]"
Add component (AddParameter): Name = "MFR"; Value = ""; VariantName = "[No Variations]"
Add component (AddParameter): Name = "MFR_URL"; Value = ""; VariantName = "[No Variations]"
Add component (AddParameter): Name = "MPN"; Value = ""; VariantName = "[No Variations]"
Add component (AddParameter): Name = "PinCount"; Value = ""; VariantName = "[No Variations]"
Add component (AddParameter): Name = "Solder"; Value = "NF"; VariantName = "[No Variations]"
Add component (AddParameter): Name = "Value"; Value = ""; VariantName = "[No Variations]"
Added Component: Designator=TP7(Testpoint_50)
Add component (AddParameter): Name = "Category"; Value = ""; VariantName = "[No Variations]"
Add component (AddParameter): Name = "CompanyID"; Value = ""; VariantName = "[No Variations]"
Add component (AddParameter): Name = "MFR"; Value = ""; VariantName = "[No Variations]"
Add component (AddParameter): Name = "MFR_URL"; Value = ""; VariantName = "[No Variations]"
Add component (AddParameter): Name = "MPN"; Value = ""; VariantName = "[No Variations]"
Add component (AddParameter): Name = "PinCount"; Value = ""; VariantName = "[No Variations]"
Add component (AddParameter): Name = "Solder"; Value = "NF"; VariantName = "[No Variations]"
Add component (AddParameter): Name = "Value"; Value = ""; VariantName = "[No Variations]"
Added Component: Designator=TP8(Testpoint_50)
Add component (AddParameter): Name = "Category"; Value = ""; VariantName = "[No Variations]"
Add component (AddParameter): Name = "CompanyID"; Value = ""; VariantName = "[No Variations]"
Add component (AddParameter): Name = "MFR"; Value = ""; VariantName = "[No Variations]"
Add component (AddParameter): Name = "MFR_URL"; Value = ""; VariantName = "[No Variations]"
Add component (AddParameter): Name = "MPN"; Value = ""; VariantName = "[No Variations]"
Add component (AddParameter): Name = "PinCount"; Value = ""; VariantName = "[No Variations]"
Add component (AddParameter): Name = "Solder"; Value = "NF"; VariantName = "[No Variations]"
Add component (AddParameter): Name = "Value"; Value = ""; VariantName = "[No Variations]"
Added Component: Designator=TP9(Testpoint_50)
Add component (AddParameter): Name = "Category"; Value = ""; VariantName = "[No Variations]"
Add component (AddParameter): Name = "CompanyID"; Value = ""; VariantName = "[No Variations]"
Add component (AddParameter): Name = "MFR"; Value = ""; VariantName = "[No Variations]"
Add component (AddParameter): Name = "MFR_URL"; Value = ""; VariantName = "[No Variations]"
Add component (AddParameter): Name = "MPN"; Value = ""; VariantName = "[No Variations]"
Add component (AddParameter): Name = "PinCount"; Value = ""; VariantName = "[No Variations]"
Add component (AddParameter): Name = "Solder"; Value = "NF"; VariantName = "[No Variations]"
Add component (AddParameter): Name = "Value"; Value = ""; VariantName = "[No Variations]"
Added Component: Designator=TP10(Testpoint_50)
Add component (AddParameter): Name = "Category"; Value = ""; VariantName = "[No Variations]"
Add component (AddParameter): Name = "CompanyID"; Value = ""; VariantName = "[No Variations]"
Add component (AddParameter): Name = "MFR"; Value = ""; VariantName = "[No Variations]"
Add component (AddParameter): Name = "MFR_URL"; Value = ""; VariantName = "[No Variations]"
Add component (AddParameter): Name = "MPN"; Value = ""; VariantName = "[No Variations]"
Add component (AddParameter): Name = "PinCount"; Value = ""; VariantName = "[No Variations]"
Add component (AddParameter): Name = "Solder"; Value = "NF"; VariantName = "[No Variations]"
Add component (AddParameter): Name = "Value"; Value = ""; VariantName = "[No Variations]"
Added Component: Designator=TP11(Testpoint_50)
Add component (AddParameter): Name = "Category"; Value = ""; VariantName = "[No Variations]"
Add component (AddParameter): Name = "CompanyID"; Value = ""; VariantName = "[No Variations]"
Add component (AddParameter): Name = "MFR"; Value = ""; VariantName = "[No Variations]"
Add component (AddParameter): Name = "MFR_URL"; Value = ""; VariantName = "[No Variations]"
Add component (AddParameter): Name = "MPN"; Value = ""; VariantName = "[No Variations]"
Add component (AddParameter): Name = "PinCount"; Value = ""; VariantName = "[No Variations]"
Add component (AddParameter): Name = "Solder"; Value = "NF"; VariantName = "[No Variations]"
Add component (AddParameter): Name = "Value"; Value = ""; VariantName = "[No Variations]"
Added Component: Designator=TP12(Testpoint_50)
Add component (AddParameter): Name = "Category"; Value = ""; VariantName = "[No Variations]"
Add component (AddParameter): Name = "CompanyID"; Value = ""; VariantName = "[No Variations]"
Add component (AddParameter): Name = "MFR"; Value = ""; VariantName = "[No Variations]"
Add component (AddParameter): Name = "MFR_URL"; Value = ""; VariantName = "[No Variations]"
Add component (AddParameter): Name = "MPN"; Value = ""; VariantName = "[No Variations]"
Add component (AddParameter): Name = "PinCount"; Value = ""; VariantName = "[No Variations]"
Add component (AddParameter): Name = "Solder"; Value = "NF"; VariantName = "[No Variations]"
Add component (AddParameter): Name = "Value"; Value = ""; VariantName = "[No Variations]"
Added Component: Designator=TP13(Testpoint_50)
Add component (AddParameter): Name = "Category"; Value = ""; VariantName = "[No Variations]"
Add component (AddParameter): Name = "CompanyID"; Value = ""; VariantName = "[No Variations]"
Add component (AddParameter): Name = "MFR"; Value = ""; VariantName = "[No Variations]"
Add component (AddParameter): Name = "MFR_URL"; Value = ""; VariantName = "[No Variations]"
Add component (AddParameter): Name = "MPN"; Value = ""; VariantName = "[No Variations]"
Add component (AddParameter): Name = "PinCount"; Value = ""; VariantName = "[No Variations]"
Add component (AddParameter): Name = "Solder"; Value = "NF"; VariantName = "[No Variations]"
Add component (AddParameter): Name = "Value"; Value = ""; VariantName = "[No Variations]"
Added Component: Designator=TP14(Testpoint_50)
Add component (AddParameter): Name = "Category"; Value = ""; VariantName = "[No Variations]"
Add component (AddParameter): Name = "CompanyID"; Value = ""; VariantName = "[No Variations]"
Add component (AddParameter): Name = "MFR"; Value = ""; VariantName = "[No Variations]"
Add component (AddParameter): Name = "MFR_URL"; Value = ""; VariantName = "[No Variations]"
Add component (AddParameter): Name = "MPN"; Value = ""; VariantName = "[No Variations]"
Add component (AddParameter): Name = "PinCount"; Value = ""; VariantName = "[No Variations]"
Add component (AddParameter): Name = "Solder"; Value = "NF"; VariantName = "[No Variations]"
Add component (AddParameter): Name = "Value"; Value = ""; VariantName = "[No Variations]"
Added Component: Designator=TP15(Testpoint_50)
Add component (AddParameter): Name = "Category"; Value = ""; VariantName = "[No Variations]"
Add component (AddParameter): Name = "CompanyID"; Value = ""; VariantName = "[No Variations]"
Add component (AddParameter): Name = "MFR"; Value = ""; VariantName = "[No Variations]"
Add component (AddParameter): Name = "MFR_URL"; Value = ""; VariantName = "[No Variations]"
Add component (AddParameter): Name = "MPN"; Value = ""; VariantName = "[No Variations]"
Add component (AddParameter): Name = "PinCount"; Value = ""; VariantName = "[No Variations]"
Add component (AddParameter): Name = "Solder"; Value = "NF"; VariantName = "[No Variations]"
Add component (AddParameter): Name = "Value"; Value = ""; VariantName = "[No Variations]"
Added Component: Designator=TP16(Testpoint_50)
Add component (AddParameter): Name = "Category"; Value = ""; VariantName = "[No Variations]"
Add component (AddParameter): Name = "CompanyID"; Value = ""; VariantName = "[No Variations]"
Add component (AddParameter): Name = "MFR"; Value = ""; VariantName = "[No Variations]"
Add component (AddParameter): Name = "MFR_URL"; Value = ""; VariantName = "[No Variations]"
Add component (AddParameter): Name = "MPN"; Value = ""; VariantName = "[No Variations]"
Add component (AddParameter): Name = "PinCount"; Value = ""; VariantName = "[No Variations]"
Add component (AddParameter): Name = "Solder"; Value = "NF"; VariantName = "[No Variations]"
Add component (AddParameter): Name = "Value"; Value = ""; VariantName = "[No Variations]"
Added Component: Designator=TP17(TP_1mm_SMD)
Add component (AddParameter): Name = "Category"; Value = ""; VariantName = "[No Variations]"
Add component (AddParameter): Name = "CompanyID"; Value = ""; VariantName = "[No Variations]"
Add component (AddParameter): Name = "MFR"; Value = ""; VariantName = "[No Variations]"
Add component (AddParameter): Name = "MFR_URL"; Value = ""; VariantName = "[No Variations]"
Add component (AddParameter): Name = "MPN"; Value = ""; VariantName = "[No Variations]"
Add component (AddParameter): Name = "PinCount"; Value = ""; VariantName = "[No Variations]"
Add component (AddParameter): Name = "Solder"; Value = "NF"; VariantName = "[No Variations]"
Add component (AddParameter): Name = "Value"; Value = ""; VariantName = "[No Variations]"
Added Component: Designator=TP18(TP_1mm_SMD)
Add component (AddParameter): Name = "Category"; Value = ""; VariantName = "[No Variations]"
Add component (AddParameter): Name = "CompanyID"; Value = ""; VariantName = "[No Variations]"
Add component (AddParameter): Name = "MFR"; Value = ""; VariantName = "[No Variations]"
Add component (AddParameter): Name = "MFR_URL"; Value = ""; VariantName = "[No Variations]"
Add component (AddParameter): Name = "MPN"; Value = ""; VariantName = "[No Variations]"
Add component (AddParameter): Name = "PinCount"; Value = ""; VariantName = "[No Variations]"
Add component (AddParameter): Name = "Solder"; Value = "NF"; VariantName = "[No Variations]"
Add component (AddParameter): Name = "Value"; Value = ""; VariantName = "[No Variations]"
Added Component: Designator=TP19(TP_1mm_SMD)
Add component (AddParameter): Name = "Category"; Value = ""; VariantName = "[No Variations]"
Add component (AddParameter): Name = "CompanyID"; Value = ""; VariantName = "[No Variations]"
Add component (AddParameter): Name = "MFR"; Value = ""; VariantName = "[No Variations]"
Add component (AddParameter): Name = "MFR_URL"; Value = ""; VariantName = "[No Variations]"
Add component (AddParameter): Name = "MPN"; Value = ""; VariantName = "[No Variations]"
Add component (AddParameter): Name = "PinCount"; Value = ""; VariantName = "[No Variations]"
Add component (AddParameter): Name = "Solder"; Value = "NF"; VariantName = "[No Variations]"
Add component (AddParameter): Name = "Value"; Value = ""; VariantName = "[No Variations]"
Added Component: Designator=TP20(TP_1mm_SMD)
Add component (AddParameter): Name = "Category"; Value = ""; VariantName = "[No Variations]"
Add component (AddParameter): Name = "CompanyID"; Value = ""; VariantName = "[No Variations]"
Add component (AddParameter): Name = "MFR"; Value = ""; VariantName = "[No Variations]"
Add component (AddParameter): Name = "MFR_URL"; Value = ""; VariantName = "[No Variations]"
Add component (AddParameter): Name = "MPN"; Value = ""; VariantName = "[No Variations]"
Add component (AddParameter): Name = "PinCount"; Value = ""; VariantName = "[No Variations]"
Add component (AddParameter): Name = "Solder"; Value = "NF"; VariantName = "[No Variations]"
Add component (AddParameter): Name = "Value"; Value = ""; VariantName = "[No Variations]"
Added Component: Designator=TP21(TP_1mm_SMD)
Add component (AddParameter): Name = "Category"; Value = ""; VariantName = "[No Variations]"
Add component (AddParameter): Name = "CompanyID"; Value = ""; VariantName = "[No Variations]"
Add component (AddParameter): Name = "MFR"; Value = ""; VariantName = "[No Variations]"
Add component (AddParameter): Name = "MFR_URL"; Value = ""; VariantName = "[No Variations]"
Add component (AddParameter): Name = "MPN"; Value = ""; VariantName = "[No Variations]"
Add component (AddParameter): Name = "PinCount"; Value = ""; VariantName = "[No Variations]"
Add component (AddParameter): Name = "Solder"; Value = "NF"; VariantName = "[No Variations]"
Add component (AddParameter): Name = "Value"; Value = ""; VariantName = "[No Variations]"
Added Component: Designator=TP22(TP_1mm_SMD)
Add component (AddParameter): Name = "Category"; Value = ""; VariantName = "[No Variations]"
Add component (AddParameter): Name = "CompanyID"; Value = ""; VariantName = "[No Variations]"
Add component (AddParameter): Name = "MFR"; Value = ""; VariantName = "[No Variations]"
Add component (AddParameter): Name = "MFR_URL"; Value = ""; VariantName = "[No Variations]"
Add component (AddParameter): Name = "MPN"; Value = ""; VariantName = "[No Variations]"
Add component (AddParameter): Name = "PinCount"; Value = ""; VariantName = "[No Variations]"
Add component (AddParameter): Name = "Solder"; Value = "NF"; VariantName = "[No Variations]"
Add component (AddParameter): Name = "Value"; Value = ""; VariantName = "[No Variations]"
Added Component: Designator=TP23(TP_1mm_SMD)
Add component (AddParameter): Name = "Category"; Value = ""; VariantName = "[No Variations]"
Add component (AddParameter): Name = "CompanyID"; Value = ""; VariantName = "[No Variations]"
Add component (AddParameter): Name = "MFR"; Value = ""; VariantName = "[No Variations]"
Add component (AddParameter): Name = "MFR_URL"; Value = ""; VariantName = "[No Variations]"
Add component (AddParameter): Name = "MPN"; Value = ""; VariantName = "[No Variations]"
Add component (AddParameter): Name = "PinCount"; Value = ""; VariantName = "[No Variations]"
Add component (AddParameter): Name = "Solder"; Value = "NF"; VariantName = "[No Variations]"
Add component (AddParameter): Name = "Value"; Value = ""; VariantName = "[No Variations]"
Added Component: Designator=TP24(TP_1mm_SMD)
Add component (AddParameter): Name = "Category"; Value = ""; VariantName = "[No Variations]"
Add component (AddParameter): Name = "CompanyID"; Value = ""; VariantName = "[No Variations]"
Add component (AddParameter): Name = "MFR"; Value = ""; VariantName = "[No Variations]"
Add component (AddParameter): Name = "MFR_URL"; Value = ""; VariantName = "[No Variations]"
Add component (AddParameter): Name = "MPN"; Value = ""; VariantName = "[No Variations]"
Add component (AddParameter): Name = "PinCount"; Value = ""; VariantName = "[No Variations]"
Add component (AddParameter): Name = "Solder"; Value = "NF"; VariantName = "[No Variations]"
Add component (AddParameter): Name = "Value"; Value = ""; VariantName = "[No Variations]"
Added Component: Designator=TP25(TP_1mm_SMD)
Add component (AddParameter): Name = "Category"; Value = ""; VariantName = "[No Variations]"
Add component (AddParameter): Name = "CompanyID"; Value = ""; VariantName = "[No Variations]"
Add component (AddParameter): Name = "MFR"; Value = ""; VariantName = "[No Variations]"
Add component (AddParameter): Name = "MFR_URL"; Value = ""; VariantName = "[No Variations]"
Add component (AddParameter): Name = "MPN"; Value = ""; VariantName = "[No Variations]"
Add component (AddParameter): Name = "PinCount"; Value = ""; VariantName = "[No Variations]"
Add component (AddParameter): Name = "Solder"; Value = "NF"; VariantName = "[No Variations]"
Add component (AddParameter): Name = "Value"; Value = ""; VariantName = "[No Variations]"
Added Component: Designator=TP26(TP_1mm_SMD)
Add component (AddParameter): Name = "Category"; Value = ""; VariantName = "[No Variations]"
Add component (AddParameter): Name = "CompanyID"; Value = ""; VariantName = "[No Variations]"
Add component (AddParameter): Name = "MFR"; Value = ""; VariantName = "[No Variations]"
Add component (AddParameter): Name = "MFR_URL"; Value = ""; VariantName = "[No Variations]"
Add component (AddParameter): Name = "MPN"; Value = ""; VariantName = "[No Variations]"
Add component (AddParameter): Name = "PinCount"; Value = ""; VariantName = "[No Variations]"
Add component (AddParameter): Name = "Solder"; Value = "NF"; VariantName = "[No Variations]"
Add component (AddParameter): Name = "Value"; Value = ""; VariantName = "[No Variations]"
Added Component: Designator=TP27(TP_1mm_SMD)
Add component (AddParameter): Name = "Category"; Value = ""; VariantName = "[No Variations]"
Add component (AddParameter): Name = "CompanyID"; Value = ""; VariantName = "[No Variations]"
Add component (AddParameter): Name = "MFR"; Value = ""; VariantName = "[No Variations]"
Add component (AddParameter): Name = "MFR_URL"; Value = ""; VariantName = "[No Variations]"
Add component (AddParameter): Name = "MPN"; Value = ""; VariantName = "[No Variations]"
Add component (AddParameter): Name = "PinCount"; Value = ""; VariantName = "[No Variations]"
Add component (AddParameter): Name = "Solder"; Value = "NF"; VariantName = "[No Variations]"
Add component (AddParameter): Name = "Value"; Value = ""; VariantName = "[No Variations]"
Added Component: Designator=TP28(TP_1mm_SMD)
Add component (AddParameter): Name = "Category"; Value = ""; VariantName = "[No Variations]"
Add component (AddParameter): Name = "CompanyID"; Value = ""; VariantName = "[No Variations]"
Add component (AddParameter): Name = "MFR"; Value = ""; VariantName = "[No Variations]"
Add component (AddParameter): Name = "MFR_URL"; Value = ""; VariantName = "[No Variations]"
Add component (AddParameter): Name = "MPN"; Value = ""; VariantName = "[No Variations]"
Add component (AddParameter): Name = "PinCount"; Value = ""; VariantName = "[No Variations]"
Add component (AddParameter): Name = "Solder"; Value = "NF"; VariantName = "[No Variations]"
Add component (AddParameter): Name = "Value"; Value = ""; VariantName = "[No Variations]"
Added Component: Designator=U29(TFBGA-343_14x14)
Add component (AddParameter): Name = "Category"; Value = "MCHP-Microcontroller"; VariantName = "[No Variations]"
Add component (AddParameter): Name = "ComponentLink1Description"; Value = "SVN Datasheet"; VariantName = "[No Variations]"
Add component (AddParameter): Name = "ComponentLink2Description"; Value = "Local Datasheet"; VariantName = "[No Variations]"
Add component (AddParameter): Name = "ComponentLink3Description"; Value = "Open Symbol"; VariantName = "[No Variations]"
Add component (AddParameter): Name = "ComponentLink3URL"; Value = "C:\ALTIUM_WORK\00001_MCHP-CDB\Library\LibraryRefs\SAMA7G54 TFBGA-343.SchLib"; VariantName = "[No Variations]"
Add component (AddParameter): Name = "ComponentLink4Description"; Value = "Open Footprint"; VariantName = "[No Variations]"
Add component (AddParameter): Name = "ComponentLink4URL"; Value = "C:\ALTIUM_WORK\00001_MCHP-CDB\Library\Footprints\TFBGA-343_14x14.PcbLib"; VariantName = "[No Variations]"
Add component (AddParameter): Name = "ComponentLink5Description"; Value = "Open Footprint 2"; VariantName = "[No Variations]"
Add component (AddParameter): Name = "ComponentLink6Description"; Value = "Open Footprint 3"; VariantName = "[No Variations]"
Add component (AddParameter): Name = "ComponentLink7Description"; Value = "Open Footprint 4"; VariantName = "[No Variations]"
Add component (AddParameter): Name = "Description_"; Value = "MCHP MPU 32-BIT Cortex-A7 1000MHz 128kB SAMA7G54-V/4HB TFBGA-343"; VariantName = "[No Variations]"
Add component (AddParameter): Name = "Dev Tools Status"; Value = "Design"; VariantName = "[No Variations]"
Add component (AddParameter): Name = "Manufacturer 1"; Value = "Microchip"; VariantName = "[No Variations]"
Add component (AddParameter): Name = "Manufacturer Part Number 1"; Value = "SAMA7G54-V/4HB"; VariantName = "[No Variations]"
Add component (AddParameter): Name = "MCHP-ID"; Value = "MIC8923"; VariantName = "[No Variations]"
Add component (AddParameter): Name = "Owner"; Value = "Ciprian Abramov"; VariantName = "[No Variations]"
Add component (AddParameter): Name = "Package"; Value = "TFBGA-343"; VariantName = "[No Variations]"
Add component (AddParameter): Name = "Populated"; Value = "YES"; VariantName = "[No Variations]"
Add component (AddParameter): Name = "Quantity Override"; Value = "1"; VariantName = "[No Variations]"
Add component (AddParameter): Name = "Revision"; Value = "1"; VariantName = "[No Variations]"
Add component (AddParameter): Name = "Status"; Value = "MCL Design"; VariantName = "[No Variations]"
Add component (AddParameter): Name = "Supplier 1"; Value = "Microchip"; VariantName = "[No Variations]"
Add component (AddParameter): Name = "Supplier Part Number 1"; Value = "SAMA7G54-V/4HB"; VariantName = "[No Variations]"
Add component (AddParameter): Name = "Symbol"; Value = "SAMA7G54 TFBGA-343"; VariantName = "[No Variations]"
Add component (AddParameter): Name = "Type"; Value = "32-Bit MPU"; VariantName = "[No Variations]"
Add component (AddParameter): Name = "Value"; Value = "SAMA7G54"; VariantName = "[No Variations]"
Added Component: Designator=U51(QFN-32_5X5_EP3.7X3.7)
Add component (AddParameter): Name = "Category"; Value = "MCHP-Analog"; VariantName = "[No Variations]"
Add component (AddParameter): Name = "ComponentLink1Description"; Value = "SVN Datasheet"; VariantName = "[No Variations]"
Add component (AddParameter): Name = "ComponentLink2Description"; Value = "Local Datasheet"; VariantName = "[No Variations]"
Add component (AddParameter): Name = "ComponentLink2URL"; Value = "C:\ALTIUM_WORK\00001_MCHP-CDB\Datasheets\MCP16502-High-Performance-PMIC-for-SAMA5DX-SAM9X6-MPUs-Data-Sheet-DS20006275B.pdf"; VariantName = "[No Variations]"
Add component (AddParameter): Name = "ComponentLink3Description"; Value = "Open Symbol"; VariantName = "[No Variations]"
Add component (AddParameter): Name = "ComponentLink3URL"; Value = "C:\ALTIUM_WORK\00001_MCHP-CDB\Library\LibraryRefs\MCP16502 QFN-32.SchLib"; VariantName = "[No Variations]"
Add component (AddParameter): Name = "ComponentLink4Description"; Value = "Open Footprint"; VariantName = "[No Variations]"
Add component (AddParameter): Name = "ComponentLink4URL"; Value = "C:\ALTIUM_WORK\00001_MCHP-CDB\Library\Footprints\QFN-32_5X5_EP3.7X3.7.PcbLib"; VariantName = "[No Variations]"
Add component (AddParameter): Name = "ComponentLink5Description"; Value = "Open Footprint 2"; VariantName = "[No Variations]"
Add component (AddParameter): Name = "ComponentLink6Description"; Value = "Open Footprint 3"; VariantName = "[No Variations]"
Add component (AddParameter): Name = "ComponentLink7Description"; Value = "Open Footprint 4"; VariantName = "[No Variations]"
Add component (AddParameter): Name = "Description_"; Value = "MCHP ANALOG PMIC SWITCHER Buck ADJ MCP16502TAB-E/S8B QFN-32 for SAMA7G5 MPU with LPDDR/DDR2/DDR3"; VariantName = "[No Variations]"
Add component (AddParameter): Name = "Dev Tools Status"; Value = "Design"; VariantName = "[No Variations]"
Add component (AddParameter): Name = "Manufacturer 1"; Value = "Microchip Technology"; VariantName = "[No Variations]"
Add component (AddParameter): Name = "Manufacturer Part Number 1"; Value = "MCP16502TAB-E/S8B"; VariantName = "[No Variations]"
Add component (AddParameter): Name = "MCHP-ID"; Value = "MIC8878"; VariantName = "[No Variations]"
Add component (AddParameter): Name = "Owner"; Value = "Dragos Danaila"; VariantName = "[No Variations]"
Add component (AddParameter): Name = "Populated"; Value = "YES"; VariantName = "[No Variations]"
Add component (AddParameter): Name = "Quantity Override"; Value = "1"; VariantName = "[No Variations]"
Add component (AddParameter): Name = "Revision"; Value = "1"; VariantName = "[No Variations]"
Add component (AddParameter): Name = "Status"; Value = "MCL Design"; VariantName = "[No Variations]"
Add component (AddParameter): Name = "Supplier 1"; Value = "Digi-Key"; VariantName = "[No Variations]"
Add component (AddParameter): Name = "Supplier Part Number 1"; Value = "150-MCP16502TAB-E/S8BCT-ND"; VariantName = "[No Variations]"
Add component (AddParameter): Name = "Symbol"; Value = "MCP16502 QFN-32"; VariantName = "[No Variations]"
Add component (AddParameter): Name = "Type"; Value = "Switcher"; VariantName = "[No Variations]"
Add component (AddParameter): Name = "Value"; Value = "MCP16502TAB-E/S8B"; VariantName = "[No Variations]"
Added Component: Designator=U52(UQFN-16_4X4_EP2.6X2.6)
Add component (AddParameter): Name = "Category"; Value = "MCHP-Analog"; VariantName = "[No Variations]"
Add component (AddParameter): Name = "ComponentLink1Description"; Value = "SVN Datasheet"; VariantName = "[No Variations]"
Add component (AddParameter): Name = "ComponentLink2Description"; Value = "Local Datasheet"; VariantName = "[No Variations]"
Add component (AddParameter): Name = "ComponentLink3Description"; Value = "Open Symbol"; VariantName = "[No Variations]"
Add component (AddParameter): Name = "ComponentLink3URL"; Value = "C:\ALTIUM_WORK\00001_MCHP-CDB\Library\LibraryRefs\PAC1934 UQFN-16.SchLib"; VariantName = "[No Variations]"
Add component (AddParameter): Name = "ComponentLink4Description"; Value = "Open Footprint"; VariantName = "[No Variations]"
Add component (AddParameter): Name = "ComponentLink4URL"; Value = "C:\ALTIUM_WORK\00001_MCHP-CDB\Library\Footprints\UQFN-16_4X4_EP2.6X2.6.PcbLib"; VariantName = "[No Variations]"
Add component (AddParameter): Name = "ComponentLink5Description"; Value = "Open Footprint 2"; VariantName = "[No Variations]"
Add component (AddParameter): Name = "ComponentLink6Description"; Value = "Open Footprint 3"; VariantName = "[No Variations]"
Add component (AddParameter): Name = "ComponentLink7Description"; Value = "Open Footprint 4"; VariantName = "[No Variations]"
Add component (AddParameter): Name = "Description_"; Value = "MCHP ANALOG POWER CURRENT SENSE MONITOR PAC1934T-I/JQ UQFN-16"; VariantName = "[No Variations]"
Add component (AddParameter): Name = "Dev Tools Status"; Value = "Design"; VariantName = "[No Variations]"
Add component (AddParameter): Name = "Manufacturer 1"; Value = "Microchip Technology"; VariantName = "[No Variations]"
Add component (AddParameter): Name = "Manufacturer Part Number 1"; Value = "PAC1934T-I/JQ"; VariantName = "[No Variations]"
Add component (AddParameter): Name = "MCHP-ID"; Value = "MIC8883"; VariantName = "[No Variations]"
Add component (AddParameter): Name = "Owner"; Value = "Ciprian Abramov"; VariantName = "[No Variations]"
Add component (AddParameter): Name = "Populated"; Value = "YES"; VariantName = "[No Variations]"
Add component (AddParameter): Name = "Quantity Override"; Value = "1"; VariantName = "[No Variations]"
Add component (AddParameter): Name = "Revision"; Value = "1"; VariantName = "[No Variations]"
Add component (AddParameter): Name = "Status"; Value = "MCL Design"; VariantName = "[No Variations]"
Add component (AddParameter): Name = "Supplier 1"; Value = "Digi-Key"; VariantName = "[No Variations]"
Add component (AddParameter): Name = "Supplier Part Number 1"; Value = "PAC1934T-I/JQCT-ND"; VariantName = "[No Variations]"
Add component (AddParameter): Name = "Symbol"; Value = "PAC1934 UQFN-16"; VariantName = "[No Variations]"
Add component (AddParameter): Name = "Type"; Value = "Power/Current Sensor"; VariantName = "[No Variations]"
Add component (AddParameter): Name = "Value"; Value = "PAC1934"; VariantName = "[No Variations]"
Added Component: Designator=U53(TWBGA96_ISI)
Add component (AddParameter): Name = "Copyright"; Value = "Copyright (C) 2025 Ultra Librarian. All rights reserved."; VariantName = "[No Variations]"
Add component (AddParameter): Name = "Manufacturer_Name"; Value = "ISSI"; VariantName = "[No Variations]"
Add component (AddParameter): Name = "Manufacturer_Part_Number"; Value = "IS43TR16512BL-125KBLI"; VariantName = "[No Variations]"
Add component (AddParameter): Name = "RefDes"; Value = "RefDes"; VariantName = "[No Variations]"
Add component (AddParameter): Name = "Type"; Value = "Type"; VariantName = "[No Variations]"
Added Component: Designator=XC1(AP7-00044)
Add component (AddParameter): Name = "AN"; Value = "A07-0052"; VariantName = "[No Variations]"
Add component (AddParameter): Name = "Height"; Value = "2,07999992370605"; VariantName = "[No Variations]"
Add component (AddParameter): Name = "Manufacturer"; Value = "Micro Crystal"; VariantName = "[No Variations]"
Add component (AddParameter): Name = "MPN"; Value = "MS1V-T1K 32.768kHz 7pF +/-20PPM TA"; VariantName = "[No Variations]"
Add component (AddParameter): Name = "PartGroup"; Value = "Frequency devices,Crystals,SMD"; VariantName = "[No Variations]"
Add component (AddParameter): Name = "TemperatureRange"; Value = "-40 /+85"; VariantName = "[No Variations]"
Add component (AddParameter): Name = "Tolerance"; Value = "+/- 20 PPM"; VariantName = "[No Variations]"
Add component (AddParameter): Name = "Value"; Value = "32.768kHz +/-20PPM 7pF  SMD"; VariantName = "[No Variations]"
Added Component: Designator=XC2(AP7-00039)
Add component (AddParameter): Name = "AN"; Value = "A07-0042"; VariantName = "[No Variations]"
Add component (AddParameter): Name = "Design comment"; Value = ""; VariantName = "[No Variations]"
Add component (AddParameter): Name = "Height"; Value = "1,20000004768372"; VariantName = "[No Variations]"
Add component (AddParameter): Name = "Manufacturer"; Value = "Fox  Electronics"; VariantName = "[No Variations]"
Add component (AddParameter): Name = "MPN"; Value = "FQ5032B-12.000"; VariantName = "[No Variations]"
Add component (AddParameter): Name = "PartGroup"; Value = "Frequency devices,Crystals,SMD"; VariantName = "[No Variations]"
Add component (AddParameter): Name = "TemperatureRange"; Value = "0°C ~ 70°C"; VariantName = "[No Variations]"
Add component (AddParameter): Name = "Tolerance"; Value = "±30ppm"; VariantName = "[No Variations]"
Add component (AddParameter): Name = "Value"; Value = "12.00MHz"; VariantName = "[No Variations]"
Added Component: Designator=Y1(CRYSTAL_NX2012SA)
Add component (AddParameter): Name = "Category"; Value = "Crystal/Oscillator"; VariantName = "[No Variations]"
Add component (AddParameter): Name = "ComponentLink1Description"; Value = "SVN Datasheet"; VariantName = "[No Variations]"
Add component (AddParameter): Name = "ComponentLink1URL"; Value = "https://chn-vm-apps.microchip.com/mchprepo/parts/Datasheets/c_NX2012SA-STD-MUB-1_e.pdf"; VariantName = "[No Variations]"
Add component (AddParameter): Name = "ComponentLink2Description"; Value = "Local Datasheet"; VariantName = "[No Variations]"
Add component (AddParameter): Name = "ComponentLink2URL"; Value = "C:\ALTIUM_WORK\00001_MCHP-CDB\Datasheets\c_NX2012SA-STD-MUB-1_e.pdf"; VariantName = "[No Variations]"
Add component (AddParameter): Name = "ComponentLink3Description"; Value = "Open Symbol"; VariantName = "[No Variations]"
Add component (AddParameter): Name = "ComponentLink3URL"; Value = "C:\ALTIUM_WORK\00001_MCHP-CDB\Library\LibraryRefs\Crystal 2 Pins.SchLib"; VariantName = "[No Variations]"
Add component (AddParameter): Name = "ComponentLink4Description"; Value = "Open Footprint"; VariantName = "[No Variations]"
Add component (AddParameter): Name = "ComponentLink4URL"; Value = "C:\ALTIUM_WORK\00001_MCHP-CDB\Library\Footprints\CRYSTAL_NX2012SA.PcbLib"; VariantName = "[No Variations]"
Add component (AddParameter): Name = "ComponentLink5Description"; Value = "Open Footprint 2"; VariantName = "[No Variations]"
Add component (AddParameter): Name = "ComponentLink6Description"; Value = "Open Footprint 3"; VariantName = "[No Variations]"
Add component (AddParameter): Name = "ComponentLink7Description"; Value = "Open Footprint 4"; VariantName = "[No Variations]"
Add component (AddParameter): Name = "Description_"; Value = "CRYSTAL 32.768kHz 12.5pF SMD NX2012SA"; VariantName = "[No Variations]"
Add component (AddParameter): Name = "Dev Tools Status"; Value = "Production"; VariantName = "[No Variations]"
Add component (AddParameter): Name = "Load Capacitance"; Value = "12.5pF"; VariantName = "[No Variations]"
Add component (AddParameter): Name = "Manufacturer 1"; Value = "NDK"; VariantName = "[No Variations]"
Add component (AddParameter): Name = "Manufacturer Part Number 1"; Value = "NX2012SA-32.768K-STD-MUB-1"; VariantName = "[No Variations]"
Add component (AddParameter): Name = "MCHP-ID"; Value = "OSC1092"; VariantName = "[No Variations]"
Add component (AddParameter): Name = "Owner"; Value = "Jamus Griego"; VariantName = "[No Variations]"
Add component (AddParameter): Name = "Populated"; Value = "YES"; VariantName = "[No Variations]"
Add component (AddParameter): Name = "Quantity Override"; Value = "1"; VariantName = "[No Variations]"
Add component (AddParameter): Name = "Revision"; Value = "1"; VariantName = "[No Variations]"
Add component (AddParameter): Name = "Status"; Value = "MCL Design"; VariantName = "[No Variations]"
Add component (AddParameter): Name = "Supplier 1"; Value = "Digi-Key"; VariantName = "[No Variations]"
Add component (AddParameter): Name = "Supplier Part Number 1"; Value = "644-1219-1-ND"; VariantName = "[No Variations]"
Add component (AddParameter): Name = "Symbol"; Value = "Crystal 2 Pins"; VariantName = "[No Variations]"
Add component (AddParameter): Name = "Tolerance"; Value = "�20ppm"; VariantName = "[No Variations]"
Add component (AddParameter): Name = "Type"; Value = "Crystal"; VariantName = "[No Variations]"
Add component (AddParameter): Name = "Value"; Value = "32.768kHz"; VariantName = "[No Variations]"
Added Component: Designator=Y2(DFN-4_2.5x2)
Add component (AddParameter): Name = "Category"; Value = "MCHP-Clock/Timing"; VariantName = "[No Variations]"
Add component (AddParameter): Name = "ComponentLink1Description"; Value = "SVN Datasheet"; VariantName = "[No Variations]"
Add component (AddParameter): Name = "ComponentLink2Description"; Value = "Local Datasheet"; VariantName = "[No Variations]"
Add component (AddParameter): Name = "ComponentLink3Description"; Value = "Open Symbol"; VariantName = "[No Variations]"
Add component (AddParameter): Name = "ComponentLink3URL"; Value = "C:\ALTIUM_WORK\00001_MCHP-CDB\Library\LibraryRefs\DSC10xx DFN-4.SchLib"; VariantName = "[No Variations]"
Add component (AddParameter): Name = "ComponentLink4Description"; Value = "Open Footprint"; VariantName = "[No Variations]"
Add component (AddParameter): Name = "ComponentLink4URL"; Value = "C:\ALTIUM_WORK\00001_MCHP-CDB\Library\Footprints\DFN-4_2.5x2.PcbLib"; VariantName = "[No Variations]"
Add component (AddParameter): Name = "ComponentLink5Description"; Value = "Open Footprint 2"; VariantName = "[No Variations]"
Add component (AddParameter): Name = "ComponentLink6Description"; Value = "Open Footprint 3"; VariantName = "[No Variations]"
Add component (AddParameter): Name = "ComponentLink7Description"; Value = "Open Footprint 4"; VariantName = "[No Variations]"
Add component (AddParameter): Name = "Description_"; Value = "MCHP CLOCK OSCILLATOR SINGLE 24MHz DSC1001DI5-024.0000 SMD-2520"; VariantName = "[No Variations]"
Add component (AddParameter): Name = "Dev Tools Status"; Value = "Design"; VariantName = "[No Variations]"
Add component (AddParameter): Name = "Manufacturer 1"; Value = "Microchip Technology"; VariantName = "[No Variations]"
Add component (AddParameter): Name = "Manufacturer Part Number 1"; Value = "DSC1001DI5-024.0000T"; VariantName = "[No Variations]"
Add component (AddParameter): Name = "MCHP-ID"; Value = "MIC6659"; VariantName = "[No Variations]"
Add component (AddParameter): Name = "Owner"; Value = "Maurizio Gavardoni"; VariantName = "[No Variations]"
Add component (AddParameter): Name = "Populated"; Value = "YES"; VariantName = "[No Variations]"
Add component (AddParameter): Name = "Quantity Override"; Value = "1"; VariantName = "[No Variations]"
Add component (AddParameter): Name = "Revision"; Value = "A"; VariantName = "[No Variations]"
Add component (AddParameter): Name = "Status"; Value = "MCL Design"; VariantName = "[No Variations]"
Add component (AddParameter): Name = "Supplier 1"; Value = "Digi-Key"; VariantName = "[No Variations]"
Add component (AddParameter): Name = "Supplier Part Number 1"; Value = "DSC1001DI5-024.0000T-ND"; VariantName = "[No Variations]"
Add component (AddParameter): Name = "Symbol"; Value = "DSC10xx DFN-4"; VariantName = "[No Variations]"
Add component (AddParameter): Name = "Type"; Value = "Oscillator"; VariantName = "[No Variations]"
Add component (AddParameter): Name = "Value"; Value = "24MHz"; VariantName = "[No Variations]"
Added Component: Designator=Y3(CRYSTAL_ABM8G)
Add component (AddParameter): Name = "Category"; Value = "Crystal/Oscillator"; VariantName = "[No Variations]"
Add component (AddParameter): Name = "ComponentLink1Description"; Value = "SVN Datasheet"; VariantName = "[No Variations]"
Add component (AddParameter): Name = "ComponentLink1URL"; Value = "https://chn-vm-apps.microchip.com/mchprepo/parts/Datasheets/ABM8G.pdf"; VariantName = "[No Variations]"
Add component (AddParameter): Name = "ComponentLink2Description"; Value = "Local Datasheet"; VariantName = "[No Variations]"
Add component (AddParameter): Name = "ComponentLink2URL"; Value = "C:\ALTIUM_WORK\00001_MCHP-CDB\Datasheets\ABM8G.pdf"; VariantName = "[No Variations]"
Add component (AddParameter): Name = "ComponentLink3Description"; Value = "Open Symbol"; VariantName = "[No Variations]"
Add component (AddParameter): Name = "ComponentLink3URL"; Value = "C:\ALTIUM_WORK\00001_MCHP-CDB\Library\LibraryRefs\Crystal 4 Pins.SchLib"; VariantName = "[No Variations]"
Add component (AddParameter): Name = "ComponentLink4Description"; Value = "Open Footprint"; VariantName = "[No Variations]"
Add component (AddParameter): Name = "ComponentLink4URL"; Value = "C:\ALTIUM_WORK\00001_MCHP-CDB\Library\Footprints\CRYSTAL_ABM8G.PcbLib"; VariantName = "[No Variations]"
Add component (AddParameter): Name = "ComponentLink5Description"; Value = "Open Footprint 2"; VariantName = "[No Variations]"
Add component (AddParameter): Name = "ComponentLink6Description"; Value = "Open Footprint 3"; VariantName = "[No Variations]"
Add component (AddParameter): Name = "ComponentLink7Description"; Value = "Open Footprint 4"; VariantName = "[No Variations]"
Add component (AddParameter): Name = "Description_"; Value = "CRYSTAL 24MHz 18pF SMD ABM8G"; VariantName = "[No Variations]"
Add component (AddParameter): Name = "Dev Tools Status"; Value = "Production"; VariantName = "[No Variations]"
Add component (AddParameter): Name = "Load Capacitance"; Value = "18pF"; VariantName = "[No Variations]"
Add component (AddParameter): Name = "Manufacturer 1"; Value = "Abracon Corporation"; VariantName = "[No Variations]"
Add component (AddParameter): Name = "Manufacturer Part Number 1"; Value = "ABM8G-24.000MHZ-18-D2Y-T"; VariantName = "[No Variations]"
Add component (AddParameter): Name = "MCHP-ID"; Value = "OSC1047"; VariantName = "[No Variations]"
Add component (AddParameter): Name = "Owner"; Value = "Mark Loper"; VariantName = "[No Variations]"
Add component (AddParameter): Name = "Package"; Value = "ABM8G"; VariantName = "[No Variations]"
Add component (AddParameter): Name = "Populated"; Value = "DNP"; VariantName = "[No Variations]"
Add component (AddParameter): Name = "Quantity Override"; Value = "1"; VariantName = "[No Variations]"
Add component (AddParameter): Name = "Revision"; Value = "1"; VariantName = "[No Variations]"
Add component (AddParameter): Name = "Status"; Value = "MCL Design"; VariantName = "[No Variations]"
Add component (AddParameter): Name = "Supplier 1"; Value = "Digi-Key"; VariantName = "[No Variations]"
Add component (AddParameter): Name = "Supplier Part Number 1"; Value = "535-10273-1-ND"; VariantName = "[No Variations]"
Add component (AddParameter): Name = "Symbol"; Value = "Crystal 4 Pins"; VariantName = "[No Variations]"
Add component (AddParameter): Name = "Type"; Value = "Crystal"; VariantName = "[No Variations]"
Add component (AddParameter): Name = "Value"; Value = "24MHz"; VariantName = "[No Variations]"
Added Component: Designator=Y4(DFN-4_2x1.6)
Add component (AddParameter): Name = "Category"; Value = "MCHP-Clock/Timing"; VariantName = "[No Variations]"
Add component (AddParameter): Name = "ComponentLink1Description"; Value = "SVN Datasheet"; VariantName = "[No Variations]"
Add component (AddParameter): Name = "ComponentLink2Description"; Value = "Local Datasheet"; VariantName = "[No Variations]"
Add component (AddParameter): Name = "ComponentLink3Description"; Value = "Open Symbol"; VariantName = "[No Variations]"
Add component (AddParameter): Name = "ComponentLink3URL"; Value = "C:\ALTIUM_WORK\00001_MCHP-CDB\Library\LibraryRefs\DSC60xx DFN-4_LGA-4.SchLib"; VariantName = "[No Variations]"
Add component (AddParameter): Name = "ComponentLink4Description"; Value = "Open Footprint"; VariantName = "[No Variations]"
Add component (AddParameter): Name = "ComponentLink4URL"; Value = "C:\ALTIUM_WORK\00001_MCHP-CDB\Library\Footprints\DFN-4_2x1.6.PcbLib"; VariantName = "[No Variations]"
Add component (AddParameter): Name = "ComponentLink5Description"; Value = "Open Footprint 2"; VariantName = "[No Variations]"
Add component (AddParameter): Name = "ComponentLink6Description"; Value = "Open Footprint 3"; VariantName = "[No Variations]"
Add component (AddParameter): Name = "ComponentLink7Description"; Value = "Open Footprint 4"; VariantName = "[No Variations]"
Add component (AddParameter): Name = "Description_"; Value = "MCHP CLOCK OSCILLATOR SINGLE 32.768KHz DSC6003MA3B-032K768 SMD DFN-4"; VariantName = "[No Variations]"
Add component (AddParameter): Name = "Dev Tools Status"; Value = "Design"; VariantName = "[No Variations]"
Add component (AddParameter): Name = "Manufacturer 1"; Value = "Microchip Technology"; VariantName = "[No Variations]"
Add component (AddParameter): Name = "Manufacturer Part Number 1"; Value = "DSC6003MA3B-032K768"; VariantName = "[No Variations]"
Add component (AddParameter): Name = "MCHP-ID"; Value = "MIC8888"; VariantName = "[No Variations]"
Add component (AddParameter): Name = "Owner"; Value = "Ciprian Abramov"; VariantName = "[No Variations]"
Add component (AddParameter): Name = "Populated"; Value = "DNP"; VariantName = "[No Variations]"
Add component (AddParameter): Name = "Quantity Override"; Value = "1"; VariantName = "[No Variations]"
Add component (AddParameter): Name = "Revision"; Value = "1"; VariantName = "[No Variations]"
Add component (AddParameter): Name = "Status"; Value = "MCL Design"; VariantName = "[No Variations]"
Add component (AddParameter): Name = "Supplier 1"; Value = "Digi-Key"; VariantName = "[No Variations]"
Add component (AddParameter): Name = "Supplier 2"; Value = "Mouser"; VariantName = "[No Variations]"
Add component (AddParameter): Name = "Supplier Part Number 1"; Value = "DSC6003MA3B-032K768-ND"; VariantName = "[No Variations]"
Add component (AddParameter): Name = "Supplier Part Number 2"; Value = "579-6003MA3B032K768"; VariantName = "[No Variations]"
Add component (AddParameter): Name = "Symbol"; Value = "DSC60xx DFN-4_LGA-4"; VariantName = "[No Variations]"
Add component (AddParameter): Name = "Type"; Value = "Oscillator"; VariantName = "[No Variations]"
Add component (AddParameter): Name = "Value"; Value = "32.768KHz"; VariantName = "[No Variations]"
Added Pin To Net: NetName=GND Pin=C15-1
Added Pin To Net: NetName=NetC15_2 Pin=C15-2
Added Pin To Net: NetName=GND Pin=C16-1
Added Pin To Net: NetName=PA07_XIN32 Pin=C16-2
Added Pin To Net: NetName=GND Pin=C17-1
Added Pin To Net: NetName=PA08_XOUT32 Pin=C17-2
Added Pin To Net: NetName=GND Pin=C19-1
Added Pin To Net: NetName=MCU_OSCIN Pin=C19-2
Added Pin To Net: NetName=GND Pin=C20-1
Added Pin To Net: NetName=MCU_OSCOUT Pin=C20-2
Added Pin To Net: NetName=GND Pin=C119-1
Added Pin To Net: NetName=3.3V_MCU Pin=C119-2
Added Pin To Net: NetName=GND Pin=C120-1
Added Pin To Net: NetName=3.3V_MCU Pin=C120-2
Added Pin To Net: NetName=GND Pin=C121-1
Added Pin To Net: NetName=3.3V_MCU Pin=C121-2
Added Pin To Net: NetName=GND Pin=C122-1
Added Pin To Net: NetName=3.3V_MCU Pin=C122-2
Added Pin To Net: NetName=GND Pin=C204-1
Added Pin To Net: NetName=3.3V_MCU Pin=C204-2
Added Pin To Net: NetName=GND Pin=C205-1
Added Pin To Net: NetName=3.3V_MCU Pin=C205-2
Added Pin To Net: NetName=GND Pin=C206-1
Added Pin To Net: NetName=3.3V_MCU Pin=C206-2
Added Pin To Net: NetName=GND Pin=C207-1
Added Pin To Net: NetName=3.3V_MCU Pin=C207-2
Added Pin To Net: NetName=GND Pin=C213-1
Added Pin To Net: NetName=PA19 Pin=C213-2
Added Pin To Net: NetName=GND Pin=C214-1
Added Pin To Net: NetName=5V_HD4 Pin=C214-2
Added Pin To Net: NetName=GND Pin=C215-1
Added Pin To Net: NetName=PA20 Pin=C215-2
Added Pin To Net: NetName=GND Pin=C216-1
Added Pin To Net: NetName=PA21 Pin=C216-2
Added Pin To Net: NetName=GND Pin=C217-1
Added Pin To Net: NetName=PC01 Pin=C217-2
Added Pin To Net: NetName=GND Pin=C218-1
Added Pin To Net: NetName=PC13 Pin=C218-2
Added Pin To Net: NetName=GND Pin=C219-1
Added Pin To Net: NetName=PC15 Pin=C219-2
Added Pin To Net: NetName=GND Pin=C220-1
Added Pin To Net: NetName=PC29 Pin=C220-2
Added Pin To Net: NetName=GND Pin=C221-1
Added Pin To Net: NetName=PC30 Pin=C221-2
Added Pin To Net: NetName=GND Pin=C223-1
Added Pin To Net: NetName=PC31 Pin=C223-2
Added Pin To Net: NetName=GND Pin=C225-1
Added Pin To Net: NetName=PB00 Pin=C225-2
Added Pin To Net: NetName=GND Pin=C226-1
Added Pin To Net: NetName=PB01 Pin=C226-2
Added Pin To Net: NetName=GND Pin=C227-1
Added Pin To Net: NetName=PB02 Pin=C227-2
Added Pin To Net: NetName=GND Pin=C228-1
Added Pin To Net: NetName=PB03 Pin=C228-2
Added Pin To Net: NetName=GND Pin=C229-1
Added Pin To Net: NetName=PE03 Pin=C229-2
Added Pin To Net: NetName=GND Pin=C230-1
Added Pin To Net: NetName=PE04 Pin=C230-2
Added Pin To Net: NetName=GND Pin=C231-1
Added Pin To Net: NetName=PE05 Pin=C231-2
Added Pin To Net: NetName=VDDCPU Pin=C232-1
Added Pin To Net: NetName=GND Pin=C232-2
Added Pin To Net: NetName=VDDCPU Pin=C233-1
Added Pin To Net: NetName=GND Pin=C233-2
Added Pin To Net: NetName=VDDCPU Pin=C234-1
Added Pin To Net: NetName=GND Pin=C234-2
Added Pin To Net: NetName=VDD_3V3_MPU Pin=C235-1
Added Pin To Net: NetName=GND Pin=C235-2
Added Pin To Net: NetName=VDD_3V3_MPU Pin=C236-1
Added Pin To Net: NetName=GND Pin=C236-2
Added Pin To Net: NetName=VDD_3V3_MPU Pin=C237-1
Added Pin To Net: NetName=GND Pin=C237-2
Added Pin To Net: NetName=VDD_3V3_MPU Pin=C238-1
Added Pin To Net: NetName=GND Pin=C238-2
Added Pin To Net: NetName=VDD_3V3_MPU Pin=C239-1
Added Pin To Net: NetName=GND Pin=C239-2
Added Pin To Net: NetName=VDDSDMMC0 Pin=C240-1
Added Pin To Net: NetName=GND Pin=C240-2
Added Pin To Net: NetName=VDDSDMMC1 Pin=C241-1
Added Pin To Net: NetName=GND Pin=C241-2
Added Pin To Net: NetName=VDD_3V3_MPU Pin=C242-1
Added Pin To Net: NetName=GND Pin=C242-2
Added Pin To Net: NetName=VDD_3V3_MPU Pin=C243-1
Added Pin To Net: NetName=GND Pin=C243-2
Added Pin To Net: NetName=VDDCORE Pin=C244-1
Added Pin To Net: NetName=GND Pin=C244-2
Added Pin To Net: NetName=VDDCORE Pin=C245-1
Added Pin To Net: NetName=GND Pin=C245-2
Added Pin To Net: NetName=VDDCORE Pin=C246-1
Added Pin To Net: NetName=GND Pin=C246-2
Added Pin To Net: NetName=GND Pin=C247-1
Added Pin To Net: NetName=VDDANA Pin=C247-2
Added Pin To Net: NetName=VDDCORE Pin=C248-1
Added Pin To Net: NetName=GND Pin=C248-2
Added Pin To Net: NetName=VDDCORE Pin=C249-1
Added Pin To Net: NetName=GND Pin=C249-2
Added Pin To Net: NetName=VDDCORE Pin=C250-1
Added Pin To Net: NetName=GND Pin=C250-2
Added Pin To Net: NetName=VDDCORE Pin=C251-1
Added Pin To Net: NetName=GND Pin=C251-2
Added Pin To Net: NetName=VDDCORE Pin=C252-1
Added Pin To Net: NetName=GND Pin=C252-2
Added Pin To Net: NetName=VDDCORE Pin=C253-1
Added Pin To Net: NetName=GND Pin=C253-2
Added Pin To Net: NetName=VDDCORE Pin=C254-1
Added Pin To Net: NetName=GND Pin=C254-2
Added Pin To Net: NetName=VDDCORE Pin=C255-1
Added Pin To Net: NetName=GND Pin=C255-2
Added Pin To Net: NetName=VDDCORE Pin=C256-1
Added Pin To Net: NetName=GND Pin=C256-2
Added Pin To Net: NetName=VDDCORE Pin=C257-1
Added Pin To Net: NetName=GND Pin=C257-2
Added Pin To Net: NetName=VDDCORE Pin=C258-1
Added Pin To Net: NetName=GND Pin=C258-2
Added Pin To Net: NetName=VDDCORE Pin=C259-1
Added Pin To Net: NetName=GND Pin=C259-2
Added Pin To Net: NetName=VDDCORE Pin=C260-1
Added Pin To Net: NetName=GND Pin=C260-2
Added Pin To Net: NetName=VDDUTMII Pin=C261-1
Added Pin To Net: NetName=GND Pin=C261-2
Added Pin To Net: NetName=VDDUTMII Pin=C262-1
Added Pin To Net: NetName=GND Pin=C262-2
Added Pin To Net: NetName=VDDUTMII Pin=C263-1
Added Pin To Net: NetName=GND Pin=C263-2
Added Pin To Net: NetName=VDDUTMII Pin=C264-1
Added Pin To Net: NetName=GND Pin=C264-2
Added Pin To Net: NetName=XIN32 Pin=C265-1
Added Pin To Net: NetName=GND Pin=C265-2
Added Pin To Net: NetName=VDDUTMII Pin=C266-1
Added Pin To Net: NetName=GND Pin=C266-2
Added Pin To Net: NetName=GND Pin=C267-1
Added Pin To Net: NetName=VDD_3V3 Pin=C267-2
Added Pin To Net: NetName=VDDUTMII Pin=C268-1
Added Pin To Net: NetName=GND Pin=C268-2
Added Pin To Net: NetName=VDDANA Pin=C269-1
Added Pin To Net: NetName=GND Pin=C269-2
Added Pin To Net: NetName=VDDANA Pin=C270-1
Added Pin To Net: NetName=GND Pin=C270-2
Added Pin To Net: NetName=VDDANA Pin=C271-1
Added Pin To Net: NetName=GND Pin=C271-2
Added Pin To Net: NetName=XOUT32 Pin=C272-1
Added Pin To Net: NetName=GND Pin=C272-2
Added Pin To Net: NetName=VDDIN33 Pin=C273-1
Added Pin To Net: NetName=GND Pin=C273-2
Added Pin To Net: NetName=VDDIN33 Pin=C274-1
Added Pin To Net: NetName=GND Pin=C274-2
Added Pin To Net: NetName=VDDBU Pin=C275-1
Added Pin To Net: NetName=GND Pin=C275-2
Added Pin To Net: NetName=XIN_24M Pin=C276-1
Added Pin To Net: NetName=GND Pin=C276-2
Added Pin To Net: NetName=VDDANA Pin=C277-1
Added Pin To Net: NetName=GND Pin=C277-2
Added Pin To Net: NetName=VDDANA Pin=C278-1
Added Pin To Net: NetName=GND Pin=C278-2
Added Pin To Net: NetName=GND Pin=C279-1
Added Pin To Net: NetName=VDD_3V3 Pin=C279-2
Added Pin To Net: NetName=XOUT_24M Pin=C280-1
Added Pin To Net: NetName=GND Pin=C280-2
Added Pin To Net: NetName=5V_MAIN Pin=C281-1
Added Pin To Net: NetName=GND Pin=C281-2
Added Pin To Net: NetName=GND Pin=C282-1
Added Pin To Net: NetName=VDD_3V3 Pin=C282-2
Added Pin To Net: NetName=VDD_3V3 Pin=C283-1
Added Pin To Net: NetName=GND Pin=C283-2
Added Pin To Net: NetName=VDD_3V3 Pin=C284-1
Added Pin To Net: NetName=GND Pin=C284-2
Added Pin To Net: NetName=VDD_3V3 Pin=C285-1
Added Pin To Net: NetName=GND Pin=C285-2
Added Pin To Net: NetName=VDD_3V3 Pin=C286-1
Added Pin To Net: NetName=GND Pin=C286-2
Added Pin To Net: NetName=5V_MAIN Pin=C287-1
Added Pin To Net: NetName=GND Pin=C287-2
Added Pin To Net: NetName=GND Pin=C288-1
Added Pin To Net: NetName=VDD_1V35 Pin=C288-2
Added Pin To Net: NetName=5V_MAIN Pin=C289-1
Added Pin To Net: NetName=GND Pin=C289-2
Added Pin To Net: NetName=GND Pin=C290-1
Added Pin To Net: NetName=VDD_1V15_OUT3 Pin=C290-2
Added Pin To Net: NetName=5V_MAIN Pin=C291-1
Added Pin To Net: NetName=GND Pin=C291-2
Added Pin To Net: NetName=GND Pin=C292-1
Added Pin To Net: NetName=VDD_1V15_OUT4 Pin=C292-2
Added Pin To Net: NetName=5V_MAIN Pin=C293-1
Added Pin To Net: NetName=GND Pin=C293-2
Added Pin To Net: NetName=5V_MAIN Pin=C294-1
Added Pin To Net: NetName=GND Pin=C294-2
Added Pin To Net: NetName=VLDO1 Pin=C295-1
Added Pin To Net: NetName=GND Pin=C295-2
Added Pin To Net: NetName=VLDO2 Pin=C296-1
Added Pin To Net: NetName=GND Pin=C296-2
Added Pin To Net: NetName=VDD_3V3_MPU Pin=C297-1
Added Pin To Net: NetName=GND Pin=C297-2
Added Pin To Net: NetName=VDD_3V3_MPU Pin=C298-1
Added Pin To Net: NetName=GND Pin=C298-2
Added Pin To Net: NetName=GND Pin=C299-1
Added Pin To Net: NetName=NTRST_PC25 Pin=C299-2
Added Pin To Net: NetName=GND Pin=C300-1
Added Pin To Net: NetName=NetC300_2 Pin=C300-2
Added Pin To Net: NetName=GND Pin=C301-1
Added Pin To Net: NetName=NetC301_2 Pin=C301-2
Added Pin To Net: NetName=GND Pin=C302-1
Added Pin To Net: NetName=NetC301_2 Pin=C302-2
Added Pin To Net: NetName=GND Pin=C303-1
Added Pin To Net: NetName=NetC303_2 Pin=C303-2
Added Pin To Net: NetName=GND Pin=C304-1
Added Pin To Net: NetName=NetC304_2 Pin=C304-2
Added Pin To Net: NetName=GND Pin=C305-1
Added Pin To Net: NetName=NetC305_2 Pin=C305-2
Added Pin To Net: NetName=GND Pin=C306-1
Added Pin To Net: NetName=NetC306_2 Pin=C306-2
Added Pin To Net: NetName=GND Pin=C307-1
Added Pin To Net: NetName=NetC307_2 Pin=C307-2
Added Pin To Net: NetName=GND Pin=C308-1
Added Pin To Net: NetName=NetC308_2 Pin=C308-2
Added Pin To Net: NetName=GND Pin=C309-1
Added Pin To Net: NetName=NetC309_2 Pin=C309-2
Added Pin To Net: NetName=GND Pin=C310-1
Added Pin To Net: NetName=NetC310_2 Pin=C310-2
Added Pin To Net: NetName=GND Pin=C311-1
Added Pin To Net: NetName=NetC311_2 Pin=C311-2
Added Pin To Net: NetName=GND Pin=C312-1
Added Pin To Net: NetName=NetC312_2 Pin=C312-2
Added Pin To Net: NetName=GND Pin=C313-1
Added Pin To Net: NetName=NetC313_2 Pin=C313-2
Added Pin To Net: NetName=GND Pin=C314-1
Added Pin To Net: NetName=NetC314_2 Pin=C314-2
Added Pin To Net: NetName=GND Pin=C315-1
Added Pin To Net: NetName=NetC315_2 Pin=C315-2
Added Pin To Net: NetName=GND Pin=C316-1
Added Pin To Net: NetName=NetC316_2 Pin=C316-2
Added Pin To Net: NetName=GND Pin=C317-1
Added Pin To Net: NetName=NetC317_2 Pin=C317-2
Added Pin To Net: NetName=GND Pin=C318-1
Added Pin To Net: NetName=NetC318_2 Pin=C318-2
Added Pin To Net: NetName=GND Pin=C319-1
Added Pin To Net: NetName=NetC319_2 Pin=C319-2
Added Pin To Net: NetName=GND Pin=C320-1
Added Pin To Net: NetName=NetC319_2 Pin=C320-2
Added Pin To Net: NetName=DDR_VREF Pin=C321-1
Added Pin To Net: NetName=GND Pin=C321-2
Added Pin To Net: NetName=NetC322_1 Pin=C322-1
Added Pin To Net: NetName=GND Pin=C322-2
Added Pin To Net: NetName=NetC323_1 Pin=C323-1
Added Pin To Net: NetName=GND Pin=C323-2
Added Pin To Net: NetName=NetC323_1 Pin=C324-1
Added Pin To Net: NetName=GND Pin=C324-2
Added Pin To Net: NetName=NetC323_1 Pin=C325-1
Added Pin To Net: NetName=GND Pin=C325-2
Added Pin To Net: NetName=NetC323_1 Pin=C326-1
Added Pin To Net: NetName=GND Pin=C326-2
Added Pin To Net: NetName=NetC323_1 Pin=C327-1
Added Pin To Net: NetName=GND Pin=C327-2
Added Pin To Net: NetName=NetC323_1 Pin=C328-1
Added Pin To Net: NetName=GND Pin=C328-2
Added Pin To Net: NetName=VDDIODDR Pin=C329-1
Added Pin To Net: NetName=DDR_VREF Pin=C329-2
Added Pin To Net: NetName=NetC323_1 Pin=C330-1
Added Pin To Net: NetName=GND Pin=C330-2
Added Pin To Net: NetName=NetC323_1 Pin=C331-1
Added Pin To Net: NetName=GND Pin=C331-2
Added Pin To Net: NetName=NetC323_1 Pin=C332-1
Added Pin To Net: NetName=GND Pin=C332-2
Added Pin To Net: NetName=VDDIODDR Pin=C333-1
Added Pin To Net: NetName=GND Pin=C333-2
Added Pin To Net: NetName=NetC323_1 Pin=C334-1
Added Pin To Net: NetName=GND Pin=C334-2
Added Pin To Net: NetName=NetC323_1 Pin=C335-1
Added Pin To Net: NetName=GND Pin=C335-2
Added Pin To Net: NetName=NetC323_1 Pin=C336-1
Added Pin To Net: NetName=GND Pin=C336-2
Added Pin To Net: NetName=DDR_VREF Pin=C337-1
Added Pin To Net: NetName=GND Pin=C337-2
Added Pin To Net: NetName=NetC323_1 Pin=C338-1
Added Pin To Net: NetName=GND Pin=C338-2
Added Pin To Net: NetName=NetC323_1 Pin=C339-1
Added Pin To Net: NetName=GND Pin=C339-2
Added Pin To Net: NetName=NetC323_1 Pin=C340-1
Added Pin To Net: NetName=GND Pin=C340-2
Added Pin To Net: NetName=DDR_VREF Pin=C341-1
Added Pin To Net: NetName=GND Pin=C341-2
Added Pin To Net: NetName=DDR_VREF Pin=C342-1
Added Pin To Net: NetName=GND Pin=C342-2
Added Pin To Net: NetName=MCU_STATUS_LED_1 Pin=DS11-1
Added Pin To Net: NetName=NetDS11_2 Pin=DS11-2
Added Pin To Net: NetName=SOM_STATUS_LED_1 Pin=DS12-1
Added Pin To Net: NetName=NetDS12_2 Pin=DS12-2
Added Pin To Net: NetName=SOM_STATUS_LED_2 Pin=DS13-1
Added Pin To Net: NetName=NetDS13_2 Pin=DS13-2
Added Pin To Net: NetName=VDD_3V3 Pin=J25-2
Added Pin To Net: NetName=GND Pin=J25-3
Added Pin To Net: NetName=TDI_PC28 Pin=J25-4
Added Pin To Net: NetName=TCK_SWCLK_PC26 Pin=J25-5
Added Pin To Net: NetName=NTRST_PC25 Pin=J25-6
Added Pin To Net: NetName=TDO_PC29 Pin=J25-7
Added Pin To Net: NetName=TMS_SWDIO_PC27 Pin=J25-8
Added Pin To Net: NetName=NetL7_1 Pin=L7-1
Added Pin To Net: NetName=VDD_3V3 Pin=L7-2
Added Pin To Net: NetName=NetL8_1 Pin=L8-1
Added Pin To Net: NetName=VDD_1V35 Pin=L8-2
Added Pin To Net: NetName=NetL9_1 Pin=L9-1
Added Pin To Net: NetName=VDD_1V15_OUT3 Pin=L9-2
Added Pin To Net: NetName=NetL10_1 Pin=L10-1
Added Pin To Net: NetName=VDD_1V15_OUT4 Pin=L10-2
Added Pin To Net: NetName=LPM Pin=Q27-1
Added Pin To Net: NetName=GND Pin=Q27-2
Added Pin To Net: NetName=NetQ27_3 Pin=Q27-3
Added Pin To Net: NetName=IF_MCU_SHUTDOWN Pin=R18-1
Added Pin To Net: NetName=PD03 Pin=R18-2
Added Pin To Net: NetName=MCU_MPD_EN Pin=R25-1
Added Pin To Net: NetName=PD07 Pin=R25-2
Added Pin To Net: NetName=POW_ONOFF_LP Pin=R26-1
Added Pin To Net: NetName=PD08 Pin=R26-2
Added Pin To Net: NetName=NetC15_2 Pin=R61-1
Added Pin To Net: NetName=3.3V_MCU Pin=R61-2
Added Pin To Net: NetName=NetC15_2 Pin=R62-1
Added Pin To Net: NetName=WD_nRESET Pin=R62-2
Added Pin To Net: NetName=MCU_nRESET Pin=R63-1
Added Pin To Net: NetName=NetC15_2 Pin=R63-2
Added Pin To Net: NetName=MCU_OSCOUT Pin=R109-1
Added Pin To Net: NetName=MCU_OSCIN Pin=R109-2
Added Pin To Net: NetName=PD30 Pin=R277-1
Added Pin To Net: NetName=MCU_SENSOR4_nIRQ Pin=R277-2
Added Pin To Net: NetName=PC00 Pin=R278-1
Added Pin To Net: NetName=LASER_ADC_2 Pin=R278-2
Added Pin To Net: NetName=MCU_MPD_PWM Pin=R279-1
Added Pin To Net: NetName=PE00 Pin=R279-2
Added Pin To Net: NetName=eFUSE_ILIM_IF_12V Pin=R281-1
Added Pin To Net: NetName=PE03 Pin=R281-2
Added Pin To Net: NetName=eFUSE_ILIM_5V_SOM Pin=R282-1
Added Pin To Net: NetName=PE04 Pin=R282-2
Added Pin To Net: NetName=eFUSE_ILIM_5V_SOM Pin=R283-1
Added Pin To Net: NetName=PE05 Pin=R283-2
Added Pin To Net: NetName=3.3V_MCU Pin=R285-1
Added Pin To Net: NetName=TEC_SPI_MISO Pin=R285-2
Added Pin To Net: NetName=PC25 Pin=R286-1
Added Pin To Net: NetName=NetR286_2 Pin=R286-2
Added Pin To Net: NetName=SOM_PRAM_nCS Pin=R287-1
Added Pin To Net: NetName=3.3V_SOM Pin=R287-2
Added Pin To Net: NetName=MCU_PRAM_SPI1_nCS Pin=R288-1
Added Pin To Net: NetName=3.3V_MCU Pin=R288-2
Added Pin To Net: NetName=3.3V_MCU Pin=R289-1
Added Pin To Net: NetName=NetR289_2 Pin=R289-2
Added Pin To Net: NetName=3.3V_MCU Pin=R290-1
Added Pin To Net: NetName=BMP390_INT Pin=R290-2
Added Pin To Net: NetName=NetR289_2 Pin=R295-1
Added Pin To Net: NetName=GND Pin=R295-2
Added Pin To Net: NetName=3.3V_MCU Pin=R296-1
Added Pin To Net: NetName=LSM6DSOX_INT Pin=R296-2
Added Pin To Net: NetName=NetR297_1 Pin=R297-1
Added Pin To Net: NetName=GND Pin=R297-2
Added Pin To Net: NetName=NetDS11_2 Pin=R298-1
Added Pin To Net: NetName=GND Pin=R298-2
Added Pin To Net: NetName=IF_SOM_USB_N Pin=R299-1
Added Pin To Net: NetName=NetR299_2 Pin=R299-2
Added Pin To Net: NetName=IF_SOM_USB_P Pin=R300-1
Added Pin To Net: NetName=NetR300_2 Pin=R300-2
Added Pin To Net: NetName=GND Pin=R301-1
Added Pin To Net: NetName=NetR301_2 Pin=R301-2
Added Pin To Net: NetName=NetR302_1 Pin=R302-1
Added Pin To Net: NetName=VDD_3V3 Pin=R302-2
Added Pin To Net: NetName=NetR303_1 Pin=R303-1
Added Pin To Net: NetName=GND Pin=R303-2
Added Pin To Net: NetName=SD2_CLK Pin=R485-1
Added Pin To Net: NetName=_PB30 Pin=R485-2
Added Pin To Net: NetName=OBC_VS_SOM_SPI_SG_SCK Pin=R486-1
Added Pin To Net: NetName=_PA31 Pin=R486-2
Added Pin To Net: NetName=SD2_DATA0 Pin=R487-1
Added Pin To Net: NetName=_PB31 Pin=R487-2
Added Pin To Net: NetName=_PA12 Pin=R488-1
Added Pin To Net: NetName=+3.3V_SOM Pin=R488-2
Added Pin To Net: NetName=GND Pin=R505-1
Added Pin To Net: NetName=_PA12 Pin=R505-2
Added Pin To Net: NetName=_PA13 Pin=R506-1
Added Pin To Net: NetName=+3.3V_SOM Pin=R506-2
Added Pin To Net: NetName=GND Pin=R507-1
Added Pin To Net: NetName=_PA13 Pin=R507-2
Added Pin To Net: NetName=_PA14 Pin=R508-1
Added Pin To Net: NetName=+3.3V_SOM Pin=R508-2
Added Pin To Net: NetName=GND Pin=R509-1
Added Pin To Net: NetName=_PA14 Pin=R509-2
Added Pin To Net: NetName=SD2_DATA1 Pin=R510-1
Added Pin To Net: NetName=_PC0 Pin=R510-2
Added Pin To Net: NetName=SD2_DATA2 Pin=R511-1
Added Pin To Net: NetName=_PC1 Pin=R511-2
Added Pin To Net: NetName=SD2_DATA3 Pin=R512-1
Added Pin To Net: NetName=_PC2 Pin=R512-2
Added Pin To Net: NetName=SD2_nCD Pin=R513-1
Added Pin To Net: NetName=_PC4 Pin=R513-2
Added Pin To Net: NetName=SAM7_FLEX1_I2C_SDA Pin=R514-1
Added Pin To Net: NetName=_PC9 Pin=R514-2
Added Pin To Net: NetName=SAM7_FLEX1_I2C_SCL Pin=R515-1
Added Pin To Net: NetName=_PC10 Pin=R515-2
Added Pin To Net: NetName=SOM_CONSOLE_TX Pin=R516-1
Added Pin To Net: NetName=_PC11 Pin=R516-2
Added Pin To Net: NetName=SOM_CANTX0 Pin=R517-1
Added Pin To Net: NetName=_PD12 Pin=R517-2
Added Pin To Net: NetName=SOM_CONSOLE_RX Pin=R518-1
Added Pin To Net: NetName=_PC12 Pin=R518-2
Added Pin To Net: NetName=SOM_CANRX0 Pin=R519-1
Added Pin To Net: NetName=_PD13 Pin=R519-2
Added Pin To Net: NetName=SOM_CAM_I2C_SCL Pin=R520-1
Added Pin To Net: NetName=_PC13 Pin=R520-2
Added Pin To Net: NetName=SOM_CANTX1 Pin=R521-1
Added Pin To Net: NetName=_PD14 Pin=R521-2
Added Pin To Net: NetName=SOM_CAM_I2C_SDA Pin=R522-1
Added Pin To Net: NetName=_PC14 Pin=R522-2
Added Pin To Net: NetName=SOM_CANRX1 Pin=R523-1
Added Pin To Net: NetName=_PD15 Pin=R523-2
Added Pin To Net: NetName=SOM_PHOTO_ADC_EOC Pin=R524-1
Added Pin To Net: NetName=_PC15 Pin=R524-2
Added Pin To Net: NetName=MCU_UART1_RX_SOM_TX Pin=R525-1
Added Pin To Net: NetName=_PD16 Pin=R525-2
Added Pin To Net: NetName=NetR337_2 Pin=R526-1
Added Pin To Net: NetName=NetR526_2 Pin=R526-2
Added Pin To Net: NetName=MCU_UART1_TX_SOM_RX Pin=R527-1
Added Pin To Net: NetName=_PD17 Pin=R527-2
Added Pin To Net: NetName=MCU_UART0_RX_SOM_TX Pin=R528-1
Added Pin To Net: NetName=_PD18 Pin=R528-2
Added Pin To Net: NetName=MCU_UART0_TX_SOM_RX Pin=R529-1
Added Pin To Net: NetName=_PD19 Pin=R529-2
Added Pin To Net: NetName=SOM_USB_LED_1 Pin=R530-1
Added Pin To Net: NetName=_PD28 Pin=R530-2
Added Pin To Net: NetName=SOM_STATUS_LED_1 Pin=R531-1
Added Pin To Net: NetName=NetR531_2 Pin=R531-2
Added Pin To Net: NetName=SOM_STATUS_LED_2 Pin=R532-1
Added Pin To Net: NetName=NetR532_2 Pin=R532-2
Added Pin To Net: NetName=+5V_SOM Pin=R533-1
Added Pin To Net: NetName=MCP16502_HPM Pin=R533-2
Added Pin To Net: NetName=NTRST_PC25 Pin=R534-1
Added Pin To Net: NetName=VDD_3V3 Pin=R534-2
Added Pin To Net: NetName=NetC300_2 Pin=R535-1
Added Pin To Net: NetName=VDD_3V3 Pin=R535-2
Added Pin To Net: NetName=MCP16502_HPM Pin=R536-1
Added Pin To Net: NetName=GND Pin=R536-2
Added Pin To Net: NetName=NetDS12_2 Pin=R537-1
Added Pin To Net: NetName=GND Pin=R537-2
Added Pin To Net: NetName=NetDS13_2 Pin=R538-1
Added Pin To Net: NetName=GND Pin=R538-2
Added Pin To Net: NetName=NetR539_1 Pin=R539-1
Added Pin To Net: NetName=GND Pin=R539-2
Added Pin To Net: NetName=VDDIODDR Pin=R540-1
Added Pin To Net: NetName=DDR_RESET Pin=R540-2
Added Pin To Net: NetName=GND Pin=R541-1
Added Pin To Net: NetName=DDR_ZQ Pin=R541-2
Added Pin To Net: NetName=VDDIODDR Pin=R542-1
Added Pin To Net: NetName=DDR_VREF Pin=R542-2
Added Pin To Net: NetName=DDR_VREF Pin=R543-1
Added Pin To Net: NetName=GND Pin=R543-2
Added Pin To Net: NetName=VDDSDMMC0 Pin=TP3-0
Added Pin To Net: NetName=VDDSDMMC1 Pin=TP4-0
Added Pin To Net: NetName=XIN Pin=TP5-0
Added Pin To Net: NetName=VDD_3V3 Pin=TP6-0
Added Pin To Net: NetName=VDD_1V35 Pin=TP7-0
Added Pin To Net: NetName=VDDCORE Pin=TP8-0
Added Pin To Net: NetName=VDD_1V15_OUT3 Pin=TP9-0
Added Pin To Net: NetName=VDDCPU Pin=TP10-0
Added Pin To Net: NetName=VDD_1V15_OUT4 Pin=TP11-0
Added Pin To Net: NetName=VLDO1 Pin=TP12-0
Added Pin To Net: NetName=VLDO2 Pin=TP13-0
Added Pin To Net: NetName=VDD_3V3_MPU Pin=TP14-0
Added Pin To Net: NetName=VDDIODDR Pin=TP16-0
Added Pin To Net: NetName=DDR_D0 Pin=TP17-0
Added Pin To Net: NetName=DDR_D8 Pin=TP18-0
Added Pin To Net: NetName=DDR_CK_P Pin=TP19-0
Added Pin To Net: NetName=DDR_CK_N Pin=TP20-0
Added Pin To Net: NetName=DDR_DQS0_P Pin=TP21-0
Added Pin To Net: NetName=DDR_DQS0_N Pin=TP22-0
Added Pin To Net: NetName=DDR_DQS1_P Pin=TP23-0
Added Pin To Net: NetName=DDR_DQS1_N Pin=TP24-0
Added Pin To Net: NetName=GND Pin=TP25-0
Added Pin To Net: NetName=GND Pin=TP26-0
Added Pin To Net: NetName=GND Pin=TP27-0
Added Pin To Net: NetName=GND Pin=TP28-0
Add Pin To Net: Unknown Pin: Pin U25-1
Add Pin To Net: Unknown Pin: Pin U25-2
Add Pin To Net: Unknown Pin: Pin U25-3
Add Pin To Net: Unknown Pin: Pin U25-4
Add Pin To Net: Unknown Pin: Pin U25-5
Add Pin To Net: Unknown Pin: Pin U25-6
Add Pin To Net: Unknown Pin: Pin U25-7
Add Pin To Net: Unknown Pin: Pin U25-8
Add Pin To Net: Unknown Pin: Pin U25-9
Add Pin To Net: Unknown Pin: Pin U26-1
Add Pin To Net: Unknown Pin: Pin U26-2
Add Pin To Net: Unknown Pin: Pin U26-3
Add Pin To Net: Unknown Pin: Pin U26-4
Add Pin To Net: Unknown Pin: Pin U26-5
Add Pin To Net: Unknown Pin: Pin U26-6
Add Pin To Net: Unknown Pin: Pin U26-7
Add Pin To Net: Unknown Pin: Pin U26-8
Add Pin To Net: Unknown Pin: Pin U26-9
Add Pin To Net: Unknown Pin: Pin U27-1
Add Pin To Net: Unknown Pin: Pin U27-2
Add Pin To Net: Unknown Pin: Pin U27-3
Add Pin To Net: Unknown Pin: Pin U27-4
Add Pin To Net: Unknown Pin: Pin U27-5
Add Pin To Net: Unknown Pin: Pin U27-6
Add Pin To Net: Unknown Pin: Pin U27-7
Add Pin To Net: Unknown Pin: Pin U27-8
Add Pin To Net: Unknown Pin: Pin U27-9
Add Pin To Net: Unknown Pin: Pin U28-1
Add Pin To Net: Unknown Pin: Pin U28-2
Add Pin To Net: Unknown Pin: Pin U28-3
Add Pin To Net: Unknown Pin: Pin U28-4
Add Pin To Net: Unknown Pin: Pin U28-5
Add Pin To Net: Unknown Pin: Pin U28-6
Add Pin To Net: Unknown Pin: Pin U28-7
Add Pin To Net: Unknown Pin: Pin U28-8
Add Pin To Net: Unknown Pin: Pin U28-9
Added Pin To Net: NetName=GND Pin=U29-A1
Added Pin To Net: NetName=TDO_PC29 Pin=U29-A2
Added Pin To Net: NetName=NetR300_2 Pin=U29-A3
Added Pin To Net: NetName=USBB_P Pin=U29-A4
Added Pin To Net: NetName=GND Pin=U29-A5
Added Pin To Net: NetName=USBC_P Pin=U29-A6
Added Pin To Net: NetName=_PC2 Pin=U29-A7
Added Pin To Net: NetName=GND Pin=U29-A8
Added Pin To Net: NetName=_PC0 Pin=U29-A9
Added Pin To Net: NetName=GND Pin=U29-A11
Added Pin To Net: NetName=_PB31 Pin=U29-A13
Added Pin To Net: NetName=GND Pin=U29-A14
Added Pin To Net: NetName=GND Pin=U29-A17
Added Pin To Net: NetName=_PE2 Pin=U29-A18
Added Pin To Net: NetName=_PD22 Pin=U29-A19
Added Pin To Net: NetName=GND Pin=U29-A21
Added Pin To Net: NetName=GND Pin=U29-AA1
Added Pin To Net: NetName=DDR_ZQ Pin=U29-AA2
Added Pin To Net: NetName=DDR_D13 Pin=U29-AA3
Added Pin To Net: NetName=DDR_D9 Pin=U29-AA4
Added Pin To Net: NetName=NetC323_1 Pin=U29-AA5
Added Pin To Net: NetName=DDR_DQS1_N Pin=U29-AA6
Added Pin To Net: NetName=DDR_D12 Pin=U29-AA7
Added Pin To Net: NetName=GND Pin=U29-AA8
Added Pin To Net: NetName=NetR303_1 Pin=U29-AA9
Added Pin To Net: NetName=GND Pin=U29-AA11
Added Pin To Net: NetName=XOUT32 Pin=U29-AA13
Added Pin To Net: NetName=GND Pin=U29-AA14
Added Pin To Net: NetName=WKUP Pin=U29-AA15
Added Pin To Net: NetName=_PA13 Pin=U29-AA16
Added Pin To Net: NetName=GND Pin=U29-AA17
Added Pin To Net: NetName=_PA14 Pin=U29-AA20
Added Pin To Net: NetName=GND Pin=U29-AA21
Added Pin To Net: NetName=NTRST_PC25 Pin=U29-B1
Added Pin To Net: NetName=VDDUTMII Pin=U29-B2
Added Pin To Net: NetName=NetR299_2 Pin=U29-B3
Added Pin To Net: NetName=USBB_N Pin=U29-B4
Added Pin To Net: NetName=USBC_N Pin=U29-B6
Added Pin To Net: NetName=NetR310_2 Pin=U29-B7
Added Pin To Net: NetName=_PB30 Pin=U29-B9
Added Pin To Net: NetName=_PE5 Pin=U29-B16
Added Pin To Net: NetName=_PD18 Pin=U29-B19
Added Pin To Net: NetName=VDDCPU Pin=U29-B20
Added Pin To Net: NetName=_PA8 Pin=U29-B21
Added Pin To Net: NetName=TMS_SWDIO_PC27 Pin=U29-C1
Added Pin To Net: NetName=VDDUTMII Pin=U29-C5
Added Pin To Net: NetName=NetR301_2 Pin=U29-C6
Added Pin To Net: NetName=VDDUTMII Pin=U29-C8
Added Pin To Net: NetName=VDDSDMMC1 Pin=U29-C11
Added Pin To Net: NetName=VDD_3V3_MPU Pin=U29-C14
Added Pin To Net: NetName=_PE3 Pin=U29-C15
Added Pin To Net: NetName=NetR532_2 Pin=U29-C16
Added Pin To Net: NetName=VDD_3V3_MPU Pin=U29-C17
Added Pin To Net: NetName=_PD14 Pin=U29-C19
Added Pin To Net: NetName=_PA5 Pin=U29-C21
Added Pin To Net: NetName=_PC12 Pin=U29-D1
Added Pin To Net: NetName=NetR526_2 Pin=U29-D5
Added Pin To Net: NetName=_PC14 Pin=U29-D6
Added Pin To Net: NetName=NetR307_2 Pin=U29-D8
Added Pin To Net: NetName=GND Pin=U29-D9
Added Pin To Net: NetName=GND Pin=U29-D13
Added Pin To Net: NetName=NetR317_1 Pin=U29-D14
Added Pin To Net: NetName=_PE4 Pin=U29-D15
Added Pin To Net: NetName=_PD16 Pin=U29-D18
Added Pin To Net: NetName=NetR342_1 Pin=U29-D19
Added Pin To Net: NetName=_PA9 Pin=U29-D20
Added Pin To Net: NetName=GND Pin=U29-E1
Added Pin To Net: NetName=VDDUTMII Pin=U29-E3
Added Pin To Net: NetName=VDDANA Pin=U29-E5
Added Pin To Net: NetName=VDDANA Pin=U29-E6
Added Pin To Net: NetName=GND Pin=U29-E7
Added Pin To Net: NetName=GND Pin=U29-E15
Added Pin To Net: NetName=VDDCPU Pin=U29-E16
Added Pin To Net: NetName=VDDCPU Pin=U29-E17
Added Pin To Net: NetName=VDDCPU Pin=U29-E19
Added Pin To Net: NetName=GND Pin=U29-E21
Added Pin To Net: NetName=_PC8 Pin=U29-F1
Added Pin To Net: NetName=_PC5 Pin=U29-F2
Added Pin To Net: NetName=GND Pin=U29-F5
Added Pin To Net: NetName=VDDCORE Pin=U29-F6
Added Pin To Net: NetName=VDDUTMII Pin=U29-F7
Added Pin To Net: NetName=_PC13 Pin=U29-F8
Added Pin To Net: NetName=VDDCORE Pin=U29-F9
Added Pin To Net: NetName=VDD_3V3_MPU Pin=U29-F13
Added Pin To Net: NetName=VDDCORE Pin=U29-F15
Added Pin To Net: NetName=VDDCPU Pin=U29-F16
Added Pin To Net: NetName=GND Pin=U29-F17
Added Pin To Net: NetName=_PA11 Pin=U29-F20
Added Pin To Net: NetName=_PC3 Pin=U29-G1
Added Pin To Net: NetName=_PC9 Pin=U29-G2
Added Pin To Net: NetName=GND Pin=U29-G5
Added Pin To Net: NetName=VDDANA Pin=U29-G6
Added Pin To Net: NetName=GND Pin=U29-G7
Added Pin To Net: NetName=_PB28 Pin=U29-G10
Added Pin To Net: NetName=GND Pin=U29-G11
Added Pin To Net: NetName=_PE6 Pin=U29-G13
Added Pin To Net: NetName=GND Pin=U29-G15
Added Pin To Net: NetName=GND Pin=U29-G17
Added Pin To Net: NetName=_PD17 Pin=U29-G18
Added Pin To Net: NetName=_PA1 Pin=U29-G20
Added Pin To Net: NetName=_PB11 Pin=U29-G21
Added Pin To Net: NetName=GND Pin=U29-H1
Added Pin To Net: NetName=VDDIN33 Pin=U29-H3
Added Pin To Net: NetName=NetR302_1 Pin=U29-H4
Added Pin To Net: NetName=_PC4 Pin=U29-H5
Added Pin To Net: NetName=TDI_PC28 Pin=U29-H6
Added Pin To Net: NetName=TCK_SWCLK_PC26 Pin=U29-H7
Added Pin To Net: NetName=GND Pin=U29-H8
Added Pin To Net: NetName=_PC15 Pin=U29-H9
Added Pin To Net: NetName=_PC1 Pin=U29-H10
Added Pin To Net: NetName=_PB29 Pin=U29-H11
Added Pin To Net: NetName=NetR531_2 Pin=U29-H13
Added Pin To Net: NetName=GND Pin=U29-H14
Added Pin To Net: NetName=_PA7 Pin=U29-H16
Added Pin To Net: NetName=_PA0 Pin=U29-H17
Added Pin To Net: NetName=_PD13 Pin=U29-H18
Added Pin To Net: NetName=VDD_3V3_MPU Pin=U29-H19
Added Pin To Net: NetName=GND Pin=U29-H21
Added Pin To Net: NetName=XOUT Pin=U29-J1
Added Pin To Net: NetName=XIN Pin=U29-J2
Added Pin To Net: NetName=GND Pin=U29-J4
Added Pin To Net: NetName=VDDANA Pin=U29-J6
Added Pin To Net: NetName=NetC300_2 Pin=U29-J7
Added Pin To Net: NetName=_PC7 Pin=U29-J8
Added Pin To Net: NetName=VDDCORE Pin=U29-J9
Added Pin To Net: NetName=NetR315_1 Pin=U29-J10
Added Pin To Net: NetName=_PD28 Pin=U29-J12
Added Pin To Net: NetName=VDDCORE Pin=U29-J13
Added Pin To Net: NetName=_PA10 Pin=U29-J15
Added Pin To Net: NetName=VDDSDMMC0 Pin=U29-J16
Added Pin To Net: NetName=GND Pin=U29-J18
Added Pin To Net: NetName=_PC11 Pin=U29-K9
Added Pin To Net: NetName=_PD25 Pin=U29-K10
Added Pin To Net: NetName=GND Pin=U29-K11
Added Pin To Net: NetName=_PD23 Pin=U29-K12
Added Pin To Net: NetName=_PA4 Pin=U29-K13
Added Pin To Net: NetName=_PA6 Pin=U29-K14
Added Pin To Net: NetName=NetR313_1 Pin=U29-K15
Added Pin To Net: NetName=GND Pin=U29-L1
Added Pin To Net: NetName=VDDCORE Pin=U29-L3
Added Pin To Net: NetName=GND Pin=U29-L7
Added Pin To Net: NetName=DDR_A8 Pin=U29-L8
Added Pin To Net: NetName=DDR_A14 Pin=U29-L9
Added Pin To Net: NetName=GND Pin=U29-L11
Added Pin To Net: NetName=_PA2 Pin=U29-L13
Added Pin To Net: NetName=_PA3 Pin=U29-L14
Added Pin To Net: NetName=GND Pin=U29-L15
Added Pin To Net: NetName=VDDCORE Pin=U29-L19
Added Pin To Net: NetName=GND Pin=U29-L21
Added Pin To Net: NetName=DDR_D1 Pin=U29-M7
Added Pin To Net: NetName=DDR_D3 Pin=U29-M8
Added Pin To Net: NetName=DDR_A11 Pin=U29-M9
Added Pin To Net: NetName=_PC10 Pin=U29-M10
Added Pin To Net: NetName=NetC323_1 Pin=U29-M11
Added Pin To Net: NetName=_PB12 Pin=U29-M15
Added Pin To Net: NetName=DDR_DQM0 Pin=U29-N1
Added Pin To Net: NetName=DDR_D0 Pin=U29-N2
Added Pin To Net: NetName=GND Pin=U29-N4
Added Pin To Net: NetName=NetC322_1 Pin=U29-N6
Added Pin To Net: NetName=DDR_D7 Pin=U29-N7
Added Pin To Net: NetName=DDR_D5 Pin=U29-N8
Added Pin To Net: NetName=NetC323_1 Pin=U29-N9
Added Pin To Net: NetName=DDR_WE Pin=U29-N10
Added Pin To Net: NetName=_PD19 Pin=U29-N11
Added Pin To Net: NetName=NetC323_1 Pin=U29-N12
Added Pin To Net: NetName=VDDCORE Pin=U29-N13
Added Pin To Net: NetName=_PB14 Pin=U29-N14
Added Pin To Net: NetName=NetR386_2 Pin=U29-N15
Added Pin To Net: NetName=VDD_3V3_MPU Pin=U29-N16
Added Pin To Net: NetName=GND Pin=U29-N18
Added Pin To Net: NetName=MIPI_CK_N Pin=U29-N20
Added Pin To Net: NetName=MIPI_CK_P Pin=U29-N21
Added Pin To Net: NetName=GND Pin=U29-P1
Added Pin To Net: NetName=NetC323_1 Pin=U29-P3
Added Pin To Net: NetName=DDR_BA1 Pin=U29-P4
Added Pin To Net: NetName=DDR_A12 Pin=U29-P5
Added Pin To Net: NetName=DDR_A1 Pin=U29-P6
Added Pin To Net: NetName=DDR_A6 Pin=U29-P7
Added Pin To Net: NetName=GND Pin=U29-P8
Added Pin To Net: NetName=VDDBU Pin=U29-P11
Added Pin To Net: NetName=_PD12 Pin=U29-P12
Added Pin To Net: NetName=NetC323_1 Pin=U29-P13
Added Pin To Net: NetName=GND Pin=U29-P14
Added Pin To Net: NetName=_PB10 Pin=U29-P15
Added Pin To Net: NetName=NetR311_1 Pin=U29-P16
Added Pin To Net: NetName=_PB9 Pin=U29-P17
Added Pin To Net: NetName=MIPI_D0_P Pin=U29-P18
Added Pin To Net: NetName=VDDCORE Pin=U29-P19
Added Pin To Net: NetName=GND Pin=U29-P21
Added Pin To Net: NetName=DDR_DQS0_P Pin=U29-R1
Added Pin To Net: NetName=DDR_DQS0_N Pin=U29-R2
Added Pin To Net: NetName=DDR_D2 Pin=U29-R3
Added Pin To Net: NetName=DDR_A15 Pin=U29-R4
Added Pin To Net: NetName=GND Pin=U29-R5
Added Pin To Net: NetName=DDR_A4 Pin=U29-R6
Added Pin To Net: NetName=GND Pin=U29-R7
Added Pin To Net: NetName=DDR_BA2 Pin=U29-R8
Added Pin To Net: NetName=SHDN Pin=U29-R9
Added Pin To Net: NetName=LPM Pin=U29-R10
Added Pin To Net: NetName=GND Pin=U29-R11
Added Pin To Net: NetName=_PD15 Pin=U29-R12
Added Pin To Net: NetName=_PA30 Pin=U29-R14
Added Pin To Net: NetName=GND Pin=U29-R15
Added Pin To Net: NetName=_PB13 Pin=U29-R16
Added Pin To Net: NetName=GND Pin=U29-R17
Added Pin To Net: NetName=MIPI_D0_N Pin=U29-R18
Added Pin To Net: NetName=NetR321_2 Pin=U29-R19
Added Pin To Net: NetName=MIPI_D1_N Pin=U29-R20
Added Pin To Net: NetName=MIPI_D1_P Pin=U29-R21
Added Pin To Net: NetName=DDR_D6 Pin=U29-T1
Added Pin To Net: NetName=DDR_D4 Pin=U29-T2
Added Pin To Net: NetName=DDR_A10 Pin=U29-T3
Added Pin To Net: NetName=DDR_CK_N Pin=U29-T4
Added Pin To Net: NetName=GND Pin=U29-T5
Added Pin To Net: NetName=NetC323_1 Pin=U29-T6
Added Pin To Net: NetName=NetC323_1 Pin=U29-T7
Added Pin To Net: NetName=DDR_CAS Pin=U29-T8
Added Pin To Net: NetName=NetC323_1 Pin=U29-T9
Added Pin To Net: NetName=VDD_3V3_MPU Pin=U29-T13
Added Pin To Net: NetName=_PA28 Pin=U29-T14
Added Pin To Net: NetName=VDDANA Pin=U29-T15
Added Pin To Net: NetName=VDDANA Pin=U29-T16
Added Pin To Net: NetName=GND Pin=U29-T17
Added Pin To Net: NetName=_PB8 Pin=U29-T18
Added Pin To Net: NetName=_PB6 Pin=U29-T19
Added Pin To Net: NetName=_PB4 Pin=U29-T20
Added Pin To Net: NetName=_PB2 Pin=U29-T21
Added Pin To Net: NetName=GND Pin=U29-U1
Added Pin To Net: NetName=NetC323_1 Pin=U29-U3
Added Pin To Net: NetName=DDR_CK_P Pin=U29-U4
Added Pin To Net: NetName=NetC323_1 Pin=U29-U5
Added Pin To Net: NetName=NetC323_1 Pin=U29-U6
Added Pin To Net: NetName=GND Pin=U29-U7
Added Pin To Net: NetName=DDR_RAS Pin=U29-U8
Added Pin To Net: NetName=GND Pin=U29-U15
Added Pin To Net: NetName=VDDCORE Pin=U29-U16
Added Pin To Net: NetName=VDDCORE Pin=U29-U17
Added Pin To Net: NetName=_PB0 Pin=U29-U18
Added Pin To Net: NetName=VDDCORE Pin=U29-U19
Added Pin To Net: NetName=GND Pin=U29-U21
Added Pin To Net: NetName=DDR_RESET Pin=U29-V1
Added Pin To Net: NetName=DDR_A13 Pin=U29-V2
Added Pin To Net: NetName=DDR_CKE Pin=U29-V3
Added Pin To Net: NetName=DDR_A9 Pin=U29-V4
Added Pin To Net: NetName=DDR_A2 Pin=U29-V5
Added Pin To Net: NetName=DDR_A3 Pin=U29-V6
Added Pin To Net: NetName=DDR_CS Pin=U29-V7
Added Pin To Net: NetName=DDR_BA0 Pin=U29-V8
Added Pin To Net: NetName=GND Pin=U29-V9
Added Pin To Net: NetName=GND Pin=U29-V13
Added Pin To Net: NetName=_PA12 Pin=U29-V14
Added Pin To Net: NetName=_PA17 Pin=U29-V16
Added Pin To Net: NetName=_PB7 Pin=U29-V17
Added Pin To Net: NetName=_PB5 Pin=U29-V18
Added Pin To Net: NetName=DDR_ODT Pin=U29-W1
Added Pin To Net: NetName=DDR_A7 Pin=U29-W2
Added Pin To Net: NetName=DDR_D15 Pin=U29-W3
Added Pin To Net: NetName=DDR_A5 Pin=U29-W4
Added Pin To Net: NetName=GND Pin=U29-W5
Added Pin To Net: NetName=DDR_A0 Pin=U29-W6
Added Pin To Net: NetName=DDR_D14 Pin=U29-W7
Added Pin To Net: NetName=NetC323_1 Pin=U29-W8
Added Pin To Net: NetName=VDD_3V3_MPU Pin=U29-W14
Added Pin To Net: NetName=NetR306_1 Pin=U29-W15
Added Pin To Net: NetName=_PA26 Pin=U29-W16
Added Pin To Net: NetName=VDDCORE Pin=U29-W17
Added Pin To Net: NetName=_PA27 Pin=U29-W18
Added Pin To Net: NetName=_PA29 Pin=U29-W19
Added Pin To Net: NetName=_PA31 Pin=U29-W20
Added Pin To Net: NetName=_PB1 Pin=U29-W21
Added Pin To Net: NetName=DDR_VREF Pin=U29-Y1
Added Pin To Net: NetName=NetC323_1 Pin=U29-Y2
Added Pin To Net: NetName=DDR_D11 Pin=U29-Y3
Added Pin To Net: NetName=DDR_DQM1 Pin=U29-Y4
Added Pin To Net: NetName=DDR_DQS1_P Pin=U29-Y6
Added Pin To Net: NetName=DDR_D8 Pin=U29-Y7
Added Pin To Net: NetName=DDR_D10 Pin=U29-Y9
Added Pin To Net: NetName=XIN32 Pin=U29-Y13
Added Pin To Net: NetName=_PA18 Pin=U29-Y16
Added Pin To Net: NetName=_PA22 Pin=U29-Y18
Added Pin To Net: NetName=VDDCORE Pin=U29-Y20
Added Pin To Net: NetName=_PA20 Pin=U29-Y21
Added Pin To Net: NetName=NetR342_1 Pin=U51-1
Added Pin To Net: NetName=NetC300_2 Pin=U51-2
Added Pin To Net: NetName=GND Pin=U51-3
Added Pin To Net: NetName=5V_MAIN Pin=U51-4
Added Pin To Net: NetName=NetR343_1 Pin=U51-5
Added Pin To Net: NetName=NetR345_1 Pin=U51-6
Added Pin To Net: NetName=WKUP Pin=U51-7
Added Pin To Net: NetName=NetR335_2 Pin=U51-8
Added Pin To Net: NetName=VDD_3V3 Pin=U51-9
Added Pin To Net: NetName=5V_MAIN Pin=U51-10
Added Pin To Net: NetName=NetL7_1 Pin=U51-11
Added Pin To Net: NetName=GND Pin=U51-12
Added Pin To Net: NetName=GND Pin=U51-13
Added Pin To Net: NetName=NetL8_1 Pin=U51-14
Added Pin To Net: NetName=5V_MAIN Pin=U51-15
Added Pin To Net: NetName=VDD_1V35 Pin=U51-16
Added Pin To Net: NetName=NetR346_2 Pin=U51-18
Added Pin To Net: NetName=VLDO1 Pin=U51-19
Added Pin To Net: NetName=5V_MAIN Pin=U51-20
Added Pin To Net: NetName=VLDO2 Pin=U51-21
Added Pin To Net: NetName=NetR331_2 Pin=U51-22
Added Pin To Net: NetName=NetR333_2 Pin=U51-23
Added Pin To Net: NetName=NetU51_24 Pin=U51-24
Added Pin To Net: NetName=VDD_1V15_OUT3 Pin=U51-25
Added Pin To Net: NetName=5V_MAIN Pin=U51-26
Added Pin To Net: NetName=NetL9_1 Pin=U51-27
Added Pin To Net: NetName=GND Pin=U51-28
Added Pin To Net: NetName=GND Pin=U51-29
Added Pin To Net: NetName=NetL10_1 Pin=U51-30
Added Pin To Net: NetName=5V_MAIN Pin=U51-31
Added Pin To Net: NetName=VDD_1V15_OUT4 Pin=U51-32
Added Pin To Net: NetName=GND Pin=U51-33
Added Pin To Net: NetName=NetR337_2 Pin=U52-1
Added Pin To Net: NetName=VDD_3V3 Pin=U52-2
Added Pin To Net: NetName=GND Pin=U52-3
Added Pin To Net: NetName=NetR332_2 Pin=U52-4
Added Pin To Net: NetName=NetR334_2 Pin=U52-5
Added Pin To Net: NetName=NetR338_1 Pin=U52-6
Added Pin To Net: NetName=SENSE3_N Pin=U52-7
Added Pin To Net: NetName=SENSE3_P Pin=U52-8
Added Pin To Net: NetName=SENSE4_N Pin=U52-9
Added Pin To Net: NetName=SENSE4_P Pin=U52-10
Added Pin To Net: NetName=SENSE1_P Pin=U52-11
Added Pin To Net: NetName=SENSE1_N Pin=U52-12
Added Pin To Net: NetName=SENSE2_P Pin=U52-13
Added Pin To Net: NetName=SENSE2_N Pin=U52-14
Added Pin To Net: NetName=VDD_3V3 Pin=U52-15
Added Pin To Net: NetName=NetR336_2 Pin=U52-16
Added Pin To Net: NetName=GND Pin=U52-17
Added Pin To Net: NetName=NetC311_2 Pin=U53-A1
Added Pin To Net: NetName=DDR_D13 Pin=U53-A2
Added Pin To Net: NetName=DDR_D15 Pin=U53-A3
Added Pin To Net: NetName=DDR_D12 Pin=U53-A7
Added Pin To Net: NetName=NetC312_2 Pin=U53-A8
Added Pin To Net: NetName=GND Pin=U53-A9
Added Pin To Net: NetName=GND Pin=U53-B1
Added Pin To Net: NetName=NetC301_2 Pin=U53-B2
Added Pin To Net: NetName=GND Pin=U53-B3
Added Pin To Net: NetName=DDR_DQS1_N Pin=U53-B7
Added Pin To Net: NetName=DDR_D14 Pin=U53-B8
Added Pin To Net: NetName=GND Pin=U53-B9
Added Pin To Net: NetName=NetC313_2 Pin=U53-C1
Added Pin To Net: NetName=DDR_D11 Pin=U53-C2
Added Pin To Net: NetName=DDR_D9 Pin=U53-C3
Added Pin To Net: NetName=DDR_DQS1_P Pin=U53-C7
Added Pin To Net: NetName=DDR_D10 Pin=U53-C8
Added Pin To Net: NetName=NetC314_2 Pin=U53-C9
Added Pin To Net: NetName=GND Pin=U53-D1
Added Pin To Net: NetName=NetC315_2 Pin=U53-D2
Added Pin To Net: NetName=DDR_DQM1 Pin=U53-D3
Added Pin To Net: NetName=DDR_D8 Pin=U53-D7
Added Pin To Net: NetName=GND Pin=U53-D8
Added Pin To Net: NetName=NetC303_2 Pin=U53-D9
Added Pin To Net: NetName=GND Pin=U53-E1
Added Pin To Net: NetName=GND Pin=U53-E2
Added Pin To Net: NetName=DDR_D0 Pin=U53-E3
Added Pin To Net: NetName=DDR_DQM0 Pin=U53-E7
Added Pin To Net: NetName=GND Pin=U53-E8
Added Pin To Net: NetName=NetC316_2 Pin=U53-E9
Added Pin To Net: NetName=NetC317_2 Pin=U53-F1
Added Pin To Net: NetName=DDR_D2 Pin=U53-F2
Added Pin To Net: NetName=DDR_DQS0_P Pin=U53-F3
Added Pin To Net: NetName=DDR_D1 Pin=U53-F7
Added Pin To Net: NetName=DDR_D3 Pin=U53-F8
Added Pin To Net: NetName=GND Pin=U53-F9
Added Pin To Net: NetName=GND Pin=U53-G1
Added Pin To Net: NetName=DDR_D6 Pin=U53-G2
Added Pin To Net: NetName=DDR_DQS0_N Pin=U53-G3
Added Pin To Net: NetName=NetC304_2 Pin=U53-G7
Added Pin To Net: NetName=GND Pin=U53-G8
Added Pin To Net: NetName=GND Pin=U53-G9
Added Pin To Net: NetName=DDR_VREF Pin=U53-H1
Added Pin To Net: NetName=NetC318_2 Pin=U53-H2
Added Pin To Net: NetName=DDR_D4 Pin=U53-H3
Added Pin To Net: NetName=DDR_D7 Pin=U53-H7
Added Pin To Net: NetName=DDR_D5 Pin=U53-H8
Added Pin To Net: NetName=NetC319_2 Pin=U53-H9
Added Pin To Net: NetName=GND Pin=U53-J2
Added Pin To Net: NetName=DDR_RAS Pin=U53-J3
Added Pin To Net: NetName=DDR_CK_P Pin=U53-J7
Added Pin To Net: NetName=GND Pin=U53-J8
Added Pin To Net: NetName=DDR_ODT Pin=U53-K1
Added Pin To Net: NetName=NetC306_2 Pin=U53-K2
Added Pin To Net: NetName=DDR_CAS Pin=U53-K3
Added Pin To Net: NetName=DDR_CK_N Pin=U53-K7
Added Pin To Net: NetName=NetC305_2 Pin=U53-K8
Added Pin To Net: NetName=DDR_CKE Pin=U53-K9
Added Pin To Net: NetName=DDR_CS Pin=U53-L2
Added Pin To Net: NetName=DDR_WE Pin=U53-L3
Added Pin To Net: NetName=DDR_A10 Pin=U53-L7
Added Pin To Net: NetName=NetR539_1 Pin=U53-L8
Added Pin To Net: NetName=GND Pin=U53-M1
Added Pin To Net: NetName=DDR_BA0 Pin=U53-M2
Added Pin To Net: NetName=DDR_BA2 Pin=U53-M3
Added Pin To Net: NetName=DDR_A15 Pin=U53-M7
Added Pin To Net: NetName=DDR_VREF Pin=U53-M8
Added Pin To Net: NetName=GND Pin=U53-M9
Added Pin To Net: NetName=NetC310_2 Pin=U53-N1
Added Pin To Net: NetName=DDR_A3 Pin=U53-N2
Added Pin To Net: NetName=DDR_A0 Pin=U53-N3
Added Pin To Net: NetName=DDR_A12 Pin=U53-N7
Added Pin To Net: NetName=DDR_BA1 Pin=U53-N8
Added Pin To Net: NetName=NetC309_2 Pin=U53-N9
Added Pin To Net: NetName=GND Pin=U53-P1
Added Pin To Net: NetName=DDR_A5 Pin=U53-P2
Added Pin To Net: NetName=DDR_A2 Pin=U53-P3
Added Pin To Net: NetName=DDR_A1 Pin=U53-P7
Added Pin To Net: NetName=DDR_A4 Pin=U53-P8
Added Pin To Net: NetName=GND Pin=U53-P9
Added Pin To Net: NetName=NetC308_2 Pin=U53-R1
Added Pin To Net: NetName=DDR_A7 Pin=U53-R2
Added Pin To Net: NetName=DDR_A9 Pin=U53-R3
Added Pin To Net: NetName=DDR_A11 Pin=U53-R7
Added Pin To Net: NetName=DDR_A6 Pin=U53-R8
Added Pin To Net: NetName=NetC307_2 Pin=U53-R9
Added Pin To Net: NetName=GND Pin=U53-T1
Added Pin To Net: NetName=DDR_RESET Pin=U53-T2
Added Pin To Net: NetName=DDR_A13 Pin=U53-T3
Added Pin To Net: NetName=DDR_A14 Pin=U53-T7
Added Pin To Net: NetName=DDR_A8 Pin=U53-T8
Added Pin To Net: NetName=GND Pin=U53-T9
Added Pin To Net: NetName=PA07_XIN32 Pin=XC1-1
Added Pin To Net: NetName=PA08_XOUT32 Pin=XC1-2
Added Pin To Net: NetName=GND Pin=XC1-3
Added Pin To Net: NetName=MCU_OSCOUT Pin=XC2-1
Added Pin To Net: NetName=GND Pin=XC2-2
Added Pin To Net: NetName=MCU_OSCIN Pin=XC2-3
Added Pin To Net: NetName=GND Pin=XC2-4
Added Pin To Net: NetName=XOUT32 Pin=Y1-1
Added Pin To Net: NetName=XIN32 Pin=Y1-2
Added Pin To Net: NetName=NetQ27_3 Pin=Y2-1
Added Pin To Net: NetName=GND Pin=Y2-2
Added Pin To Net: NetName=NetR322_1 Pin=Y2-3
Added Pin To Net: NetName=VDD_3V3 Pin=Y2-4
Added Pin To Net: NetName=XOUT_24M Pin=Y3-1
Added Pin To Net: NetName=GND Pin=Y3-2
Added Pin To Net: NetName=XIN_24M Pin=Y3-3
Added Pin To Net: NetName=GND Pin=Y3-4
Added Pin To Net: NetName=VDD_3V3 Pin=Y4-1
Added Pin To Net: NetName=GND Pin=Y4-2
Added Pin To Net: NetName=NetR326_1 Pin=Y4-3
Added Pin To Net: NetName=VDD_3V3 Pin=Y4-4
Add Differential Pair: Number of nets in differential pair NetR299_2 is 1 instead of 2
Add Differential Pair: Number of nets in differential pair NetR300_2 is 1 instead of 2
Added Member To Class: ClassName=11_MCU Member=Component C15 0.1uF/10V
Added Member To Class: ClassName=11_MCU Member=Component C16 4.7pF/10V
Added Member To Class: ClassName=11_MCU Member=Component C17 4.7pF/10V
Added Member To Class: ClassName=11_MCU Member=Component C19 12pF/10V
Added Member To Class: ClassName=11_MCU Member=Component C20 12pF/10V
Added Member To Class: ClassName=17_FLOW_Sensor Member=Component C119 0.1uF/10V
Added Member To Class: ClassName=17_FLOW_Sensor Member=Component C120 0.1uF/10V
Added Member To Class: ClassName=17_FLOW_Sensor Member=Component C121 0.1uF/10V
Added Member To Class: ClassName=17_FLOW_Sensor Member=Component C122 0.1uF/10V
Added Member To Class: ClassName=17_FLOW_Sensor Member=Component C204 0.1uF/10V
Added Member To Class: ClassName=17_FLOW_Sensor Member=Component C205 0.1uF/10V
Added Member To Class: ClassName=17_FLOW_Sensor Member=Component C206 0.1uF/10V
Added Member To Class: ClassName=17_FLOW_Sensor Member=Component C207 0.1uF/10V
Added Member To Class: ClassName=11_MCU Member=Component C213 150pF/10V
Added Member To Class: ClassName=18_HD4_PUMP_2 Member=Component C214 0.1uF/10V
Added Member To Class: ClassName=11_MCU Member=Component C215 150pF/10V
Added Member To Class: ClassName=11_MCU Member=Component C216 150pF/10V
Added Member To Class: ClassName=11_MCU Member=Component C217 150pF/10V
Added Member To Class: ClassName=11_MCU Member=Component C218 150pF/10V
Added Member To Class: ClassName=11_MCU Member=Component C219 150pF/10V
Added Member To Class: ClassName=11_MCU Member=Component C220 150pF/10V
Added Member To Class: ClassName=11_MCU Member=Component C221 150pF/10V
Added Member To Class: ClassName=11_MCU Member=Component C222 0.1uF/10V
Added Member To Class: ClassName=11_MCU Member=Component C223 150pF/10V
Added Member To Class: ClassName=11_MCU Member=Component C224 0.1uF/10V
Added Member To Class: ClassName=11_MCU Member=Component C225 150pF/10V
Added Member To Class: ClassName=11_MCU Member=Component C226 150pF/10V
Added Member To Class: ClassName=11_MCU Member=Component C227 150pF/10V
Added Member To Class: ClassName=11_MCU Member=Component C228 150pF/10V
Added Member To Class: ClassName=11_MCU Member=Component C229 150pF/10V
Added Member To Class: ClassName=11_MCU Member=Component C230 150pF/10V
Added Member To Class: ClassName=11_MCU Member=Component C231 150pF/10V
Added Member To Class: ClassName=08_SAMA7G54-MPU Member=Component C232 0.1uF/10V
Added Member To Class: ClassName=08_SAMA7G54-MPU Member=Component C233 0.1uF/10V
Added Member To Class: ClassName=08_SAMA7G54-MPU Member=Component C234 0.1uF/10V
Added Member To Class: ClassName=08_SAMA7G54-MPU Member=Component C235 0.1uF/10V
Added Member To Class: ClassName=08_SAMA7G54-MPU Member=Component C236 0.1uF/10V
Added Member To Class: ClassName=08_SAMA7G54-MPU Member=Component C237 0.1uF/10V
Added Member To Class: ClassName=08_SAMA7G54-MPU Member=Component C238 0.1uF/10V
Added Member To Class: ClassName=08_SAMA7G54-MPU Member=Component C239 0.1uF/10V
Added Member To Class: ClassName=08_SAMA7G54-MPU Member=Component C240 0.1uF/10V
Added Member To Class: ClassName=08_SAMA7G54-MPU Member=Component C241 0.1uF/10V
Added Member To Class: ClassName=08_SAMA7G54-MPU Member=Component C242 0.1uF/10V
Added Member To Class: ClassName=08_SAMA7G54-MPU Member=Component C243 0.1uF/10V
Added Member To Class: ClassName=08_SAMA7G54-MPU Member=Component C244 4.7uF/10V
Added Member To Class: ClassName=08_SAMA7G54-MPU Member=Component C245 0.1uF/10V
Added Member To Class: ClassName=08_SAMA7G54-MPU Member=Component C246 0.1uF/10V
Added Member To Class: ClassName=08_SAMA7G54-MPU Member=Component C247 0.1uF/10V
Added Member To Class: ClassName=08_SAMA7G54-MPU Member=Component C248 0.1uF/10V
Added Member To Class: ClassName=08_SAMA7G54-MPU Member=Component C249 0.1uF/10V
Added Member To Class: ClassName=08_SAMA7G54-MPU Member=Component C250 0.1uF/10V
Added Member To Class: ClassName=08_SAMA7G54-MPU Member=Component C251 0.1uF/10V
Added Member To Class: ClassName=08_SAMA7G54-MPU Member=Component C252 0.1uF/10V
Added Member To Class: ClassName=08_SAMA7G54-MPU Member=Component C253 0.1uF/10V
Added Member To Class: ClassName=08_SAMA7G54-MPU Member=Component C254 0.1uF/10V
Added Member To Class: ClassName=08_SAMA7G54-MPU Member=Component C255 0.1uF/10V
Added Member To Class: ClassName=08_SAMA7G54-MPU Member=Component C256 0.1uF/10V
Added Member To Class: ClassName=08_SAMA7G54-MPU Member=Component C257 0.1uF/10V
Added Member To Class: ClassName=08_SAMA7G54-MPU Member=Component C258 0.1uF/10V
Added Member To Class: ClassName=08_SAMA7G54-MPU Member=Component C259 0.1uF/10V
Added Member To Class: ClassName=08_SAMA7G54-MPU Member=Component C260 4.7uF/10V
Added Member To Class: ClassName=08_SAMA7G54-MPU Member=Component C261 4.7uF/10V
Added Member To Class: ClassName=08_SAMA7G54-MPU Member=Component C262 0.1uF/10V
Added Member To Class: ClassName=08_SAMA7G54-MPU Member=Component C263 0.1uF/10V
Added Member To Class: ClassName=08_SAMA7G54-MPU Member=Component C264 0.1uF/10V
Added Member To Class: ClassName=08_SAMA7G54-MPU Member=Component C265 18pF/10V
Added Member To Class: ClassName=08_SAMA7G54-MPU Member=Component C266 0.1uF/10V
Added Member To Class: ClassName=08_SAMA7G54-MPU Member=Component C267 0.1uF/10V
Added Member To Class: ClassName=08_SAMA7G54-MPU Member=Component C268 0.1uF/10V
Added Member To Class: ClassName=08_SAMA7G54-MPU Member=Component C269 0.1uF/10V
Added Member To Class: ClassName=08_SAMA7G54-MPU Member=Component C270 0.1uF/10V
Added Member To Class: ClassName=08_SAMA7G54-MPU Member=Component C271 2.2uF/10V
Added Member To Class: ClassName=08_SAMA7G54-MPU Member=Component C272 18pF/10V
Added Member To Class: ClassName=08_SAMA7G54-MPU Member=Component C273 0.1uF/10V
Added Member To Class: ClassName=08_SAMA7G54-MPU Member=Component C274 4.7uF/10V
Added Member To Class: ClassName=08_SAMA7G54-MPU Member=Component C275 0.1uF/10V
Added Member To Class: ClassName=08_SAMA7G54-MPU Member=Component C276 20pF/10V
Added Member To Class: ClassName=08_SAMA7G54-MPU Member=Component C277 0.1uF/10V
Added Member To Class: ClassName=08_SAMA7G54-MPU Member=Component C278 0.1uF/10V
Added Member To Class: ClassName=08_SAMA7G54-MPU Member=Component C279 0.1uF/10V
Added Member To Class: ClassName=08_SAMA7G54-MPU Member=Component C280 20pF/10V
Added Member To Class: ClassName=08_SAMA7G54-PMIC Member=Component C281 4.7uF/10V
Added Member To Class: ClassName=08_SAMA7G54-PMIC Member=Component C282 22uF/10V
Added Member To Class: ClassName=08_SAMA7G54-PMIC Member=Component C283 4.7uF/10V
Added Member To Class: ClassName=08_SAMA7G54-PMIC Member=Component C284 4.7uF/10V
Added Member To Class: ClassName=08_SAMA7G54-PMIC Member=Component C285 0.1uF/10V
Added Member To Class: ClassName=08_SAMA7G54-PMIC Member=Component C286 0.1uF/10V
Added Member To Class: ClassName=08_SAMA7G54-PMIC Member=Component C287 4.7uF/10V
Added Member To Class: ClassName=08_SAMA7G54-PMIC Member=Component C288 22uF/10V
Added Member To Class: ClassName=08_SAMA7G54-PMIC Member=Component C289 4.7uF/10V
Added Member To Class: ClassName=08_SAMA7G54-PMIC Member=Component C290 22uF/10V
Added Member To Class: ClassName=08_SAMA7G54-PMIC Member=Component C291 4.7uF/10V
Added Member To Class: ClassName=08_SAMA7G54-PMIC Member=Component C292 22uF/10V
Added Member To Class: ClassName=08_SAMA7G54-PMIC Member=Component C293 4.7uF/10V
Added Member To Class: ClassName=08_SAMA7G54-PMIC Member=Component C294 4.7uF/10V
Added Member To Class: ClassName=08_SAMA7G54-PMIC Member=Component C295 4.7uF/10V
Added Member To Class: ClassName=08_SAMA7G54-PMIC Member=Component C296 4.7uF/10V
Added Member To Class: ClassName=08_SAMA7G54-PMIC Member=Component C297 4.7uF/10V
Added Member To Class: ClassName=08_SAMA7G54-PMIC Member=Component C298 4.7uF/10V
Added Member To Class: ClassName=08_SAMA7G54-PIO Member=Component C299 0.1uF/10V
Added Member To Class: ClassName=08_SAMA7G54-PIO Member=Component C300 0.1uF/10V
Added Member To Class: ClassName=08_SAMA7G54-DDR3 Member=Component C301 4.7uF/10V
Added Member To Class: ClassName=08_SAMA7G54-DDR3 Member=Component C302 0.1uF/10V
Added Member To Class: ClassName=08_SAMA7G54-DDR3 Member=Component C303 0.1uF/10V
Added Member To Class: ClassName=08_SAMA7G54-DDR3 Member=Component C304 0.1uF/10V
Added Member To Class: ClassName=08_SAMA7G54-DDR3 Member=Component C305 0.1uF/10V
Added Member To Class: ClassName=08_SAMA7G54-DDR3 Member=Component C306 0.1uF/10V
Added Member To Class: ClassName=08_SAMA7G54-DDR3 Member=Component C307 0.1uF/10V
Added Member To Class: ClassName=08_SAMA7G54-DDR3 Member=Component C308 0.1uF/10V
Added Member To Class: ClassName=08_SAMA7G54-DDR3 Member=Component C309 0.1uF/10V
Added Member To Class: ClassName=08_SAMA7G54-DDR3 Member=Component C310 0.1uF/10V
Added Member To Class: ClassName=08_SAMA7G54-DDR3 Member=Component C311 0.1uF/10V
Added Member To Class: ClassName=08_SAMA7G54-DDR3 Member=Component C312 0.1uF/10V
Added Member To Class: ClassName=08_SAMA7G54-DDR3 Member=Component C313 0.1uF/10V
Added Member To Class: ClassName=08_SAMA7G54-DDR3 Member=Component C314 0.1uF/10V
Added Member To Class: ClassName=08_SAMA7G54-DDR3 Member=Component C315 0.1uF/10V
Added Member To Class: ClassName=08_SAMA7G54-DDR3 Member=Component C316 0.1uF/10V
Added Member To Class: ClassName=08_SAMA7G54-DDR3 Member=Component C317 0.1uF/10V
Added Member To Class: ClassName=08_SAMA7G54-DDR3 Member=Component C318 0.1uF/10V
Added Member To Class: ClassName=08_SAMA7G54-DDR3 Member=Component C319 0.1uF/10V
Added Member To Class: ClassName=08_SAMA7G54-DDR3 Member=Component C320 4.7uF/10V
Added Member To Class: ClassName=08_SAMA7G54-DDR3 Member=Component C321 0.1uF/10V
Added Member To Class: ClassName=08_SAMA7G54-DDR3 Member=Component C322 0.1uF/10V
Added Member To Class: ClassName=08_SAMA7G54-DDR3 Member=Component C323 0.1uF/10V
Added Member To Class: ClassName=08_SAMA7G54-DDR3 Member=Component C324 0.1uF/10V
Added Member To Class: ClassName=08_SAMA7G54-DDR3 Member=Component C325 0.1uF/10V
Added Member To Class: ClassName=08_SAMA7G54-DDR3 Member=Component C326 0.1uF/10V
Added Member To Class: ClassName=08_SAMA7G54-DDR3 Member=Component C327 0.1uF/10V
Added Member To Class: ClassName=08_SAMA7G54-DDR3 Member=Component C328 0.1uF/10V
Added Member To Class: ClassName=08_SAMA7G54-DDR3 Member=Component C329 0.1uF/10V
Added Member To Class: ClassName=08_SAMA7G54-DDR3 Member=Component C330 0.1uF/10V
Added Member To Class: ClassName=08_SAMA7G54-DDR3 Member=Component C331 0.1uF/10V
Added Member To Class: ClassName=08_SAMA7G54-DDR3 Member=Component C332 0.1uF/10V
Added Member To Class: ClassName=08_SAMA7G54-DDR3 Member=Component C333 4.7uF/10V
Added Member To Class: ClassName=08_SAMA7G54-DDR3 Member=Component C334 0.1uF/10V
Added Member To Class: ClassName=08_SAMA7G54-DDR3 Member=Component C335 0.1uF/10V
Added Member To Class: ClassName=08_SAMA7G54-DDR3 Member=Component C336 0.1uF/10V
Added Member To Class: ClassName=08_SAMA7G54-DDR3 Member=Component C337 0.1uF/10V
Added Member To Class: ClassName=08_SAMA7G54-DDR3 Member=Component C338 0.1uF/10V
Added Member To Class: ClassName=08_SAMA7G54-DDR3 Member=Component C339 0.1uF/10V
Added Member To Class: ClassName=08_SAMA7G54-DDR3 Member=Component C340 4.7uF/10V
Added Member To Class: ClassName=08_SAMA7G54-DDR3 Member=Component C341 0.1uF/10V
Added Member To Class: ClassName=08_SAMA7G54-DDR3 Member=Component C342 0.1uF/10V
Added Member To Class: ClassName=11_MCU Member=Component DS11 BLUE
Added Member To Class: ClassName=08_SAMA7G54-PIO Member=Component DS12 GREEN
Added Member To Class: ClassName=08_SAMA7G54-PIO Member=Component DS13 BLUE
Added Member To Class: ClassName=08_SAMA7G54-PIO Member=Component J25 Header 8x1
Added Member To Class: ClassName=08_SAMA7G54-PMIC Member=Component L7 Inductor
Added Member To Class: ClassName=08_SAMA7G54-PMIC Member=Component L8 Inductor
Added Member To Class: ClassName=08_SAMA7G54-PMIC Member=Component L9 Inductor
Added Member To Class: ClassName=08_SAMA7G54-PMIC Member=Component L10 Inductor
Added Member To Class: ClassName=08_SAMA7G54-PMIC Member=Component Q27 Transistor MOS-N GSD
Added Member To Class: ClassName=11_MCU Member=Component R18 22R
Added Member To Class: ClassName=11_MCU Member=Component R18 22R
Added Member To Class: ClassName=11_MCU Member=Component R25 22R
Added Member To Class: ClassName=11_MCU Member=Component R25 22R
Added Member To Class: ClassName=11_MCU Member=Component R26 22R
Added Member To Class: ClassName=11_MCU Member=Component R26 22R
Added Member To Class: ClassName=11_MCU Member=Component R61 10k
Added Member To Class: ClassName=11_MCU Member=Component R62 22R
Added Member To Class: ClassName=11_MCU Member=Component R63 0R
Added Member To Class: ClassName=11_MCU Member=Component R109 10M
Added Member To Class: ClassName=11_MCU Member=Component R277 22R
Added Member To Class: ClassName=11_MCU Member=Component R278 22R
Added Member To Class: ClassName=11_MCU Member=Component R279 22R
Added Member To Class: ClassName=11_MCU Member=Component R280 22R
Added Member To Class: ClassName=11_MCU Member=Component R281 22R
Added Member To Class: ClassName=11_MCU Member=Component R282 22R
Added Member To Class: ClassName=11_MCU Member=Component R283 22R
Added Member To Class: ClassName=11_MCU Member=Component R284 22R
Added Member To Class: ClassName=11_MCU Member=Component R285 4.7k
Added Member To Class: ClassName=11_MCU Member=Component R286 22R
Added Member To Class: ClassName=13_MRAM_RTC_WDT Member=Component R287 4.7k
Added Member To Class: ClassName=13_MRAM_RTC_WDT Member=Component R288 4.7k
Added Member To Class: ClassName=17_I2C_Sensor_OnBoard Member=Component R289 DNP/4.7k
Added Member To Class: ClassName=17_I2C_Sensor_OnBoard Member=Component R290 4.7k
Added Member To Class: ClassName=17_I2C_Sensor_OnBoard Member=Component R295 4.7k
Added Member To Class: ClassName=17_I2C_Sensor_OnBoard Member=Component R296 4.7k
Added Member To Class: ClassName=17_I2C_Sensor_OnBoard Member=Component R297 DNP/4.7k
Added Member To Class: ClassName=11_MCU Member=Component R298 2.2k
Added Member To Class: ClassName=08_SAMA7G54-MPU Member=Component R299 22R
Added Member To Class: ClassName=08_SAMA7G54-MPU Member=Component R300 22R
Added Member To Class: ClassName=08_SAMA7G54-MPU Member=Component R301 200R
Added Member To Class: ClassName=08_SAMA7G54-MPU Member=Component R302 10k
Added Member To Class: ClassName=08_SAMA7G54-MPU Member=Component R303 DNP/10k
Added Member To Class: ClassName=08_SAMA7G54-PIO Member=Component R485 22R
Added Member To Class: ClassName=08_SAMA7G54-PIO Member=Component R486 22R
Added Member To Class: ClassName=08_SAMA7G54-PIO Member=Component R487 22R
Added Member To Class: ClassName=08_SAMA7G54-PIO Member=Component R488 DNP/10k
Added Member To Class: ClassName=08_SAMA7G54-PIO Member=Component R505 DNP/10k
Added Member To Class: ClassName=08_SAMA7G54-PIO Member=Component R506 DNP/10k
Added Member To Class: ClassName=08_SAMA7G54-PIO Member=Component R507 DNP/10k
Added Member To Class: ClassName=08_SAMA7G54-PIO Member=Component R508 DNP/10k
Added Member To Class: ClassName=08_SAMA7G54-PIO Member=Component R509 DNP/10k
Added Member To Class: ClassName=08_SAMA7G54-PIO Member=Component R510 22R
Added Member To Class: ClassName=08_SAMA7G54-PIO Member=Component R511 22R
Added Member To Class: ClassName=08_SAMA7G54-PIO Member=Component R512 22R
Added Member To Class: ClassName=08_SAMA7G54-PIO Member=Component R513 22R
Added Member To Class: ClassName=08_SAMA7G54-PIO Member=Component R514 22R
Added Member To Class: ClassName=08_SAMA7G54-PIO Member=Component R515 22R
Added Member To Class: ClassName=08_SAMA7G54-PIO Member=Component R516 22R
Added Member To Class: ClassName=08_SAMA7G54-PIO Member=Component R517 22R
Added Member To Class: ClassName=08_SAMA7G54-PIO Member=Component R518 22R
Added Member To Class: ClassName=08_SAMA7G54-PIO Member=Component R519 22R
Added Member To Class: ClassName=08_SAMA7G54-PIO Member=Component R520 22R
Added Member To Class: ClassName=08_SAMA7G54-PIO Member=Component R521 22R
Added Member To Class: ClassName=08_SAMA7G54-PIO Member=Component R522 22R
Added Member To Class: ClassName=08_SAMA7G54-PIO Member=Component R523 22R
Added Member To Class: ClassName=08_SAMA7G54-PIO Member=Component R524 22R
Added Member To Class: ClassName=08_SAMA7G54-PIO Member=Component R525 22R
Added Member To Class: ClassName=08_SAMA7G54-PIO Member=Component R526 22R
Added Member To Class: ClassName=08_SAMA7G54-PIO Member=Component R527 22R
Added Member To Class: ClassName=08_SAMA7G54-PIO Member=Component R528 22R
Added Member To Class: ClassName=08_SAMA7G54-PIO Member=Component R529 22R
Added Member To Class: ClassName=08_SAMA7G54-PIO Member=Component R530 22R
Added Member To Class: ClassName=08_SAMA7G54-PIO Member=Component R531 22R
Added Member To Class: ClassName=08_SAMA7G54-PIO Member=Component R532 22R
Added Member To Class: ClassName=08_SAMA7G54-PIO Member=Component R533 DNP/100k
Added Member To Class: ClassName=08_SAMA7G54-PIO Member=Component R534 10k
Added Member To Class: ClassName=08_SAMA7G54-PIO Member=Component R535 10k
Added Member To Class: ClassName=08_SAMA7G54-PIO Member=Component R536 10k
Added Member To Class: ClassName=08_SAMA7G54-PIO Member=Component R537 2.2k
Added Member To Class: ClassName=08_SAMA7G54-PIO Member=Component R538 2.2k
Added Member To Class: ClassName=08_SAMA7G54-DDR3 Member=Component R539 240R
Added Member To Class: ClassName=08_SAMA7G54-DDR3 Member=Component R540 100k
Added Member To Class: ClassName=08_SAMA7G54-DDR3 Member=Component R541 240R
Added Member To Class: ClassName=08_SAMA7G54-DDR3 Member=Component R542 1k
Added Member To Class: ClassName=08_SAMA7G54-DDR3 Member=Component R543 1k
Added Member To Class: ClassName=08_SAMA7G54-MPU Member=Component TP3
Added Member To Class: ClassName=08_SAMA7G54-MPU Member=Component TP4
Added Member To Class: ClassName=08_SAMA7G54-MPU Member=Component TP5
Added Member To Class: ClassName=08_SAMA7G54-PMIC Member=Component TP6
Added Member To Class: ClassName=08_SAMA7G54-PMIC Member=Component TP7
Added Member To Class: ClassName=08_SAMA7G54-PMIC Member=Component TP8
Added Member To Class: ClassName=08_SAMA7G54-PMIC Member=Component TP9
Added Member To Class: ClassName=08_SAMA7G54-PMIC Member=Component TP10
Added Member To Class: ClassName=08_SAMA7G54-PMIC Member=Component TP11
Added Member To Class: ClassName=08_SAMA7G54-PMIC Member=Component TP12
Added Member To Class: ClassName=08_SAMA7G54-PMIC Member=Component TP13
Added Member To Class: ClassName=08_SAMA7G54-PMIC Member=Component TP14
Added Member To Class: ClassName=08_SAMA7G54-PMIC Member=Component TP15
Added Member To Class: ClassName=08_SAMA7G54-PMIC Member=Component TP16
Added Member To Class: ClassName=08_SAMA7G54-DDR3 Member=Component TP17
Added Member To Class: ClassName=08_SAMA7G54-DDR3 Member=Component TP18
Added Member To Class: ClassName=08_SAMA7G54-DDR3 Member=Component TP19
Added Member To Class: ClassName=08_SAMA7G54-DDR3 Member=Component TP20
Added Member To Class: ClassName=08_SAMA7G54-DDR3 Member=Component TP21
Added Member To Class: ClassName=08_SAMA7G54-DDR3 Member=Component TP22
Added Member To Class: ClassName=08_SAMA7G54-DDR3 Member=Component TP23
Added Member To Class: ClassName=08_SAMA7G54-DDR3 Member=Component TP24
Added Member To Class: ClassName=08_SAMA7G54-DDR3 Member=Component TP25
Added Member To Class: ClassName=08_SAMA7G54-DDR3 Member=Component TP26
Added Member To Class: ClassName=08_SAMA7G54-DDR3 Member=Component TP27
Added Member To Class: ClassName=08_SAMA7G54-DDR3 Member=Component TP28
Add Class Member: Failed to add class member : Component U25 TB67H451AFNG,EL
Add Class Member: Failed to add class member : Component U26 TB67H451AFNG,EL
Add Class Member: Failed to add class member : Component U27 TB67H451AFNG,EL
Add Class Member: Failed to add class member : Component U28 TB67H451AFNG,EL
Added Member To Class: ClassName=08_SAMA7G54-PIO Member=Component U29 SAMA7G54
Added Member To Class: ClassName=08_SAMA7G54-PMIC Member=Component U51 MCP16502 QFN-32
Added Member To Class: ClassName=08_SAMA7G54-PMIC Member=Component U52 PAC1934 UQFN-16
Added Member To Class: ClassName=08_SAMA7G54-DDR3 Member=Component U53 IS43TR16512BL-125KBLI
Added Member To Class: ClassName=11_MCU Member=Component XC1 Farnell order no:1539364
Added Member To Class: ClassName=11_MCU Member=Component XC2
Added Member To Class: ClassName=08_SAMA7G54-MPU Member=Component Y1 Crystal 2 Pins
Added Member To Class: ClassName=08_SAMA7G54-MPU Member=Component Y2 DSC10xx DFN-4
Added Member To Class: ClassName=08_SAMA7G54-MPU Member=Component Y3 Crystal 4 Pins
Added Member To Class: ClassName=08_SAMA7G54-MPU Member=Component Y4 DSC60xx DFN-4_LGA-4
