Added Component: Designator=C1(CAP_C_3225X80)
Added Component: Designator=C2(CAP_C_3225X80)
Added Component: Designator=C3(CAP_C_3225X80)
Added Component: Designator=C4(CAP_C_1005X60)
Added Component: Designator=C5(CAP_C_1005X60)
Added Component: Designator=C6(CAP_C_1005X60)
Add Component: Footprint Not Found CAP_C_1608X80
Add Component: Footprint Not Found CAP_C_1608X80
Add Component: Footprint Not Found CAP_C_1608X80
Added Component: Designator=C10(TANTALUM-SMD-1206)
Add component (AddParameter): Name = "Chung_Loai"; Value = "Dán"; VariantName = "[No Variations]"
Add component (AddParameter): Name = "Don_Vi"; Value = "Con"; VariantName = "[No Variations]"
Add component (AddParameter): Name = "Kieu_Chan"; Value = ""; VariantName = "[No Variations]"
Add component (AddParameter): Name = "Ma_Hang"; Value = "MH001956"; VariantName = "[No Variations]"
Add component (AddParameter): Name = "So_Chan"; Value = "2"; VariantName = "[No Variations]"
Add component (AddParameter): Name = "Ten_Linh_Kien"; Value = "T? tantalum 477A-470uF 10V SMD7343"; VariantName = "[No Variations]"
Added Component: Designator=C11(CAP_C_2012X110)
Added Component: Designator=C12(CAP_C_3225X80)
Added Component: Designator=C13(CAP_C_3225X80)
Added Component: Designator=C14(TANTALUM-SMD-1206)
Add component (AddParameter): Name = "Chung_Loai"; Value = "Dán"; VariantName = "[No Variations]"
Add component (AddParameter): Name = "Don_Vi"; Value = "Con"; VariantName = "[No Variations]"
Add component (AddParameter): Name = "Kieu_Chan"; Value = ""; VariantName = "[No Variations]"
Add component (AddParameter): Name = "Ma_Hang"; Value = "MH001956"; VariantName = "[No Variations]"
Add component (AddParameter): Name = "So_Chan"; Value = "2"; VariantName = "[No Variations]"
Add component (AddParameter): Name = "Ten_Linh_Kien"; Value = "T? tantalum 477A-470uF 10V SMD7343"; VariantName = "[No Variations]"
Add Component: Footprint Not Found CAP_C_1608X80
Add Component: Footprint Not Found CAP_C_1608X80
Added Component: Designator=C17(CAP_C_1005X60)
Added Component: Designator=C18(CAP_C_1005X60)
Added Component: Designator=C19(CAP_C_1005X60)
Added Component: Designator=C20(CAP_C_1005X60)
Added Component: Designator=C21(CAP_C_1005X60)
Added Component: Designator=C22(CAP_C_1005X60)
Added Component: Designator=C23(CAP_C_2012X110)
Added Component: Designator=C24(CAP_C_2012X110)
Added Component: Designator=C25(CAP_C_1005X60)
Added Component: Designator=C26(CAP_C_1005X60)
Added Component: Designator=C27(CAP_C_1005X60)
Added Component: Designator=C28(CAP_C_1005X60)
Added Component: Designator=C29(CAP_C_1005X60)
Added Component: Designator=C30(CAP_C_1005X60)
Added Component: Designator=C31(CAP_C_1005X60)
Added Component: Designator=C32(CAP_C_1005X60)
Added Component: Designator=C33(CAP_C_1005X60)
Added Component: Designator=C34(CAP_C_1005X60)
Added Component: Designator=C35(CAP_C_1005X60)
Added Component: Designator=C36(CAP_C_1005X60)
Added Component: Designator=C37(CAP_C_1005X60)
Added Component: Designator=C38(CAP_C_1005X60)
Added Component: Designator=C39(CAP_C_1005X60)
Added Component: Designator=C40(CAP_C_1005X60)
Added Component: Designator=C41(CAP_C_1005X60)
Added Component: Designator=C42(CAP_C_1005X60)
Added Component: Designator=C43(CAP_C_1608X80)
Added Component: Designator=C44(CAP_C_1005X60)
Added Component: Designator=C45(CAP_C_1005X60)
Added Component: Designator=C46(CAP_C_1005X60)
Added Component: Designator=C47(CAP_C_1005X60)
Added Component: Designator=C48(CAP_C_1005X60)
Added Component: Designator=C49(CAP_C_1608X80)
Added Component: Designator=C50(CAP_C_1608X80)
Added Component: Designator=C51(CAP_C_1005X60)
Added Component: Designator=C52(CAP_C_1005X60)
Added Component: Designator=C53(CAP_C_1608X80)
Added Component: Designator=C54(CAP_C_1608X80)
Added Component: Designator=C55(CAP_C_1005X60)
Added Component: Designator=C56(CAP_C_1005X60)
Added Component: Designator=C57(CAP_C_1005X60)
Added Component: Designator=C58(CAP_C_1005X60)
Added Component: Designator=C59(CAP_C_1005X60)
Added Component: Designator=C60(CAP_C_1005X60)
Added Component: Designator=C61(CAP_C_1005X60)
Added Component: Designator=C62(CAP_C_1005X60)
Added Component: Designator=C63(CAP_C_1005X60)
Added Component: Designator=C64(CAP_C_1005X60)
Added Component: Designator=C65(CAP_C_1005X60)
Added Component: Designator=C66(CAP_C_1005X60)
Added Component: Designator=C67(CAP_C_1005X60)
Added Component: Designator=C68(CAP_C_1005X60)
Added Component: Designator=C69(CAP_C_1005X60)
Added Component: Designator=C70(CAP_C_1005X60)
Added Component: Designator=C71(CAP_C_1608X80)
Added Component: Designator=C72(CAP_C_1608X80)
Added Component: Designator=C73(CAP_C_1005X60)
Added Component: Designator=C74(CAP_C_1005X60)
Added Component: Designator=C75(CAP_C_1608X80)
Added Component: Designator=C76(CAP_C_1608X80)
Added Component: Designator=C77(CAP_C_1005X60)
Added Component: Designator=C78(CAP_C_1005X60)
Added Component: Designator=C79(CAP_C_1005X60)
Added Component: Designator=C80(CAP_C_1005X60)
Added Component: Designator=C81(CAP_C_1005X60)
Added Component: Designator=C82(CAP_C_1005X60)
Added Component: Designator=C83(CAP_C_1005X60)
Added Component: Designator=C84(CAP_C_1005X60)
Added Component: Designator=C85(CAP_C_1005X60)
Added Component: Designator=C86(CAP_C_1005X60)
Added Component: Designator=C87(CAP_C_1005X60)
Added Component: Designator=C88(CAP_C_1005X60)
Added Component: Designator=C89(CAP_C_1005X60)
Added Component: Designator=C90(CAP_C_1005X60)
Added Component: Designator=C91(CAP_C_1005X60)
Added Component: Designator=C92(CAP_C_1005X60)
Added Component: Designator=C93(CAP_C_1005X60)
Added Component: Designator=C94(CAP_C_1005X60)
Added Component: Designator=C95(CAP_C_1005X60)
Added Component: Designator=C96(CAP_C_1005X60)
Added Component: Designator=C97(CAP_C_1005X60)
Added Component: Designator=C98(CAP_C_1005X60)
Added Component: Designator=C99(CAP_C_1005X60)
Added Component: Designator=C100(CAP_C_1005X60)
Added Component: Designator=C101(CAP_C_1005X60)
Added Component: Designator=C102(CAP_C_1005X60)
Added Component: Designator=C103(CAP_C_1005X60)
Added Component: Designator=C104(CAP_C_1005X60)
Added Component: Designator=C105(CAP_C_1005X60)
Added Component: Designator=C106(CAP_C_1005X60)
Added Component: Designator=C107(CAP_C_1005X60)
Added Component: Designator=C108(CAP_C_1005X60)
Added Component: Designator=C109(CAP_C_1005X60)
Added Component: Designator=C110(CAP_C_1005X60)
Added Component: Designator=C111(CAP_C_1005X60)
Added Component: Designator=C112(CAP_C_1005X60)
Added Component: Designator=C113(CAP_C_1005X60)
Added Component: Designator=C114(CAP_C_1005X60)
Added Component: Designator=C115(CAP_C_1005X60)
Added Component: Designator=C116(CAP_C_1005X60)
Added Component: Designator=C117(CAP_C_1005X60)
Added Component: Designator=C118(CAP_C_1005X60)
Added Component: Designator=C119(CAP_C_1005X60)
Added Component: Designator=C120(CAP_C_1005X60)
Added Component: Designator=C121(CAP_C_1005X60)
Added Component: Designator=C122(CAP_C_1005X60)
Added Component: Designator=C123(CAP_C_1005X60)
Added Component: Designator=C124(CAP_C_1005X60)
Added Component: Designator=C125(CAP_C_1005X60)
Added Component: Designator=C126(CAP_C_1005X60)
Added Component: Designator=C127(CAP_C_1005X60)
Added Component: Designator=C128(CAP_C_1005X60)
Added Component: Designator=C129(CAP_C_1005X60)
Added Component: Designator=C130(CAP_C_1005X60)
Added Component: Designator=C131(CAP_C_1005X60)
Added Component: Designator=C132(CAP_C_1608X80)
Added Component: Designator=C133(CAP_C_1608X80)
Added Component: Designator=C134(CAP_C_1005X60)
Added Component: Designator=C135(CAP_C_1005X60)
Added Component: Designator=C136(CAP_C_1005X60)
Added Component: Designator=C137(CAP_C_1005X60)
Added Component: Designator=C138(CAP_C_1005X60)
Added Component: Designator=C139(CAP_C_1005X60)
Added Component: Designator=C140(CAP_C_1005X60)
Added Component: Designator=C141(CAP_C_1005X60)
Added Component: Designator=C142(CAP_C_1005X60)
Added Component: Designator=C143(CAP_C_1005X60)
Added Component: Designator=C144(CAP_C_3225X80)
Added Component: Designator=C145(CAP_C_3225X80)
Added Component: Designator=C146(CAP_C_1005X60)
Added Component: Designator=C147(CAP_C_1005X60)
Added Component: Designator=C148(CAP_C_1005X60)
Added Component: Designator=C149(CAP_C_2012X110)
Added Component: Designator=C150(CAP_C_3225X80)
Added Component: Designator=C151(CAP_C_3225X80)
Added Component: Designator=C152(CAP_C_2012X110)
Added Component: Designator=C153(CAP_C_1005X60)
Added Component: Designator=C154(CAP_C_1005X60)
Added Component: Designator=C155(CAP_C_1005X60)
Added Component: Designator=C156(CAP_C_1005X60)
Added Component: Designator=C157(CAP_C_1005X60)
Add Component: Footprint Not Found CAP_C_1608X80
Add Component: Footprint Not Found CAP_C_1608X80
Add Component: Footprint Not Found CAP_C_1608X80
Added Component: Designator=C161(TANTALUM-SMD-1206)
Add component (AddParameter): Name = "Chung_Loai"; Value = "Dán"; VariantName = "[No Variations]"
Add component (AddParameter): Name = "Don_Vi"; Value = "Con"; VariantName = "[No Variations]"
Add component (AddParameter): Name = "Kieu_Chan"; Value = ""; VariantName = "[No Variations]"
Add component (AddParameter): Name = "Ma_Hang"; Value = "MH001956"; VariantName = "[No Variations]"
Add component (AddParameter): Name = "So_Chan"; Value = "2"; VariantName = "[No Variations]"
Add component (AddParameter): Name = "Ten_Linh_Kien"; Value = "T? tantalum 477A-470uF 10V SMD7343"; VariantName = "[No Variations]"
Added Component: Designator=C162(TANTALUM-SMD-1206)
Add component (AddParameter): Name = "Chung_Loai"; Value = "Dán"; VariantName = "[No Variations]"
Add component (AddParameter): Name = "Don_Vi"; Value = "Con"; VariantName = "[No Variations]"
Add component (AddParameter): Name = "Kieu_Chan"; Value = ""; VariantName = "[No Variations]"
Add component (AddParameter): Name = "Ma_Hang"; Value = "MH001956"; VariantName = "[No Variations]"
Add component (AddParameter): Name = "So_Chan"; Value = "2"; VariantName = "[No Variations]"
Add component (AddParameter): Name = "Ten_Linh_Kien"; Value = "T? tantalum 477A-470uF 10V SMD7343"; VariantName = "[No Variations]"
Add Component: Footprint Not Found CAP_C_1608X80
Add Component: Footprint Not Found CAP_C_1608X80
Added Component: Designator=C165(CAP_C_3225X80)
Added Component: Designator=C166(CAP_C_3225X80)
Added Component: Designator=C167(CAP_C_1005X60)
Added Component: Designator=C168(CAP_C_1005X60)
Added Component: Designator=C169(CAP_C_1005X60)
Added Component: Designator=C170(CAP_C_3225X80)
Added Component: Designator=C171(CAP_C_3225X80)
Added Component: Designator=C172(CAP_C_1005X60)
Added Component: Designator=C173(CAP_C_1005X60)
Added Component: Designator=C174(CAP_C_1005X60)
Added Component: Designator=C175(CAP_C_3225X80)
Added Component: Designator=C176(CAP_C_3225X80)
Added Component: Designator=C177(CAP_C_1005X60)
Added Component: Designator=C178(CAP_C_1005X60)
Added Component: Designator=C179(CAP_C_1005X60)
Added Component: Designator=D1(DO-214AC_SMA)
Added Component: Designator=D2(DO214-AC-SMA)
Added Component: Designator=D3(SOT95P280X145-6N)
Add component (AddParameter): Name = "Availability"; Value = "In Stock"; VariantName = "[No Variations]"
Add component (AddParameter): Name = "Check_prices"; Value = "https://www.snapeda.com/parts/USBLC6-2SC6/STMicroelectronics/view-part/?ref=eda"; VariantName = "[No Variations]"
Add component (AddParameter): Name = "MF"; Value = "STMicroelectronics"; VariantName = "[No Variations]"
Add component (AddParameter): Name = "MP"; Value = "USBLC6-2SC6"; VariantName = "[No Variations]"
Add component (AddParameter): Name = "Package"; Value = "SOT-23-6 STMicroelectronics"; VariantName = "[No Variations]"
Add component (AddParameter): Name = "Price"; Value = "None"; VariantName = "[No Variations]"
Add component (AddParameter): Name = "Purchase-URL"; Value = "https://pricing.snapeda.com/search/part/USBLC6-2SC6/?ref=eda"; VariantName = "[No Variations]"
Add component (AddParameter): Name = "SnapEDA_Link"; Value = "https://www.snapeda.com/parts/USBLC6-2SC6/STMicroelectronics/view-part/?ref=snap"; VariantName = "[No Variations]"
Add component (AddParameter): Name = "Value"; Value = ""; VariantName = "[No Variations]"
Added Component: Designator=D4(SOT95P280X145-6N)
Add component (AddParameter): Name = "Availability"; Value = "In Stock"; VariantName = "[No Variations]"
Add component (AddParameter): Name = "Check_prices"; Value = "https://www.snapeda.com/parts/USBLC6-2SC6/STMicroelectronics/view-part/?ref=eda"; VariantName = "[No Variations]"
Add component (AddParameter): Name = "MF"; Value = "STMicroelectronics"; VariantName = "[No Variations]"
Add component (AddParameter): Name = "MP"; Value = "USBLC6-2SC6"; VariantName = "[No Variations]"
Add component (AddParameter): Name = "Package"; Value = "SOT-23-6 STMicroelectronics"; VariantName = "[No Variations]"
Add component (AddParameter): Name = "Price"; Value = "None"; VariantName = "[No Variations]"
Add component (AddParameter): Name = "Purchase-URL"; Value = "https://pricing.snapeda.com/search/part/USBLC6-2SC6/?ref=eda"; VariantName = "[No Variations]"
Add component (AddParameter): Name = "SnapEDA_Link"; Value = "https://www.snapeda.com/parts/USBLC6-2SC6/STMicroelectronics/view-part/?ref=snap"; VariantName = "[No Variations]"
Add component (AddParameter): Name = "Value"; Value = ""; VariantName = "[No Variations]"
Added Component: Designator=D5(SOD3717X145N)
Add component (AddParameter): Name = "Code - JEDEC"; Value = "DO-214-AB"; VariantName = "[No Variations]"
Add component (AddParameter): Name = "Published"; Value = "8-Jun-2000"; VariantName = "[No Variations]"
Add component (AddParameter): Name = "Publisher"; Value = "Altium Limited"; VariantName = "[No Variations]"
Add component (AddParameter): Name = "Revision"; Value = "July-2002: Re-released for DXP Platform."; VariantName = "[No Variations]"
Add component (AddParameter): Name = "Value"; Value = "1N5007"; VariantName = "[No Variations]"
Added Component: Designator=D6(SOD3717X145N)
Add component (AddParameter): Name = "Code - JEDEC"; Value = "DO-214-AB"; VariantName = "[No Variations]"
Add component (AddParameter): Name = "Published"; Value = "8-Jun-2000"; VariantName = "[No Variations]"
Add component (AddParameter): Name = "Publisher"; Value = "Altium Limited"; VariantName = "[No Variations]"
Add component (AddParameter): Name = "Revision"; Value = "July-2002: Re-released for DXP Platform."; VariantName = "[No Variations]"
Add component (AddParameter): Name = "Value"; Value = "1N5007"; VariantName = "[No Variations]"
Added Component: Designator=D7(SOD3717X145N)
Add component (AddParameter): Name = "Code - JEDEC"; Value = "DO-214-AB"; VariantName = "[No Variations]"
Add component (AddParameter): Name = "Published"; Value = "8-Jun-2000"; VariantName = "[No Variations]"
Add component (AddParameter): Name = "Publisher"; Value = "Altium Limited"; VariantName = "[No Variations]"
Add component (AddParameter): Name = "Revision"; Value = "July-2002: Re-released for DXP Platform."; VariantName = "[No Variations]"
Add component (AddParameter): Name = "Value"; Value = "1N5007"; VariantName = "[No Variations]"
Added Component: Designator=D8(SOD3717X145N)
Add component (AddParameter): Name = "Code - JEDEC"; Value = "DO-214-AB"; VariantName = "[No Variations]"
Add component (AddParameter): Name = "Published"; Value = "8-Jun-2000"; VariantName = "[No Variations]"
Add component (AddParameter): Name = "Publisher"; Value = "Altium Limited"; VariantName = "[No Variations]"
Add component (AddParameter): Name = "Revision"; Value = "July-2002: Re-released for DXP Platform."; VariantName = "[No Variations]"
Add component (AddParameter): Name = "Value"; Value = "1N5007"; VariantName = "[No Variations]"
Added Component: Designator=D9(SOD3717X145N)
Add component (AddParameter): Name = "Code - JEDEC"; Value = "DO-214-AB"; VariantName = "[No Variations]"
Add component (AddParameter): Name = "Published"; Value = "8-Jun-2000"; VariantName = "[No Variations]"
Add component (AddParameter): Name = "Publisher"; Value = "Altium Limited"; VariantName = "[No Variations]"
Add component (AddParameter): Name = "Revision"; Value = "July-2002: Re-released for DXP Platform."; VariantName = "[No Variations]"
Add component (AddParameter): Name = "Value"; Value = "1N5007"; VariantName = "[No Variations]"
Added Component: Designator=D10(SOD3717X145N)
Add component (AddParameter): Name = "Code - JEDEC"; Value = "DO-214-AB"; VariantName = "[No Variations]"
Add component (AddParameter): Name = "Published"; Value = "8-Jun-2000"; VariantName = "[No Variations]"
Add component (AddParameter): Name = "Publisher"; Value = "Altium Limited"; VariantName = "[No Variations]"
Add component (AddParameter): Name = "Revision"; Value = "July-2002: Re-released for DXP Platform."; VariantName = "[No Variations]"
Add component (AddParameter): Name = "Value"; Value = "1N5007"; VariantName = "[No Variations]"
Added Component: Designator=D11(SOD3717X145N)
Add component (AddParameter): Name = "Code - JEDEC"; Value = "DO-214-AB"; VariantName = "[No Variations]"
Add component (AddParameter): Name = "Published"; Value = "8-Jun-2000"; VariantName = "[No Variations]"
Add component (AddParameter): Name = "Publisher"; Value = "Altium Limited"; VariantName = "[No Variations]"
Add component (AddParameter): Name = "Revision"; Value = "July-2002: Re-released for DXP Platform."; VariantName = "[No Variations]"
Add component (AddParameter): Name = "Value"; Value = "1N5007"; VariantName = "[No Variations]"
Added Component: Designator=D12(SOD3717X145N)
Add component (AddParameter): Name = "Code - JEDEC"; Value = "DO-214-AB"; VariantName = "[No Variations]"
Add component (AddParameter): Name = "Published"; Value = "8-Jun-2000"; VariantName = "[No Variations]"
Add component (AddParameter): Name = "Publisher"; Value = "Altium Limited"; VariantName = "[No Variations]"
Add component (AddParameter): Name = "Revision"; Value = "July-2002: Re-released for DXP Platform."; VariantName = "[No Variations]"
Add component (AddParameter): Name = "Value"; Value = "1N5007"; VariantName = "[No Variations]"
Added Component: Designator=D13(DO-214AC_SMA)
Added Component: Designator=D14(DO214-AC-SMA)
Added Component: Designator=D15(DO-214AC_SMA)
Added Component: Designator=D16(DO-214AC_SMA)
Added Component: Designator=D17(DO-214AC_SMA)
Added Component: Designator=DS1(LED-0603-BLUE)
Add component (AddParameter): Name = "Value"; Value = "LED 3 - 5 ly 2 Colour"; VariantName = "[No Variations]"
Added Component: Designator=DS2(LED-0603-BLUE)
Add component (AddParameter): Name = "Value"; Value = "LED 3 - 5 ly 2 Colour"; VariantName = "[No Variations]"
Added Component: Designator=DS3(LED-0603-BLUE)
Add component (AddParameter): Name = "Value"; Value = "LED 3 - 5 ly 2 Colour"; VariantName = "[No Variations]"
Added Component: Designator=DS4(LED-0603-BLUE)
Add component (AddParameter): Name = "Value"; Value = "LED 3 - 5 ly 2 Colour"; VariantName = "[No Variations]"
Added Component: Designator=DS5(LED-0603-BLUE)
Add component (AddParameter): Name = "Value"; Value = "LED 3 - 5 ly 2 Colour"; VariantName = "[No Variations]"
Added Component: Designator=DS6(LED-0603-BLUE)
Add component (AddParameter): Name = "Value"; Value = "LED 3 - 5 ly 2 Colour"; VariantName = "[No Variations]"
Added Component: Designator=DS7(LED-0603-BLUE)
Add component (AddParameter): Name = "Value"; Value = "LED 3 - 5 ly 2 Colour"; VariantName = "[No Variations]"
Added Component: Designator=DS8(LED-0603-BLUE)
Add component (AddParameter): Name = "Value"; Value = "LED 3 - 5 ly 2 Colour"; VariantName = "[No Variations]"
Added Component: Designator=H1(Testpoint_TH_D450H250)
Added Component: Designator=H2(HEX-M3_NoVia)
Added Component: Designator=H3(HEX-M3_NoVia)
Added Component: Designator=H4(HEX-M3_NoVia)
Added Component: Designator=H5(HEX-M3_NoVia)
Added Component: Designator=H6(Testpoint_TH_D450H250)
Added Component: Designator=H7(HEX-M3_NoVia)
Added Component: Designator=H8(HEX-M3_NoVia)
Added Component: Designator=H9(HEX-M3_NoVia)
Added Component: Designator=H10(HEX-M3_NoVia)
Added Component: Designator=H11(HEX-M3_NoVia)
Added Component: Designator=H12(HEX-M3_NoVia)
Added Component: Designator=H13(HEX-M3_NoVia)
Added Component: Designator=H14(HEX-M3_NoVia)
Added Component: Designator=H15(HEX-M3_NoVia)
Added Component: Designator=J1(MOLEX_5040500891)
Add component (AddParameter): Name = "Availability"; Value = "Unavailable"; VariantName = "[No Variations]"
Add component (AddParameter): Name = "MF"; Value = ""; VariantName = "[No Variations]"
Add component (AddParameter): Name = "MP"; Value = "5040500891"; VariantName = "[No Variations]"
Add component (AddParameter): Name = "Package"; Value = "None"; VariantName = "[No Variations]"
Add component (AddParameter): Name = "Price"; Value = "None"; VariantName = "[No Variations]"
Add component (AddParameter): Name = "Value"; Value = ""; VariantName = "[No Variations]"
Added Component: Designator=J2(MOLEX_5040500891)
Add component (AddParameter): Name = "Availability"; Value = "Unavailable"; VariantName = "[No Variations]"
Add component (AddParameter): Name = "MF"; Value = ""; VariantName = "[No Variations]"
Add component (AddParameter): Name = "MP"; Value = "5040500891"; VariantName = "[No Variations]"
Add component (AddParameter): Name = "Package"; Value = "None"; VariantName = "[No Variations]"
Add component (AddParameter): Name = "Price"; Value = "None"; VariantName = "[No Variations]"
Add component (AddParameter): Name = "Value"; Value = ""; VariantName = "[No Variations]"
Added Component: Designator=J4(MOLEX_0533980571)
Added Component: Designator=J5(MOLEX_0533980571)
Added Component: Designator=J6(MOLEX_5040500891)
Added Component: Designator=J7(MOLEX_5040500891)
Added Component: Designator=J8(MOLEX_5040500891)
Added Component: Designator=J9(MOLEX_5040500891)
Added Component: Designator=J10(MOLEX_5040500891)
Added Component: Designator=J11(MOLEX_5040500891)
Added Component: Designator=J12(MOLEX_0533980671)
Added Component: Designator=J13(MOLEX_0533980671)
Added Component: Designator=J14(MOLEX_0533980471)
Added Component: Designator=J15(47346-0001_MOL)
Add component (AddParameter): Name = "Mfr_Name"; Value = "Molex Connector Corporation"; VariantName = "[No Variations]"
Add component (AddParameter): Name = "RefDes"; Value = "RefDes"; VariantName = "[No Variations]"
Add component (AddParameter): Name = "Type"; Value = "Type"; VariantName = "[No Variations]"
Added Component: Designator=J16(Molex_1051620001)
Add component (AddParameter): Name = "Check_prices"; Value = "https://www.snapeda.com/parts/1051620001/Molex/view-part/?ref=eda"; VariantName = "[No Variations]"
Add component (AddParameter): Name = "MF"; Value = "Molex"; VariantName = "[No Variations]"
Add component (AddParameter): Name = "MP"; Value = "1051620001"; VariantName = "[No Variations]"
Add component (AddParameter): Name = "Package"; Value = "None"; VariantName = "[No Variations]"
Add component (AddParameter): Name = "SnapEDA_Link"; Value = "https://www.snapeda.com/parts/1051620001/Molex/view-part/?ref=snap"; VariantName = "[No Variations]"
Add component (AddParameter): Name = "Value"; Value = ""; VariantName = "[No Variations]"
Added Component: Designator=J17(MOLEX_0533980471)
Added Component: Designator=J18(MOLEX_0533980471)
Added Component: Designator=J19(MOLEX_5040500891)
Added Component: Designator=J20(MOLEX_0533980971)
Added Component: Designator=J21(MOLEX_0533980971)
Added Component: Designator=J22(MOLEX_0533981171)
Added Component: Designator=JP1(RES_C_1608X60)
Added Component: Designator=JP2(RES_C_1608X60)
Added Component: Designator=JP3(RES_C_1608X60)
Added Component: Designator=JP4(RES_C_1608X60)
Added Component: Designator=JP5(RES_C_1608X60)
Added Component: Designator=JP6(RES_C_1608X60)
Added Component: Designator=JP7(RES_C_1608X60)
Added Component: Designator=JP8(RES_C_1608X60)
Added Component: Designator=JP9(RES_C_1608X60)
Added Component: Designator=L1(PSM6050)
Added Component: Designator=L2(L-SMD-M-3.5x3.5x2mm)
Add component (AddParameter): Name = "ComponentLink1Description"; Value = "Manufacturer"; VariantName = "[No Variations]"
Add component (AddParameter): Name = "ComponentLink1URL"; Value = "http://www.we-online.de"; VariantName = "[No Variations]"
Add component (AddParameter): Name = "ComponentLink2Description"; Value = "Datasheet"; VariantName = "[No Variations]"
Add component (AddParameter): Name = "ComponentLink2URL"; Value = "http://katalog.we-online.de/pbs/datasheet/78477010.pdf"; VariantName = "[No Variations]"
Add component (AddParameter): Name = "Created by"; Value = "Baojun Chen"; VariantName = "[No Variations]"
Add component (AddParameter): Name = "Created Date"; Value = "Nov.2015"; VariantName = "[No Variations]"
Add component (AddParameter): Name = "Inductance"; Value = "1.0 µH"; VariantName = "[No Variations]"
Add component (AddParameter): Name = "Manufacturer"; Value = "Wurth Elektronik"; VariantName = "[No Variations]"
Add component (AddParameter): Name = "partNo"; Value = "78477010"; VariantName = "[No Variations]"
Added Component: Designator=L3(L-SMD-M-3.5x3.5x2mm)
Add component (AddParameter): Name = "ComponentLink1Description"; Value = "Manufacturer"; VariantName = "[No Variations]"
Add component (AddParameter): Name = "ComponentLink1URL"; Value = "http://www.we-online.de"; VariantName = "[No Variations]"
Add component (AddParameter): Name = "ComponentLink2Description"; Value = "Datasheet"; VariantName = "[No Variations]"
Add component (AddParameter): Name = "ComponentLink2URL"; Value = "http://katalog.we-online.de/pbs/datasheet/78477010.pdf"; VariantName = "[No Variations]"
Add component (AddParameter): Name = "Created by"; Value = "Baojun Chen"; VariantName = "[No Variations]"
Add component (AddParameter): Name = "Created Date"; Value = "Nov.2015"; VariantName = "[No Variations]"
Add component (AddParameter): Name = "Inductance"; Value = "1.0 µH"; VariantName = "[No Variations]"
Add component (AddParameter): Name = "Manufacturer"; Value = "Wurth Elektronik"; VariantName = "[No Variations]"
Add component (AddParameter): Name = "partNo"; Value = "78477010"; VariantName = "[No Variations]"
Added Component: Designator=L4(L-SMD-M-3.5x3.5x2mm)
Add component (AddParameter): Name = "ComponentLink1Description"; Value = "Manufacturer"; VariantName = "[No Variations]"
Add component (AddParameter): Name = "ComponentLink1URL"; Value = "http://www.we-online.de"; VariantName = "[No Variations]"
Add component (AddParameter): Name = "ComponentLink2Description"; Value = "Datasheet"; VariantName = "[No Variations]"
Add component (AddParameter): Name = "ComponentLink2URL"; Value = "http://katalog.we-online.de/pbs/datasheet/78477010.pdf"; VariantName = "[No Variations]"
Add component (AddParameter): Name = "Created by"; Value = "Baojun Chen"; VariantName = "[No Variations]"
Add component (AddParameter): Name = "Created Date"; Value = "Nov.2015"; VariantName = "[No Variations]"
Add component (AddParameter): Name = "Inductance"; Value = "1.0 µH"; VariantName = "[No Variations]"
Add component (AddParameter): Name = "Manufacturer"; Value = "Wurth Elektronik"; VariantName = "[No Variations]"
Add component (AddParameter): Name = "partNo"; Value = "78477010"; VariantName = "[No Variations]"
Added Component: Designator=L5(L-SMD-M-3.5x3.5x2mm)
Add component (AddParameter): Name = "ComponentLink1Description"; Value = "Manufacturer"; VariantName = "[No Variations]"
Add component (AddParameter): Name = "ComponentLink1URL"; Value = "http://www.we-online.de"; VariantName = "[No Variations]"
Add component (AddParameter): Name = "ComponentLink2Description"; Value = "Datasheet"; VariantName = "[No Variations]"
Add component (AddParameter): Name = "ComponentLink2URL"; Value = "http://katalog.we-online.de/pbs/datasheet/78477010.pdf"; VariantName = "[No Variations]"
Add component (AddParameter): Name = "Created by"; Value = "Baojun Chen"; VariantName = "[No Variations]"
Add component (AddParameter): Name = "Created Date"; Value = "Nov.2015"; VariantName = "[No Variations]"
Add component (AddParameter): Name = "Inductance"; Value = "1.0 µH"; VariantName = "[No Variations]"
Add component (AddParameter): Name = "Manufacturer"; Value = "Wurth Elektronik"; VariantName = "[No Variations]"
Add component (AddParameter): Name = "partNo"; Value = "78477010"; VariantName = "[No Variations]"
Added Component: Designator=L6(PSM6050)
Added Component: Designator=Q1(SOT95P240X120-3N)
Added Component: Designator=Q2(SOT95P240X120-3N)
Added Component: Designator=Q3(SOT95P240X120-3N)
Add component (AddParameter): Name = "Check_prices"; Value = "https://www.snapeda.com/parts/AO3400A/Alpha/view-part/?ref=eda"; VariantName = "[No Variations]"
Add component (AddParameter): Name = "MF"; Value = "Alpha & Omega Semiconductor"; VariantName = "[No Variations]"
Add component (AddParameter): Name = "MP"; Value = "AO3400A"; VariantName = "[No Variations]"
Add component (AddParameter): Name = "Package"; Value = "SOT-23 Alpha &amp; Omega Semiconductor Inc."; VariantName = "[No Variations]"
Add component (AddParameter): Name = "SnapEDA_Link"; Value = "https://www.snapeda.com/parts/AO3400A/Alpha/view-part/?ref=snap"; VariantName = "[No Variations]"
Add component (AddParameter): Name = "Value"; Value = ""; VariantName = "[No Variations]"
Added Component: Designator=Q4(SOT95P240X120-3N)
Add component (AddParameter): Name = "Check_prices"; Value = "https://www.snapeda.com/parts/AO3400A/Alpha/view-part/?ref=eda"; VariantName = "[No Variations]"
Add component (AddParameter): Name = "MF"; Value = "Alpha & Omega Semiconductor"; VariantName = "[No Variations]"
Add component (AddParameter): Name = "MP"; Value = "AO3400A"; VariantName = "[No Variations]"
Add component (AddParameter): Name = "Package"; Value = "SOT-23 Alpha &amp; Omega Semiconductor Inc."; VariantName = "[No Variations]"
Add component (AddParameter): Name = "SnapEDA_Link"; Value = "https://www.snapeda.com/parts/AO3400A/Alpha/view-part/?ref=snap"; VariantName = "[No Variations]"
Add component (AddParameter): Name = "Value"; Value = ""; VariantName = "[No Variations]"
Added Component: Designator=Q5(SOT95P240X120-3N)
Add component (AddParameter): Name = "Check_prices"; Value = "https://www.snapeda.com/parts/AO3400A/Alpha/view-part/?ref=eda"; VariantName = "[No Variations]"
Add component (AddParameter): Name = "MF"; Value = "Alpha & Omega Semiconductor"; VariantName = "[No Variations]"
Add component (AddParameter): Name = "MP"; Value = "AO3400A"; VariantName = "[No Variations]"
Add component (AddParameter): Name = "Package"; Value = "SOT-23 Alpha &amp; Omega Semiconductor Inc."; VariantName = "[No Variations]"
Add component (AddParameter): Name = "SnapEDA_Link"; Value = "https://www.snapeda.com/parts/AO3400A/Alpha/view-part/?ref=snap"; VariantName = "[No Variations]"
Add component (AddParameter): Name = "Value"; Value = ""; VariantName = "[No Variations]"
Added Component: Designator=Q6(SOT95P240X120-3N)
Add component (AddParameter): Name = "Check_prices"; Value = "https://www.snapeda.com/parts/AO3400A/Alpha/view-part/?ref=eda"; VariantName = "[No Variations]"
Add component (AddParameter): Name = "MF"; Value = "Alpha & Omega Semiconductor"; VariantName = "[No Variations]"
Add component (AddParameter): Name = "MP"; Value = "AO3400A"; VariantName = "[No Variations]"
Add component (AddParameter): Name = "Package"; Value = "SOT-23 Alpha &amp; Omega Semiconductor Inc."; VariantName = "[No Variations]"
Add component (AddParameter): Name = "SnapEDA_Link"; Value = "https://www.snapeda.com/parts/AO3400A/Alpha/view-part/?ref=snap"; VariantName = "[No Variations]"
Add component (AddParameter): Name = "Value"; Value = ""; VariantName = "[No Variations]"
Added Component: Designator=Q7(SOT95P240X120-3N)
Add component (AddParameter): Name = "Check_prices"; Value = "https://www.snapeda.com/parts/AO3400A/Alpha/view-part/?ref=eda"; VariantName = "[No Variations]"
Add component (AddParameter): Name = "MF"; Value = "Alpha & Omega Semiconductor"; VariantName = "[No Variations]"
Add component (AddParameter): Name = "MP"; Value = "AO3400A"; VariantName = "[No Variations]"
Add component (AddParameter): Name = "Package"; Value = "SOT-23 Alpha &amp; Omega Semiconductor Inc."; VariantName = "[No Variations]"
Add component (AddParameter): Name = "SnapEDA_Link"; Value = "https://www.snapeda.com/parts/AO3400A/Alpha/view-part/?ref=snap"; VariantName = "[No Variations]"
Add component (AddParameter): Name = "Value"; Value = ""; VariantName = "[No Variations]"
Added Component: Designator=Q8(SOT95P240X120-3N)
Add component (AddParameter): Name = "Check_prices"; Value = "https://www.snapeda.com/parts/AO3400A/Alpha/view-part/?ref=eda"; VariantName = "[No Variations]"
Add component (AddParameter): Name = "MF"; Value = "Alpha & Omega Semiconductor"; VariantName = "[No Variations]"
Add component (AddParameter): Name = "MP"; Value = "AO3400A"; VariantName = "[No Variations]"
Add component (AddParameter): Name = "Package"; Value = "SOT-23 Alpha &amp; Omega Semiconductor Inc."; VariantName = "[No Variations]"
Add component (AddParameter): Name = "SnapEDA_Link"; Value = "https://www.snapeda.com/parts/AO3400A/Alpha/view-part/?ref=snap"; VariantName = "[No Variations]"
Add component (AddParameter): Name = "Value"; Value = ""; VariantName = "[No Variations]"
Added Component: Designator=Q9(SOT95P240X120-3N)
Add component (AddParameter): Name = "Check_prices"; Value = "https://www.snapeda.com/parts/AO3400A/Alpha/view-part/?ref=eda"; VariantName = "[No Variations]"
Add component (AddParameter): Name = "MF"; Value = "Alpha & Omega Semiconductor"; VariantName = "[No Variations]"
Add component (AddParameter): Name = "MP"; Value = "AO3400A"; VariantName = "[No Variations]"
Add component (AddParameter): Name = "Package"; Value = "SOT-23 Alpha &amp; Omega Semiconductor Inc."; VariantName = "[No Variations]"
Add component (AddParameter): Name = "SnapEDA_Link"; Value = "https://www.snapeda.com/parts/AO3400A/Alpha/view-part/?ref=snap"; VariantName = "[No Variations]"
Add component (AddParameter): Name = "Value"; Value = ""; VariantName = "[No Variations]"
Added Component: Designator=Q10(SOT95P240X120-3N)
Add component (AddParameter): Name = "Check_prices"; Value = "https://www.snapeda.com/parts/AO3400A/Alpha/view-part/?ref=eda"; VariantName = "[No Variations]"
Add component (AddParameter): Name = "MF"; Value = "Alpha & Omega Semiconductor"; VariantName = "[No Variations]"
Add component (AddParameter): Name = "MP"; Value = "AO3400A"; VariantName = "[No Variations]"
Add component (AddParameter): Name = "Package"; Value = "SOT-23 Alpha &amp; Omega Semiconductor Inc."; VariantName = "[No Variations]"
Add component (AddParameter): Name = "SnapEDA_Link"; Value = "https://www.snapeda.com/parts/AO3400A/Alpha/view-part/?ref=snap"; VariantName = "[No Variations]"
Add component (AddParameter): Name = "Value"; Value = ""; VariantName = "[No Variations]"
Added Component: Designator=R1(RES_C_1005X40)
Added Component: Designator=R2(RES_C_1005X40)
Added Component: Designator=R3(RES_C_1005X40)
Added Component: Designator=R4(RES_C_1005X40)
Added Component: Designator=R5(RES_C_1005X40)
Added Component: Designator=R6(RES_C_1005X40)
Add Component: Footprint Not Found RES_C_1608X60
Add Component: Footprint Not Found RES_C_1608X60
Add Component: Footprint Not Found RES_C_1608X60
Add Component: Footprint Not Found RES_C_1608X60
Added Component: Designator=R11(RES_C_1005X40)
Added Component: Designator=R12(RES_C_1005X40)
Added Component: Designator=R13(RES_C_1005X40)
Added Component: Designator=R14(RES_C_1005X40)
Added Component: Designator=R15(RES_C_1005X40)
Added Component: Designator=R16(RES_C_1005X40)
Added Component: Designator=R17(RES_C_1005X40)
Added Component: Designator=R18(RES_C_1005X40)
Added Component: Designator=R19(RES_C_1005X40)
Added Component: Designator=R20(RES_C_1005X40)
Added Component: Designator=R21(RES_C_1005X40)
Added Component: Designator=R22(RES_C_1005X40)
Added Component: Designator=R23(RES_C_1005X40)
Added Component: Designator=R24(RES_C_1005X40)
Added Component: Designator=R25(RES_C_1005X40)
Added Component: Designator=R26(RES_C_1005X40)
Added Component: Designator=R27(RES_C_1005X40)
Added Component: Designator=R28(RES_C_1005X40)
Added Component: Designator=R29(RES_C_1005X40)
Added Component: Designator=R30(RES_C_1005X40)
Added Component: Designator=R31(RES_C_1005X40)
Added Component: Designator=R32(RES_C_1005X40)
Added Component: Designator=R33(RES_C_1005X40)
Added Component: Designator=R34(RES_C_1005X40)
Added Component: Designator=R35(RES_C_1005X40)
Added Component: Designator=R36(RES_C_1005X40)
Added Component: Designator=R37(RES_C_1005X40)
Added Component: Designator=R38(RES_C_1005X40)
Added Component: Designator=R39(RES_C_1005X40)
Added Component: Designator=R40(RES_C_1005X40)
Added Component: Designator=R41(RES_C_1005X40)
Added Component: Designator=R42(RES_C_1005X40)
Added Component: Designator=R43(RES_C_1005X40)
Added Component: Designator=R44(RES_C_1005X40)
Added Component: Designator=R45(RES_C_1005X40)
Added Component: Designator=R46(RES_C_1005X40)
Added Component: Designator=R47(RES_C_1005X40)
Added Component: Designator=R48(RES_C_1005X40)
Added Component: Designator=R49(RES_C_1005X40)
Added Component: Designator=R50(RES_C_1005X40)
Added Component: Designator=R51(RES_C_1005X40)
Added Component: Designator=R52(RES_C_1005X40)
Added Component: Designator=R53(RES_C_1005X40)
Added Component: Designator=R54(RES_C_1005X40)
Added Component: Designator=R55(RES_C_1005X40)
Added Component: Designator=R56(RES_C_1005X40)
Added Component: Designator=R57(RES_C_1005X40)
Added Component: Designator=R58(RES_C_1005X40)
Added Component: Designator=R59(RES_C_1005X40)
Added Component: Designator=R60(RES_C_1005X40)
Added Component: Designator=R61(RES_C_1005X40)
Added Component: Designator=R62(RES_C_1005X40)
Added Component: Designator=R63(RES_C_1005X40)
Added Component: Designator=R64(RES_C_1005X40)
Added Component: Designator=R65(RES_C_1005X40)
Added Component: Designator=R66(RES_C_1005X40)
Added Component: Designator=R67(RES_C_1005X40)
Added Component: Designator=R68(RES_C_1005X40)
Added Component: Designator=R69(RES_C_1005X40)
Added Component: Designator=R70(RES_C_1005X40)
Added Component: Designator=R71(RES_C_1005X40)
Added Component: Designator=R72(RES_C_1005X40)
Added Component: Designator=R73(RES_C_1005X40)
Added Component: Designator=R74(RES_C_1005X40)
Added Component: Designator=R75(RES_C_1005X40)
Added Component: Designator=R76(RES_C_1005X40)
Added Component: Designator=R77(RES_C_1005X40)
Added Component: Designator=R78(RES_C_1005X40)
Added Component: Designator=R79(RES_C_1005X40)
Added Component: Designator=R80(RES_C_1005X40)
Added Component: Designator=R81(RES_C_1005X40)
Added Component: Designator=R82(RES_C_1005X40)
Added Component: Designator=R83(RES_C_1005X40)
Added Component: Designator=R84(RES_C_1005X40)
Added Component: Designator=R85(RES_C_1005X40)
Added Component: Designator=R86(RES_C_1005X40)
Added Component: Designator=R87(RES_C_1005X40)
Added Component: Designator=R88(RES_C_1005X40)
Added Component: Designator=R89(RES_C_1005X40)
Added Component: Designator=R90(RES_C_1005X40)
Added Component: Designator=R91(RES_C_1005X40)
Added Component: Designator=R92(RES_C_1005X40)
Added Component: Designator=R93(RES_C_1005X40)
Added Component: Designator=R94(RES_C_1005X40)
Added Component: Designator=R95(RES_C_1005X40)
Added Component: Designator=R96(RES_C_1005X40)
Added Component: Designator=R97(RES_C_1005X40)
Added Component: Designator=R98(RES_C_1005X40)
Added Component: Designator=R99(RES_C_1005X40)
Added Component: Designator=R100(RES_C_1005X40)
Added Component: Designator=R101(RES_C_1005X40)
Added Component: Designator=R102(RES_C_1005X40)
Added Component: Designator=R103(RES_C_1005X40)
Added Component: Designator=R104(RES_C_1005X40)
Added Component: Designator=R105(RES_C_1005X40)
Added Component: Designator=R106(RES_C_1005X40)
Added Component: Designator=R107(RES_C_1005X40)
Added Component: Designator=R108(RES_C_1005X40)
Added Component: Designator=R109(RES_C_1005X40)
Added Component: Designator=R110(RES_C_1005X40)
Added Component: Designator=R111(RES_C_1005X40)
Added Component: Designator=R112(RES_C_1005X40)
Added Component: Designator=R113(RES_C_1005X40)
Added Component: Designator=R114(RES_C_1005X40)
Added Component: Designator=R115(RES_C_1005X40)
Added Component: Designator=R116(RES_C_1005X40)
Added Component: Designator=R117(RES_C_1005X40)
Added Component: Designator=R118(RES_C_1005X40)
Added Component: Designator=R119(RES_C_1005X40)
Added Component: Designator=R120(RES_C_1005X40)
Added Component: Designator=R121(RES_C_1005X40)
Added Component: Designator=R122(RES_C_1005X40)
Added Component: Designator=R123(RES_C_1005X40)
Added Component: Designator=R124(RES_C_1005X40)
Added Component: Designator=R125(RES_C_1005X40)
Added Component: Designator=R126(RES_C_1005X40)
Added Component: Designator=R127(RES_C_1005X40)
Added Component: Designator=R128(RES_C_1005X40)
Added Component: Designator=R129(RES_C_1005X40)
Added Component: Designator=R130(RES_C_1005X40)
Added Component: Designator=R131(RES_C_1005X40)
Added Component: Designator=R132(RES_C_1005X40)
Added Component: Designator=R133(RES_C_1005X40)
Added Component: Designator=R134(RES_C_1005X40)
Added Component: Designator=R135(RES_C_1005X40)
Added Component: Designator=R136(RES_C_1005X40)
Added Component: Designator=R137(RES_C_1005X40)
Added Component: Designator=R138(RES_C_1005X40)
Added Component: Designator=R139(RES_C_1005X40)
Added Component: Designator=R140(RES_C_1005X40)
Added Component: Designator=R141(RES_C_1005X40)
Added Component: Designator=R142(RES_C_1005X40)
Added Component: Designator=R143(RES_C_1005X40)
Added Component: Designator=R144(RES_C_1005X40)
Added Component: Designator=R145(RES_C_1005X40)
Added Component: Designator=R146(RES_C_1005X40)
Added Component: Designator=R147(RES_C_1005X40)
Added Component: Designator=R148(RES_C_1005X40)
Added Component: Designator=R149(RES_C_1005X40)
Added Component: Designator=R150(RES_C_1005X40)
Added Component: Designator=R151(RES_C_1005X40)
Added Component: Designator=R152(RES_C_1005X40)
Added Component: Designator=R153(RES_C_1005X40)
Added Component: Designator=R154(RES_C_1005X40)
Added Component: Designator=R155(RES_C_1005X40)
Added Component: Designator=R156(RES_C_1005X40)
Added Component: Designator=R157(RES_C_1005X40)
Added Component: Designator=R158(RES_C_1005X40)
Added Component: Designator=R159(RES_C_1005X40)
Added Component: Designator=R160(RES_C_1005X40)
Added Component: Designator=R161(RES_C_1005X40)
Added Component: Designator=R162(RES_C_1005X40)
Added Component: Designator=R163(RES_C_1005X40)
Added Component: Designator=R164(RES_C_1005X40)
Added Component: Designator=R165(RES_C_1005X40)
Added Component: Designator=R166(RES_C_1005X40)
Added Component: Designator=R167(RES_C_1005X40)
Added Component: Designator=R168(RES_C_1005X40)
Added Component: Designator=R169(RES_C_1005X40)
Added Component: Designator=R170(RES_C_1005X40)
Added Component: Designator=R171(RES_C_1005X40)
Added Component: Designator=R172(RES_C_1005X40)
Added Component: Designator=R173(RES_C_1005X40)
Added Component: Designator=R174(RES_C_1005X40)
Added Component: Designator=R175(RES_C_1005X40)
Added Component: Designator=R176(RES_C_1005X40)
Added Component: Designator=R177(RES_C_1005X40)
Added Component: Designator=R178(RES_C_1005X40)
Added Component: Designator=R179(RES_C_1005X40)
Added Component: Designator=R180(RES_C_1005X40)
Added Component: Designator=R181(RES_C_1005X40)
Added Component: Designator=R182(RES_C_1005X40)
Added Component: Designator=R183(RES_C_1005X40)
Added Component: Designator=R184(RES_C_1005X40)
Added Component: Designator=R185(RES_C_1005X40)
Added Component: Designator=R186(RES_C_1005X40)
Added Component: Designator=R187(RES_C_1005X40)
Added Component: Designator=R188(RES_C_1005X40)
Added Component: Designator=R189(RES_C_1005X40)
Added Component: Designator=R190(RES_C_1005X40)
Added Component: Designator=R191(RES_C_1005X40)
Added Component: Designator=R192(RES_C_1005X40)
Added Component: Designator=R193(RES_C_1005X40)
Added Component: Designator=R194(RES_C_1005X40)
Added Component: Designator=R195(RES_C_1005X40)
Added Component: Designator=R196(RES_C_1005X40)
Added Component: Designator=R197(RES_C_1005X40)
Added Component: Designator=R198(RES_C_1005X40)
Added Component: Designator=R199(RES_C_1005X40)
Added Component: Designator=R200(RES_C_1005X40)
Added Component: Designator=R201(RES_C_1005X40)
Added Component: Designator=R202(RES_C_1005X40)
Added Component: Designator=R203(RES_C_1005X40)
Added Component: Designator=R204(RES_C_1005X40)
Added Component: Designator=R205(RES_C_1005X40)
Added Component: Designator=R206(RES_C_1005X40)
Added Component: Designator=R207(RES_C_1005X40)
Added Component: Designator=R208(RES_C_1005X40)
Added Component: Designator=R209(RES_C_1005X40)
Added Component: Designator=R210(RES_C_1005X40)
Added Component: Designator=R211(RES_C_1005X40)
Added Component: Designator=R212(RES_C_1005X40)
Added Component: Designator=R213(RES_C_1005X40)
Added Component: Designator=R214(RES_C_1005X40)
Added Component: Designator=R215(RES_C_1005X40)
Added Component: Designator=R216(RES_C_1005X40)
Added Component: Designator=R217(RES_C_1005X40)
Added Component: Designator=R218(RES_C_1005X40)
Added Component: Designator=R219(RES_C_1005X40)
Added Component: Designator=R220(RES_C_1005X40)
Added Component: Designator=R221(RES_C_1005X40)
Added Component: Designator=R222(RES_C_1005X40)
Added Component: Designator=R223(RES_C_1005X40)
Added Component: Designator=R224(RES_C_1005X40)
Added Component: Designator=R225(RES_C_1005X40)
Added Component: Designator=R226(RES_C_1005X40)
Added Component: Designator=R227(RES_C_1005X40)
Added Component: Designator=R228(RES_C_1005X40)
Added Component: Designator=R229(RES_C_1005X40)
Added Component: Designator=R230(RES_C_1005X40)
Added Component: Designator=R231(RES_C_1005X40)
Add Component: Footprint Not Found RES_C_1608X60
Added Component: Designator=R233(RES_C_1005X40)
Added Component: Designator=R234(RES_C_1005X40)
Added Component: Designator=R235(RES_C_1005X40)
Add Component: Footprint Not Found RES_C_1608X60
Added Component: Designator=R237(RES_C_1005X40)
Added Component: Designator=R238(RES_C_1005X40)
Added Component: Designator=R239(RES_C_1005X40)
Added Component: Designator=R240(RES_C_1005X40)
Added Component: Designator=R241(RES_C_1005X40)
Added Component: Designator=R242(RES_C_1005X40)
Added Component: Designator=R243(RES_C_1005X40)
Added Component: Designator=R244(RES_C_1005X40)
Added Component: Designator=R245(RES_C_1005X40)
Added Component: Designator=R246(RES_C_1005X40)
Added Component: Designator=R247(RES_C_1005X40)
Added Component: Designator=R248(RES_C_1005X40)
Added Component: Designator=R249(RES_C_1005X40)
Added Component: Designator=R250(RES_C_1005X40)
Added Component: Designator=R251(RES_C_1005X40)
Added Component: Designator=R252(RES_C_1005X40)
Added Component: Designator=R253(RES_C_1005X40)
Added Component: Designator=R254(RES_C_1005X40)
Added Component: Designator=R255(RES_C_1005X40)
Added Component: Designator=R256(RES_C_1005X40)
Added Component: Designator=R257(RES_C_1005X40)
Added Component: Designator=R258(RES_C_1005X40)
Added Component: Designator=R259(RES_C_1005X40)
Added Component: Designator=R260(RES_C_1005X40)
Added Component: Designator=R261(RES_C_1005X40)
Added Component: Designator=R262(RES_C_1005X40)
Added Component: Designator=R263(RES_C_1005X40)
Added Component: Designator=R264(RES_C_1005X40)
Added Component: Designator=R265(RES_C_1005X40)
Added Component: Designator=R266(RES_C_1005X40)
Added Component: Designator=R267(RES_C_1005X40)
Added Component: Designator=R268(RES_C_1005X40)
Added Component: Designator=R269(RES_C_1005X40)
Added Component: Designator=R270(RES_C_1005X40)
Added Component: Designator=R271(RES_C_1005X40)
Added Component: Designator=R272(RES_C_1005X40)
Added Component: Designator=R273(RES_C_1005X40)
Added Component: Designator=R274(RES_C_1005X40)
Added Component: Designator=R275(RES_C_1005X40)
Added Component: Designator=R276(RES_C_1005X40)
Added Component: Designator=R277(RES_C_1005X40)
Added Component: Designator=R278(RES_C_1005X40)
Added Component: Designator=R279(RES_C_1005X40)
Added Component: Designator=R280(RES_C_1005X40)
Added Component: Designator=R281(RES_C_1005X40)
Added Component: Designator=R282(RES_C_1005X40)
Added Component: Designator=R283(RES_C_1005X40)
Added Component: Designator=R284(RES_C_1005X40)
Added Component: Designator=R285(RES_C_1005X40)
Added Component: Designator=R286(RES_C_1005X40)
Added Component: Designator=R287(RES_C_1005X40)
Added Component: Designator=R288(RES_C_1005X40)
Added Component: Designator=R289(RES_C_1005X40)
Added Component: Designator=R290(RES_C_1005X40)
Added Component: Designator=R291(RES_C_1005X40)
Added Component: Designator=R292(RES_C_1005X40)
Added Component: Designator=R293(RES_C_1005X40)
Added Component: Designator=R294(RES_C_1005X40)
Added Component: Designator=R295(RES_C_1005X40)
Added Component: Designator=R296(RES_C_1005X40)
Added Component: Designator=R297(RES_C_1005X40)
Added Component: Designator=R298(RES_C_1005X40)
Added Component: Designator=R299(RES_C_1005X40)
Added Component: Designator=R300(RES_C_1005X40)
Added Component: Designator=R301(RES_C_1005X40)
Added Component: Designator=R302(RES_C_1005X40)
Added Component: Designator=R303(RES_C_1005X40)
Added Component: Designator=R304(RES_C_1005X40)
Added Component: Designator=R305(RES_C_1005X40)
Added Component: Designator=R306(RES_C_1005X40)
Added Component: Designator=R307(RES_C_1005X40)
Added Component: Designator=R308(RES_C_1005X40)
Added Component: Designator=R309(RES_C_1005X40)
Added Component: Designator=R310(RES_C_1005X40)
Added Component: Designator=R311(RES_C_1005X40)
Added Component: Designator=R312(RES_C_1005X40)
Added Component: Designator=R313(RES_C_1005X40)
Added Component: Designator=R314(RES_C_1005X40)
Added Component: Designator=R315(RES_C_1005X40)
Added Component: Designator=R316(RES_C_1005X40)
Added Component: Designator=R317(RES_C_1005X40)
Added Component: Designator=R318(RES_C_1005X40)
Added Component: Designator=R319(RES_C_1005X40)
Added Component: Designator=R320(RES_C_1005X40)
Added Component: Designator=R321(RES_C_1005X40)
Added Component: Designator=R322(RES_C_1005X40)
Added Component: Designator=R323(RES_C_1005X40)
Added Component: Designator=R324(RES_C_1005X40)
Added Component: Designator=R325(RES_C_1005X40)
Added Component: Designator=R326(RES_C_1005X40)
Added Component: Designator=R327(RES_C_1005X40)
Added Component: Designator=R328(RES_C_1005X40)
Added Component: Designator=R329(RES_C_1005X40)
Added Component: Designator=R330(RES_C_1005X40)
Added Component: Designator=R331(RES_C_1005X40)
Added Component: Designator=R332(RES_C_1005X40)
Added Component: Designator=R333(RES_C_1005X40)
Added Component: Designator=R334(RES_C_1005X40)
Added Component: Designator=R335(RES_C_1005X40)
Added Component: Designator=R336(RES_C_1005X40)
Added Component: Designator=R337(RES_C_1005X40)
Added Component: Designator=R338(RES_C_1005X40)
Added Component: Designator=R339(RES_C_1005X40)
Added Component: Designator=R340(RES_C_1005X40)
Added Component: Designator=R341(RES_C_1005X40)
Added Component: Designator=R342(RES_C_1005X40)
Added Component: Designator=R343(RES_C_1005X40)
Added Component: Designator=R344(RES_C_1005X40)
Added Component: Designator=R345(RES_C_1005X40)
Added Component: Designator=R346(RES_C_1005X40)
Added Component: Designator=R347(RES_C_1005X40)
Added Component: Designator=R348(RES_C_1005X40)
Added Component: Designator=R349(RES_C_1005X40)
Added Component: Designator=R350(RES_C_1005X40)
Added Component: Designator=R351(RES_C_1005X40)
Added Component: Designator=R352(RES_C_1005X40)
Added Component: Designator=R353(RES_C_1005X40)
Added Component: Designator=R354(RES_C_1005X40)
Added Component: Designator=R355(RES_C_1005X40)
Added Component: Designator=R356(RES_C_1005X40)
Added Component: Designator=R357(RES_C_1005X40)
Added Component: Designator=R358(RES_C_1005X40)
Added Component: Designator=R359(RES_C_1005X40)
Added Component: Designator=R360(RES_C_1005X40)
Added Component: Designator=R361(RES_C_1005X40)
Added Component: Designator=R362(RES_C_1005X40)
Added Component: Designator=R363(RES_C_1005X40)
Added Component: Designator=R364(RES_C_1005X40)
Added Component: Designator=R365(RES_C_1005X40)
Added Component: Designator=R366(RES_C_1005X40)
Added Component: Designator=R367(RES_C_1005X40)
Added Component: Designator=R368(RES_C_1005X40)
Added Component: Designator=R369(RES_C_1005X40)
Added Component: Designator=R370(RES_C_1005X40)
Added Component: Designator=R371(RES_C_1005X40)
Added Component: Designator=R372(RES_C_1005X40)
Added Component: Designator=R373(RES_C_1005X40)
Add Component: Footprint Not Found RES_C_1608X60
Added Component: Designator=R375(RES_C_1005X40)
Add Component: Footprint Not Found RES_C_1608X60
Added Component: Designator=R377(RES_C_1005X40)
Add Component: Footprint Not Found RES_C_1608X60
Added Component: Designator=R379(RES_C_1005X40)
Added Component: Designator=R380(RES_C_1005X40)
Added Component: Designator=R381(RES_C_1005X40)
Added Component: Designator=R382(RES_C_1005X40)
Added Component: Designator=R383(RES_C_1005X40)
Add Component: Footprint Not Found RES_C_1608X60
Added Component: Designator=R385(RES_C_1005X40)
Added Component: Designator=R386(RES_C_1005X40)
Added Component: Designator=R387(RES_C_1005X40)
Added Component: Designator=R388(RES_C_1005X40)
Added Component: Designator=R389(RES_C_1005X40)
Added Component: Designator=R390(RES_C_1005X40)
Added Component: Designator=R391(RES_C_1005X40)
Added Component: Designator=R392(RES_C_1005X40)
Add Component: Footprint Not Found RES_C_1608X60
Added Component: Designator=R394(RES_C_1005X40)
Added Component: Designator=R395(RES_C_1005X40)
Added Component: Designator=R396(RES_C_1005X40)
Added Component: Designator=R397(RES_C_1005X40)
Added Component: Designator=R398(RES_C_1005X40)
Added Component: Designator=R399(RES_C_1005X40)
Added Component: Designator=R400(RES_C_1005X40)
Add Component: Footprint Not Found RES_C_1608X60
Added Component: Designator=R402(RES_C_1005X40)
Added Component: Designator=R403(RES_C_1005X40)
Added Component: Designator=R404(RES_C_1005X40)
Added Component: Designator=R405(RES_C_1005X40)
Added Component: Designator=TP1(Testpoint_TH_D130H80)
Add component (AddParameter): Name = "Category"; Value = ""; VariantName = "[No Variations]"
Add component (AddParameter): Name = "CompanyID"; Value = ""; VariantName = "[No Variations]"
Add component (AddParameter): Name = "MFR"; Value = ""; VariantName = "[No Variations]"
Add component (AddParameter): Name = "MFR_URL"; Value = ""; VariantName = "[No Variations]"
Add component (AddParameter): Name = "MPN"; Value = ""; VariantName = "[No Variations]"
Add component (AddParameter): Name = "PinCount"; Value = ""; VariantName = "[No Variations]"
Add component (AddParameter): Name = "Solder"; Value = "NF"; VariantName = "[No Variations]"
Add component (AddParameter): Name = "Value"; Value = ""; VariantName = "[No Variations]"
Added Component: Designator=TP2(Testpoint_TH_D130H80)
Add component (AddParameter): Name = "Category"; Value = ""; VariantName = "[No Variations]"
Add component (AddParameter): Name = "CompanyID"; Value = ""; VariantName = "[No Variations]"
Add component (AddParameter): Name = "MFR"; Value = ""; VariantName = "[No Variations]"
Add component (AddParameter): Name = "MFR_URL"; Value = ""; VariantName = "[No Variations]"
Add component (AddParameter): Name = "MPN"; Value = ""; VariantName = "[No Variations]"
Add component (AddParameter): Name = "PinCount"; Value = ""; VariantName = "[No Variations]"
Add component (AddParameter): Name = "Solder"; Value = "NF"; VariantName = "[No Variations]"
Add component (AddParameter): Name = "Value"; Value = ""; VariantName = "[No Variations]"
Added Component: Designator=U1(VQFN-HR-10)
Added Component: Designator=U2(TPS5430DDAR_V3)
Add Component: Footprint Not Found AP6-00118
Added Component: Designator=U4(QFN50P300X300X80-17N)
Add component (AddParameter): Name = "Check_prices"; Value = "https://www.snapeda.com/parts/FSUSB74MPX/Onsemi/view-part/?ref=eda"; VariantName = "[No Variations]"
Add component (AddParameter): Name = "MF"; Value = "ON Semiconductor"; VariantName = "[No Variations]"
Add component (AddParameter): Name = "MP"; Value = "FSUSB74MPX"; VariantName = "[No Variations]"
Add component (AddParameter): Name = "Package"; Value = "WQFN-16 ON Semiconductor"; VariantName = "[No Variations]"
Add component (AddParameter): Name = "SnapEDA_Link"; Value = "https://www.snapeda.com/parts/FSUSB74MPX/Onsemi/view-part/?ref=snap"; VariantName = "[No Variations]"
Add component (AddParameter): Name = "Value"; Value = ""; VariantName = "[No Variations]"
Added Component: Designator=U5(SOIC127P602X173-8N)
Add component (AddParameter): Name = "Check_prices"; Value = "https://www.snapeda.com/parts/MIC2026-1YM/Microchip/view-part/?ref=eda"; VariantName = "[No Variations]"
Add component (AddParameter): Name = "MF"; Value = "Microchip"; VariantName = "[No Variations]"
Add component (AddParameter): Name = "MP"; Value = "MIC2026-1YM"; VariantName = "[No Variations]"
Add component (AddParameter): Name = "Package"; Value = "SO-8 Microchip"; VariantName = "[No Variations]"
Add component (AddParameter): Name = "SnapEDA_Link"; Value = "https://www.snapeda.com/parts/MIC2026-1YM/Microchip/view-part/?ref=snap"; VariantName = "[No Variations]"
Add component (AddParameter): Name = "Value"; Value = ""; VariantName = "[No Variations]"
Added Component: Designator=U6(QFN18)
Added Component: Designator=U7(QFN18)
Added Component: Designator=U8(QFN18)
Added Component: Designator=U9(QFN18)
Add Component: Footprint Not Found QFN40P400X400X80-29N
Added Component: Designator=U11(SOIC127P602X173-8N)
Added Component: Designator=U12(SOIC127P602X173-8N)
Added Component: Designator=U13(SOIC127P602X173-8N)
Added Component: Designator=U14(SOIC127P602X173-8N)
Added Component: Designator=U15(SOT95P240X120-3N)
Added Component: Designator=U16(MP_HIGHDRIVER4)
Added Component: Designator=U17(TSOP8)
Added Component: Designator=U18(TSOP8)
Added Component: Designator=U19(TSOP8)
Added Component: Designator=U20(TSOP8)
Added Component: Designator=U21(SOT95P280X145-6N)
Add component (AddParameter): Name = "CLABCONF0"; Value = "#NAME?"; VariantName = "[No Variations]"
Add component (AddParameter): Name = "P/N"; Value = "132D42200S"; VariantName = "[No Variations]"
Add component (AddParameter): Name = "PCB Footprint"; Value = "SOT23-6L"; VariantName = "[No Variations]"
Added Component: Designator=U22(SOT95P280X145-6N)
Add component (AddParameter): Name = "CLABCONF0"; Value = "#NAME?"; VariantName = "[No Variations]"
Add component (AddParameter): Name = "P/N"; Value = "132D42200S"; VariantName = "[No Variations]"
Add component (AddParameter): Name = "PCB Footprint"; Value = "SOT23-6L"; VariantName = "[No Variations]"
Added Component: Designator=U23(BGA_100_C_100P_10X17_1400X1800X150)
Added Component: Designator=U24(VQFN-HR-10)
Added Component: Designator=U29(SOM-38MMX30MM)
Added Component: Designator=U30(SOIC127P790X216-8)
Added Component: Designator=U31(IC_RV-3129-C3_32.768KHZ_OPTION_A_TB_QA)
Add component (AddParameter): Name = "Check_prices"; Value = "https://www.snapeda.com/parts/RV-3129-C3%2032.768KHZ%20OPTION%20A%20TB%20QA/Micro+Crystal/view-part/?ref=eda"; VariantName = "[No Variations]"
Add component (AddParameter): Name = "MF"; Value = "Micro Crystal"; VariantName = "[No Variations]"
Add component (AddParameter): Name = "MP"; Value = "RV-3129-C3 32.768KHZ OPTION A TB QA"; VariantName = "[No Variations]"
Add component (AddParameter): Name = "Package"; Value = "QFN-10 Micro Crystal"; VariantName = "[No Variations]"
Add component (AddParameter): Name = "SnapEDA_Link"; Value = "https://www.snapeda.com/parts/RV-3129-C3%2032.768KHZ%20OPTION%20A%20TB%20QA/Micro+Crystal/view-part/?ref=snap"; VariantName = "[No Variations]"
Add component (AddParameter): Name = "Value"; Value = ""; VariantName = "[No Variations]"
Add Component: Footprint Not Found SOIC_PRQ1_TEX
Add Component: Footprint Not Found SOIC8_150MIL_N_ISI
Added Component: Designator=U34(SOT95P280X145-6N)
Add component (AddParameter): Name = "Availability"; Value = "Unavailable"; VariantName = "[No Variations]"
Add component (AddParameter): Name = "MF"; Value = ""; VariantName = "[No Variations]"
Add component (AddParameter): Name = "MP"; Value = "TPL5010QDDCTQ1"; VariantName = "[No Variations]"
Add component (AddParameter): Name = "Package"; Value = "None"; VariantName = "[No Variations]"
Add component (AddParameter): Name = "Price"; Value = "None"; VariantName = "[No Variations]"
Add component (AddParameter): Name = "Value"; Value = ""; VariantName = "[No Variations]"
Added Component: Designator=U35(TPS5430DDAR_V3)
Added Component: Designator=U36(VQFN-HR-10)
Added Component: Designator=U37(VQFN-HR-10)
Added Component: Designator=U38(VQFN-HR-10)
Added Component: Designator=VR1(VREG_LM1117MP-3.3/NOPB)
Add component (AddParameter): Name = "Check_prices"; Value = "https://www.snapeda.com/parts/LM1117MP-3.3/NOPB/Texas+Instruments/view-part/?ref=eda"; VariantName = "[No Variations]"
Add component (AddParameter): Name = "MF"; Value = "Texas Instruments"; VariantName = "[No Variations]"
Add component (AddParameter): Name = "MP"; Value = "LM1117MP-3.3/NOPB"; VariantName = "[No Variations]"
Add component (AddParameter): Name = "Package"; Value = "SOT-223-4 Texas Instruments"; VariantName = "[No Variations]"
Add component (AddParameter): Name = "SnapEDA_Link"; Value = "https://www.snapeda.com/parts/LM1117MP-3.3/NOPB/Texas+Instruments/view-part/?ref=snap"; VariantName = "[No Variations]"
Add component (AddParameter): Name = "Value"; Value = ""; VariantName = "[No Variations]"
Added Component: Designator=VR2(VREG_LM1117MP-3.3/NOPB)
Add component (AddParameter): Name = "Check_prices"; Value = "https://www.snapeda.com/parts/LM1117MP-3.3/NOPB/Texas+Instruments/view-part/?ref=eda"; VariantName = "[No Variations]"
Add component (AddParameter): Name = "MF"; Value = "Texas Instruments"; VariantName = "[No Variations]"
Add component (AddParameter): Name = "MP"; Value = "LM1117MP-3.3/NOPB"; VariantName = "[No Variations]"
Add component (AddParameter): Name = "Package"; Value = "SOT-223-4 Texas Instruments"; VariantName = "[No Variations]"
Add component (AddParameter): Name = "SnapEDA_Link"; Value = "https://www.snapeda.com/parts/LM1117MP-3.3/NOPB/Texas+Instruments/view-part/?ref=snap"; VariantName = "[No Variations]"
Add component (AddParameter): Name = "Value"; Value = ""; VariantName = "[No Variations]"
Add Component: Footprint Not Found AP7-00044
Add Component: Footprint Not Found AP7-00039
Added Pin To Net: NetName=+5V_TEC Pin=C49-2
Added Pin To Net: NetName=+5V_TEC Pin=C50-2
Added Pin To Net: NetName=+5V_TEC Pin=C51-2
Added Pin To Net: NetName=+5V_TEC Pin=C52-2
Added Pin To Net: NetName=+5V_TEC Pin=C53-2
Added Pin To Net: NetName=+5V_TEC Pin=C54-2
Added Pin To Net: NetName=+5V_TEC Pin=C55-2
Added Pin To Net: NetName=+5V_TEC Pin=C56-2
Added Pin To Net: NetName=+5V_TEC Pin=C71-2
Added Pin To Net: NetName=+5V_TEC Pin=C72-2
Added Pin To Net: NetName=+5V_TEC Pin=C73-2
Added Pin To Net: NetName=+5V_TEC Pin=C74-2
Added Pin To Net: NetName=+5V_TEC Pin=C75-2
Added Pin To Net: NetName=+5V_TEC Pin=C76-2
Added Pin To Net: NetName=+5V_TEC Pin=C77-2
Added Pin To Net: NetName=+5V_TEC Pin=C78-2
Added Pin To Net: NetName=+5V_TEC Pin=U6-4
Added Pin To Net: NetName=+5V_TEC Pin=U6-11
Added Pin To Net: NetName=+5V_TEC Pin=U7-4
Added Pin To Net: NetName=+5V_TEC Pin=U7-11
Added Pin To Net: NetName=+5V_TEC Pin=U8-4
Added Pin To Net: NetName=+5V_TEC Pin=U8-11
Added Pin To Net: NetName=+5V_TEC Pin=U9-4
Added Pin To Net: NetName=+5V_TEC Pin=U9-11
Added Net: Name=+5V_TEC
Added Pin To Net: NetName=+12V_Heater Pin=C90-2
Added Pin To Net: NetName=+12V_Heater Pin=C91-2
Added Pin To Net: NetName=+12V_Heater Pin=D5-1
Added Pin To Net: NetName=+12V_Heater Pin=D6-1
Added Pin To Net: NetName=+12V_Heater Pin=D7-1
Added Pin To Net: NetName=+12V_Heater Pin=D8-1
Added Pin To Net: NetName=+12V_Heater Pin=D9-1
Added Pin To Net: NetName=+12V_Heater Pin=D10-1
Added Pin To Net: NetName=+12V_Heater Pin=D11-1
Added Pin To Net: NetName=+12V_Heater Pin=D12-1
Added Pin To Net: NetName=+12V_Heater Pin=J7-1
Added Pin To Net: NetName=+12V_Heater Pin=J7-3
Added Pin To Net: NetName=+12V_Heater Pin=J7-5
Added Pin To Net: NetName=+12V_Heater Pin=J7-7
Added Net: Name=+12V_Heater
Added Pin To Net: NetName=+VDDCORE Pin=C24-1
Added Pin To Net: NetName=+VDDCORE Pin=C34-2
Added Pin To Net: NetName=+VDDCORE Pin=C35-2
Added Pin To Net: NetName=+VDDCORE Pin=C36-2
Added Pin To Net: NetName=+VDDCORE Pin=C37-2
Added Pin To Net: NetName=+VDDCORE Pin=C38-2
Added Pin To Net: NetName=+VDDCORE Pin=C39-2
Added Pin To Net: NetName=+VDDCORE Pin=C40-2
Added Pin To Net: NetName=+VDDCORE Pin=C41-2
Added Net: Name=+VDDCORE
Added Pin To Net: NetName=3.3V_MCU Pin=C12-2
Added Pin To Net: NetName=3.3V_MCU Pin=C13-2
Added Pin To Net: NetName=3.3V_MCU Pin=C23-1
Added Pin To Net: NetName=3.3V_MCU Pin=C25-2
Added Pin To Net: NetName=3.3V_MCU Pin=C26-2
Added Pin To Net: NetName=3.3V_MCU Pin=C27-2
Added Pin To Net: NetName=3.3V_MCU Pin=C28-2
Added Pin To Net: NetName=3.3V_MCU Pin=C29-2
Added Pin To Net: NetName=3.3V_MCU Pin=C30-2
Added Pin To Net: NetName=3.3V_MCU Pin=C31-2
Added Pin To Net: NetName=3.3V_MCU Pin=C32-2
Added Pin To Net: NetName=3.3V_MCU Pin=C33-2
Added Pin To Net: NetName=3.3V_MCU Pin=C42-2
Added Pin To Net: NetName=3.3V_MCU Pin=C43-2
Added Pin To Net: NetName=3.3V_MCU Pin=C44-2
Added Pin To Net: NetName=3.3V_MCU Pin=C59-2
Added Pin To Net: NetName=3.3V_MCU Pin=C60-2
Added Pin To Net: NetName=3.3V_MCU Pin=C81-2
Added Pin To Net: NetName=3.3V_MCU Pin=C82-2
Added Pin To Net: NetName=3.3V_MCU Pin=C89-2
Added Pin To Net: NetName=3.3V_MCU Pin=C92-2
Added Pin To Net: NetName=3.3V_MCU Pin=C95-2
Added Pin To Net: NetName=3.3V_MCU Pin=C98-2
Added Pin To Net: NetName=3.3V_MCU Pin=C99-2
Added Pin To Net: NetName=3.3V_MCU Pin=C104-2
Added Pin To Net: NetName=3.3V_MCU Pin=C107-2
Added Pin To Net: NetName=3.3V_MCU Pin=C110-2
Added Pin To Net: NetName=3.3V_MCU Pin=C111-2
Added Pin To Net: NetName=3.3V_MCU Pin=C116-2
Added Pin To Net: NetName=3.3V_MCU Pin=C119-2
Added Pin To Net: NetName=3.3V_MCU Pin=C121-2
Added Pin To Net: NetName=3.3V_MCU Pin=C122-2
Added Pin To Net: NetName=3.3V_MCU Pin=C123-2
Added Pin To Net: NetName=3.3V_MCU Pin=C124-2
Added Pin To Net: NetName=3.3V_MCU Pin=C125-2
Added Pin To Net: NetName=3.3V_MCU Pin=C142-2
Added Pin To Net: NetName=3.3V_MCU Pin=C143-2
Added Pin To Net: NetName=3.3V_MCU Pin=C154-2
Added Pin To Net: NetName=3.3V_MCU Pin=C155-2
Added Pin To Net: NetName=3.3V_MCU Pin=C156-2
Added Pin To Net: NetName=3.3V_MCU Pin=C157-1
Added Pin To Net: NetName=3.3V_MCU Pin=DS2-1
Added Pin To Net: NetName=3.3V_MCU Pin=J8-1
Added Pin To Net: NetName=3.3V_MCU Pin=J8-3
Added Pin To Net: NetName=3.3V_MCU Pin=J8-5
Added Pin To Net: NetName=3.3V_MCU Pin=J8-7
Added Pin To Net: NetName=3.3V_MCU Pin=J9-1
Added Pin To Net: NetName=3.3V_MCU Pin=J9-3
Added Pin To Net: NetName=3.3V_MCU Pin=J9-5
Added Pin To Net: NetName=3.3V_MCU Pin=J9-7
Added Pin To Net: NetName=3.3V_MCU Pin=J12-3
Added Pin To Net: NetName=3.3V_MCU Pin=J13-3
Added Pin To Net: NetName=3.3V_MCU Pin=J14-1
Added Pin To Net: NetName=3.3V_MCU Pin=J17-1
Added Pin To Net: NetName=3.3V_MCU Pin=J18-1
Added Pin To Net: NetName=3.3V_MCU Pin=R46-2
Added Pin To Net: NetName=3.3V_MCU Pin=R86-1
Added Pin To Net: NetName=3.3V_MCU Pin=R95-2
Added Pin To Net: NetName=3.3V_MCU Pin=R96-2
Added Pin To Net: NetName=3.3V_MCU Pin=R99-1
Added Pin To Net: NetName=3.3V_MCU Pin=R100-1
Added Pin To Net: NetName=3.3V_MCU Pin=R109-1
Added Pin To Net: NetName=3.3V_MCU Pin=R110-1
Added Pin To Net: NetName=3.3V_MCU Pin=R119-2
Added Pin To Net: NetName=3.3V_MCU Pin=R120-2
Added Pin To Net: NetName=3.3V_MCU Pin=R123-1
Added Pin To Net: NetName=3.3V_MCU Pin=R172-1
Added Pin To Net: NetName=3.3V_MCU Pin=R173-1
Added Pin To Net: NetName=3.3V_MCU Pin=R180-1
Added Pin To Net: NetName=3.3V_MCU Pin=R181-1
Added Pin To Net: NetName=3.3V_MCU Pin=R182-1
Added Pin To Net: NetName=3.3V_MCU Pin=R183-1
Added Pin To Net: NetName=3.3V_MCU Pin=R190-1
Added Pin To Net: NetName=3.3V_MCU Pin=R191-1
Added Pin To Net: NetName=3.3V_MCU Pin=R193-1
Added Pin To Net: NetName=3.3V_MCU Pin=R194-1
Added Pin To Net: NetName=3.3V_MCU Pin=R195-1
Added Pin To Net: NetName=3.3V_MCU Pin=R196-1
Added Pin To Net: NetName=3.3V_MCU Pin=R219-2
Added Pin To Net: NetName=3.3V_MCU Pin=R220-2
Added Pin To Net: NetName=3.3V_MCU Pin=R223-2
Added Pin To Net: NetName=3.3V_MCU Pin=R224-2
Added Pin To Net: NetName=3.3V_MCU Pin=R249-1
Added Pin To Net: NetName=3.3V_MCU Pin=R250-1
Added Pin To Net: NetName=3.3V_MCU Pin=R251-1
Added Pin To Net: NetName=3.3V_MCU Pin=R252-1
Added Pin To Net: NetName=3.3V_MCU Pin=R253-1
Added Pin To Net: NetName=3.3V_MCU Pin=R254-1
Added Pin To Net: NetName=3.3V_MCU Pin=R255-1
Added Pin To Net: NetName=3.3V_MCU Pin=R256-1
Added Pin To Net: NetName=3.3V_MCU Pin=R271-1
Added Pin To Net: NetName=3.3V_MCU Pin=R272-1
Added Pin To Net: NetName=3.3V_MCU Pin=R273-1
Added Pin To Net: NetName=3.3V_MCU Pin=R274-1
Added Pin To Net: NetName=3.3V_MCU Pin=R358-2
Added Pin To Net: NetName=3.3V_MCU Pin=R359-2
Added Pin To Net: NetName=3.3V_MCU Pin=R360-2
Added Pin To Net: NetName=3.3V_MCU Pin=R361-2
Added Pin To Net: NetName=3.3V_MCU Pin=R362-2
Added Pin To Net: NetName=3.3V_MCU Pin=R363-2
Added Pin To Net: NetName=3.3V_MCU Pin=R365-2
Added Pin To Net: NetName=3.3V_MCU Pin=R366-2
Added Pin To Net: NetName=3.3V_MCU Pin=R367-2
Added Pin To Net: NetName=3.3V_MCU Pin=R368-2
Added Pin To Net: NetName=3.3V_MCU Pin=R369-2
Added Pin To Net: NetName=3.3V_MCU Pin=U4-4
Added Pin To Net: NetName=3.3V_MCU Pin=U5-7
Added Pin To Net: NetName=3.3V_MCU Pin=U6-14
Added Pin To Net: NetName=3.3V_MCU Pin=U7-14
Added Pin To Net: NetName=3.3V_MCU Pin=U8-14
Added Pin To Net: NetName=3.3V_MCU Pin=U9-14
Added Pin To Net: NetName=3.3V_MCU Pin=U11-8
Added Pin To Net: NetName=3.3V_MCU Pin=U12-8
Added Pin To Net: NetName=3.3V_MCU Pin=U13-8
Added Pin To Net: NetName=3.3V_MCU Pin=U14-8
Added Pin To Net: NetName=3.3V_MCU Pin=U15-1
Added Pin To Net: NetName=3.3V_MCU Pin=U17-1
Added Pin To Net: NetName=3.3V_MCU Pin=U18-1
Added Pin To Net: NetName=3.3V_MCU Pin=U18-8
Added Pin To Net: NetName=3.3V_MCU Pin=U19-1
Added Pin To Net: NetName=3.3V_MCU Pin=U19-8
Added Pin To Net: NetName=3.3V_MCU Pin=U20-1
Added Pin To Net: NetName=3.3V_MCU Pin=U20-8
Added Pin To Net: NetName=3.3V_MCU Pin=U30-8
Added Pin To Net: NetName=3.3V_MCU Pin=U31-2
Added Pin To Net: NetName=3.3V_MCU Pin=U34-1
Added Pin To Net: NetName=3.3V_MCU Pin=VR1-2
Added Pin To Net: NetName=3.3V_MCU Pin=VR1-4
Added Net: Name=3.3V_MCU
Added Pin To Net: NetName=3.3V_SOM Pin=C126-2
Added Pin To Net: NetName=3.3V_SOM Pin=C127-2
Added Pin To Net: NetName=3.3V_SOM Pin=C128-2
Added Pin To Net: NetName=3.3V_SOM Pin=C129-2
Added Pin To Net: NetName=3.3V_SOM Pin=C150-2
Added Pin To Net: NetName=3.3V_SOM Pin=C151-2
Added Pin To Net: NetName=3.3V_SOM Pin=DS4-1
Added Pin To Net: NetName=3.3V_SOM Pin=J16-P4
Added Pin To Net: NetName=3.3V_SOM Pin=R201-2
Added Pin To Net: NetName=3.3V_SOM Pin=R202-2
Added Pin To Net: NetName=3.3V_SOM Pin=R203-2
Added Pin To Net: NetName=3.3V_SOM Pin=R204-2
Added Pin To Net: NetName=3.3V_SOM Pin=R205-2
Added Pin To Net: NetName=3.3V_SOM Pin=R206-2
Added Pin To Net: NetName=3.3V_SOM Pin=R207-2
Added Pin To Net: NetName=3.3V_SOM Pin=R344-2
Added Pin To Net: NetName=3.3V_SOM Pin=R346-2
Added Pin To Net: NetName=3.3V_SOM Pin=R348-2
Added Pin To Net: NetName=3.3V_SOM Pin=R349-2
Added Pin To Net: NetName=3.3V_SOM Pin=R352-2
Added Pin To Net: NetName=3.3V_SOM Pin=R354-2
Added Pin To Net: NetName=3.3V_SOM Pin=R356-2
Added Pin To Net: NetName=3.3V_SOM Pin=U21-5
Added Pin To Net: NetName=3.3V_SOM Pin=U22-5
Added Pin To Net: NetName=3.3V_SOM Pin=U29-109
Added Pin To Net: NetName=3.3V_SOM Pin=U29-162
Added Pin To Net: NetName=3.3V_SOM Pin=U29-171
Added Pin To Net: NetName=3.3V_SOM Pin=U29-172
Added Pin To Net: NetName=3.3V_SOM Pin=VR2-2
Added Pin To Net: NetName=3.3V_SOM Pin=VR2-4
Added Net: Name=3.3V_SOM
Added Pin To Net: NetName=3V3_SOM Pin=C132-2
Added Pin To Net: NetName=3V3_SOM Pin=C133-2
Added Pin To Net: NetName=3V3_SOM Pin=C134-2
Added Pin To Net: NetName=3V3_SOM Pin=C135-2
Added Pin To Net: NetName=3V3_SOM Pin=C136-2
Added Pin To Net: NetName=3V3_SOM Pin=C137-2
Added Pin To Net: NetName=3V3_SOM Pin=C138-2
Added Pin To Net: NetName=3V3_SOM Pin=C139-2
Added Pin To Net: NetName=3V3_SOM Pin=C140-2
Added Pin To Net: NetName=3V3_SOM Pin=C141-2
Added Pin To Net: NetName=3V3_SOM Pin=R208-2
Added Pin To Net: NetName=3V3_SOM Pin=R209-2
Added Pin To Net: NetName=3V3_SOM Pin=R210-2
Added Pin To Net: NetName=3V3_SOM Pin=R211-2
Added Pin To Net: NetName=3V3_SOM Pin=R212-2
Added Pin To Net: NetName=3V3_SOM Pin=R213-2
Added Pin To Net: NetName=3V3_SOM Pin=R214-2
Added Pin To Net: NetName=3V3_SOM Pin=R215-2
Added Pin To Net: NetName=3V3_SOM Pin=R216-2
Added Pin To Net: NetName=3V3_SOM Pin=R217-2
Added Pin To Net: NetName=3V3_SOM Pin=R218-2
Added Pin To Net: NetName=3V3_SOM Pin=U23-F2
Added Pin To Net: NetName=3V3_SOM Pin=U23-F2
Added Pin To Net: NetName=3V3_SOM Pin=U23-F3
Added Pin To Net: NetName=3V3_SOM Pin=U23-F3
Added Pin To Net: NetName=3V3_SOM Pin=U23-F4
Added Pin To Net: NetName=3V3_SOM Pin=U23-F4
Added Pin To Net: NetName=3V3_SOM Pin=U23-F5
Added Pin To Net: NetName=3V3_SOM Pin=U23-F5
Added Pin To Net: NetName=3V3_SOM Pin=U23-F6
Added Pin To Net: NetName=3V3_SOM Pin=U23-F6
Added Pin To Net: NetName=3V3_SOM Pin=U23-F7
Added Pin To Net: NetName=3V3_SOM Pin=U23-F7
Added Pin To Net: NetName=3V3_SOM Pin=U23-F8
Added Pin To Net: NetName=3V3_SOM Pin=U23-F8
Added Pin To Net: NetName=3V3_SOM Pin=U23-F9
Added Pin To Net: NetName=3V3_SOM Pin=U23-F9
Added Pin To Net: NetName=3V3_SOM Pin=U23-H3
Added Pin To Net: NetName=3V3_SOM Pin=U23-H3
Added Pin To Net: NetName=3V3_SOM Pin=U23-H8
Added Pin To Net: NetName=3V3_SOM Pin=U23-H8
Added Pin To Net: NetName=3V3_SOM Pin=U23-L2
Added Pin To Net: NetName=3V3_SOM Pin=U23-L2
Added Pin To Net: NetName=3V3_SOM Pin=U23-L4
Added Pin To Net: NetName=3V3_SOM Pin=U23-L4
Added Pin To Net: NetName=3V3_SOM Pin=U23-L7
Added Pin To Net: NetName=3V3_SOM Pin=U23-L7
Added Pin To Net: NetName=3V3_SOM Pin=U23-L9
Added Pin To Net: NetName=3V3_SOM Pin=U23-L9
Added Pin To Net: NetName=3V3_SOM Pin=U23-P3
Added Pin To Net: NetName=3V3_SOM Pin=U23-P3
Added Pin To Net: NetName=3V3_SOM Pin=U23-P8
Added Pin To Net: NetName=3V3_SOM Pin=U23-P8
Added Net: Name=3V3_SOM
Added Pin To Net: NetName=5/12V_Solenoid Pin=C175-2
Added Pin To Net: NetName=5/12V_Solenoid Pin=C176-2
Added Pin To Net: NetName=5/12V_Solenoid Pin=D17-1
Added Pin To Net: NetName=5/12V_Solenoid Pin=DS8-1
Added Pin To Net: NetName=5/12V_Solenoid Pin=JP9-2
Added Pin To Net: NetName=5/12V_Solenoid Pin=R399-2
Added Pin To Net: NetName=5/12V_Solenoid Pin=R400-2
Added Pin To Net: NetName=5/12V_Solenoid Pin=U38-6
Added Net: Name=5/12V_Solenoid
Added Pin To Net: NetName=5V_HD4 Pin=C117-2
Added Pin To Net: NetName=5V_HD4 Pin=C118-2
Added Pin To Net: NetName=5V_HD4 Pin=C120-2
Added Pin To Net: NetName=5V_HD4 Pin=C170-2
Added Pin To Net: NetName=5V_HD4 Pin=C171-2
Added Pin To Net: NetName=5V_HD4 Pin=D16-1
Added Pin To Net: NetName=5V_HD4 Pin=DS7-1
Added Pin To Net: NetName=5V_HD4 Pin=JP6-2
Added Pin To Net: NetName=5V_HD4 Pin=R168-1
Added Pin To Net: NetName=5V_HD4 Pin=R170-1
Added Pin To Net: NetName=5V_HD4 Pin=R174-1
Added Pin To Net: NetName=5V_HD4 Pin=R175-1
Added Pin To Net: NetName=5V_HD4 Pin=R390-2
Added Pin To Net: NetName=5V_HD4 Pin=R391-2
Added Pin To Net: NetName=5V_HD4 Pin=U16-2
Added Pin To Net: NetName=5V_HD4 Pin=U16-28
Added Pin To Net: NetName=5V_HD4 Pin=U17-8
Added Pin To Net: NetName=5V_HD4 Pin=U37-6
Added Net: Name=5V_HD4
Added Pin To Net: NetName=5V_MAIN Pin=C144-2
Added Pin To Net: NetName=5V_MAIN Pin=C145-2
Added Pin To Net: NetName=5V_MAIN Pin=C149-1
Added Pin To Net: NetName=5V_MAIN Pin=D13-1
Added Pin To Net: NetName=5V_MAIN Pin=DS3-1
Added Pin To Net: NetName=5V_MAIN Pin=JP2-1
Added Pin To Net: NetName=5V_MAIN Pin=JP3-2
Added Pin To Net: NetName=5V_MAIN Pin=R229-2
Added Pin To Net: NetName=5V_MAIN Pin=R230-2
Added Pin To Net: NetName=5V_MAIN Pin=U24-6
Added Pin To Net: NetName=5V_MAIN Pin=U29-9
Added Pin To Net: NetName=5V_MAIN Pin=U29-10
Added Pin To Net: NetName=5V_MAIN Pin=VR2-3
Added Net: Name=5V_MAIN
Added Pin To Net: NetName=5V_MCU Pin=C11-1
Added Pin To Net: NetName=5V_MCU Pin=C14-1
Added Pin To Net: NetName=5V_MCU Pin=C146-2
Added Pin To Net: NetName=5V_MCU Pin=DS1-1
Added Pin To Net: NetName=5V_MCU Pin=JP3-1
Added Pin To Net: NetName=5V_MCU Pin=L1-2
Added Pin To Net: NetName=5V_MCU Pin=R227-2
Added Pin To Net: NetName=5V_MCU Pin=R228-2
Added Pin To Net: NetName=5V_MCU Pin=R237-1
Added Pin To Net: NetName=5V_MCU Pin=R240-1
Added Pin To Net: NetName=5V_MCU Pin=R243-1
Added Pin To Net: NetName=5V_MCU Pin=R246-1
Added Pin To Net: NetName=5V_MCU Pin=R373-1
Added Pin To Net: NetName=5V_MCU Pin=R379-1
Added Pin To Net: NetName=5V_MCU Pin=R388-1
Added Pin To Net: NetName=5V_MCU Pin=R397-1
Added Pin To Net: NetName=5V_MCU Pin=U24-5
Added Pin To Net: NetName=5V_MCU Pin=VR1-3
Added Net: Name=5V_MCU
Added Pin To Net: NetName=5V_PERI Pin=C162-1
Added Pin To Net: NetName=5V_PERI Pin=C167-2
Added Pin To Net: NetName=5V_PERI Pin=C172-2
Added Pin To Net: NetName=5V_PERI Pin=DS5-1
Added Pin To Net: NetName=5V_PERI Pin=JP5-1
Added Pin To Net: NetName=5V_PERI Pin=JP6-1
Added Pin To Net: NetName=5V_PERI Pin=JP8-1
Added Pin To Net: NetName=5V_PERI Pin=L6-2
Added Pin To Net: NetName=5V_PERI Pin=R380-2
Added Pin To Net: NetName=5V_PERI Pin=R389-2
Added Pin To Net: NetName=5V_PERI Pin=U36-5
Added Pin To Net: NetName=5V_PERI Pin=U37-5
Added Net: Name=5V_PERI
Added Pin To Net: NetName=5V_TEC Pin=C165-2
Added Pin To Net: NetName=5V_TEC Pin=C166-2
Added Pin To Net: NetName=5V_TEC Pin=D15-1
Added Pin To Net: NetName=5V_TEC Pin=DS6-1
Added Pin To Net: NetName=5V_TEC Pin=JP5-2
Added Pin To Net: NetName=5V_TEC Pin=R381-2
Added Pin To Net: NetName=5V_TEC Pin=R382-2
Added Pin To Net: NetName=5V_TEC Pin=U36-6
Added Net: Name=5V_TEC
Added Pin To Net: NetName=24M_EN Pin=U29-98
Added Net: Name=24M_EN
Added Pin To Net: NetName=ADC_TEMP1 Pin=C94-2
Added Pin To Net: NetName=ADC_TEMP1 Pin=R143-2
Added Net: Name=ADC_TEMP1
Added Pin To Net: NetName=ADC_TEMP2 Pin=C101-2
Added Pin To Net: NetName=ADC_TEMP2 Pin=R149-2
Added Net: Name=ADC_TEMP2
Added Pin To Net: NetName=ADC_TEMP3 Pin=C106-2
Added Pin To Net: NetName=ADC_TEMP3 Pin=R155-2
Added Net: Name=ADC_TEMP3
Added Pin To Net: NetName=ADC_TEMP4 Pin=C113-2
Added Pin To Net: NetName=ADC_TEMP4 Pin=R161-2
Added Net: Name=ADC_TEMP4
Added Pin To Net: NetName=ADC_TEMP5 Pin=C97-2
Added Pin To Net: NetName=ADC_TEMP5 Pin=R144-2
Added Net: Name=ADC_TEMP5
Added Pin To Net: NetName=ADC_TEMP6 Pin=C103-2
Added Pin To Net: NetName=ADC_TEMP6 Pin=R150-2
Added Net: Name=ADC_TEMP6
Added Pin To Net: NetName=ADC_TEMP7 Pin=C109-2
Added Pin To Net: NetName=ADC_TEMP7 Pin=R156-2
Added Net: Name=ADC_TEMP7
Added Pin To Net: NetName=ADC_TEMP8 Pin=C115-2
Added Pin To Net: NetName=ADC_TEMP8 Pin=R81-2
Added Pin To Net: NetName=ADC_TEMP8 Pin=R162-2
Added Net: Name=ADC_TEMP8
Added Net: Name=ADT2_USB_D_N
Added Net: Name=ADT2_USB_D_P
Added Pin To Net: NetName=AUDIOCLK Pin=U29-113
Added Net: Name=AUDIOCLK
Added Pin To Net: NetName=CONN_USB_1_N Pin=D3-1
Added Pin To Net: NetName=CONN_USB_1_N Pin=U4-14
Added Net: Name=CONN_USB_1_N
Added Pin To Net: NetName=CONN_USB_1_P Pin=D3-3
Added Pin To Net: NetName=CONN_USB_1_P Pin=U4-13
Added Net: Name=CONN_USB_1_P
Added Pin To Net: NetName=CONN_USB_1_R_N Pin=D3-6
Added Pin To Net: NetName=CONN_USB_1_R_N Pin=J4-3
Added Net: Name=CONN_USB_1_R_N
Added Pin To Net: NetName=CONN_USB_1_R_P Pin=D3-4
Added Pin To Net: NetName=CONN_USB_1_R_P Pin=J4-2
Added Net: Name=CONN_USB_1_R_P
Added Pin To Net: NetName=CONN_USB_2_N Pin=D4-1
Added Pin To Net: NetName=CONN_USB_2_N Pin=U4-12
Added Net: Name=CONN_USB_2_N
Added Pin To Net: NetName=CONN_USB_2_P Pin=D4-3
Added Pin To Net: NetName=CONN_USB_2_P Pin=U4-11
Added Net: Name=CONN_USB_2_P
Added Pin To Net: NetName=CONN_USB_2_R_N Pin=D4-6
Added Pin To Net: NetName=CONN_USB_2_R_N Pin=J5-3
Added Net: Name=CONN_USB_2_R_N
Added Pin To Net: NetName=CONN_USB_2_R_P Pin=D4-4
Added Pin To Net: NetName=CONN_USB_2_R_P Pin=J5-2
Added Net: Name=CONN_USB_2_R_P
Added Pin To Net: NetName=eFUSE_ILIM_5V_HD4 Pin=R396-2
Added Pin To Net: NetName=eFUSE_ILIM_5V_HD4 Pin=U37-9
Added Net: Name=eFUSE_ILIM_5V_HD4
Added Net: Name=eFUSE_ILIM_5V_TEC
Added Pin To Net: NetName=eFUSE_ILIM_IF_12V Pin=R6-2
Added Pin To Net: NetName=eFUSE_ILIM_IF_12V Pin=U1-9
Added Net: Name=eFUSE_ILIM_IF_12V
Added Pin To Net: NetName=EXP_12V Pin=C1-2
Added Pin To Net: NetName=EXP_12V Pin=C2-2
Added Pin To Net: NetName=EXP_12V Pin=C10-1
Added Pin To Net: NetName=EXP_12V Pin=C161-1
Added Pin To Net: NetName=EXP_12V Pin=D1-1
Added Pin To Net: NetName=EXP_12V Pin=J20-1
Added Pin To Net: NetName=EXP_12V Pin=J21-1
Added Pin To Net: NetName=EXP_12V Pin=J22-1
Added Pin To Net: NetName=EXP_12V Pin=JP1-2
Added Pin To Net: NetName=EXP_12V Pin=R2-2
Added Pin To Net: NetName=EXP_12V Pin=R3-2
Added Pin To Net: NetName=EXP_12V Pin=U1-6
Added Pin To Net: NetName=EXP_12V Pin=U2-7
Added Pin To Net: NetName=EXP_12V Pin=U35-7
Added Net: Name=EXP_12V
Added Pin To Net: NetName=EXP_GND Pin=J2-5
Added Net: Name=EXP_GND
Added Pin To Net: NetName=GND Pin=C1-1
Added Pin To Net: NetName=GND Pin=C2-1
Added Pin To Net: NetName=GND Pin=C3-1
Added Pin To Net: NetName=GND Pin=C4-1
Added Pin To Net: NetName=GND Pin=C5-1
Added Pin To Net: NetName=GND Pin=C6-1
Added Pin To Net: NetName=GND Pin=C10-2
Added Pin To Net: NetName=GND Pin=C11-2
Added Pin To Net: NetName=GND Pin=C12-1
Added Pin To Net: NetName=GND Pin=C13-1
Added Pin To Net: NetName=GND Pin=C14-2
Added Pin To Net: NetName=GND Pin=C17-1
Added Pin To Net: NetName=GND Pin=C18-1
Added Pin To Net: NetName=GND Pin=C19-1
Added Pin To Net: NetName=GND Pin=C20-1
Added Pin To Net: NetName=GND Pin=C21-1
Added Pin To Net: NetName=GND Pin=C22-1
Added Pin To Net: NetName=GND Pin=C23-2
Added Pin To Net: NetName=GND Pin=C24-2
Added Pin To Net: NetName=GND Pin=C25-1
Added Pin To Net: NetName=GND Pin=C26-1
Added Pin To Net: NetName=GND Pin=C27-1
Added Pin To Net: NetName=GND Pin=C28-1
Added Pin To Net: NetName=GND Pin=C29-1
Added Pin To Net: NetName=GND Pin=C30-1
Added Pin To Net: NetName=GND Pin=C31-1
Added Pin To Net: NetName=GND Pin=C32-1
Added Pin To Net: NetName=GND Pin=C33-1
Added Pin To Net: NetName=GND Pin=C34-1
Added Pin To Net: NetName=GND Pin=C35-1
Added Pin To Net: NetName=GND Pin=C36-1
Added Pin To Net: NetName=GND Pin=C37-1
Added Pin To Net: NetName=GND Pin=C38-1
Added Pin To Net: NetName=GND Pin=C39-1
Added Pin To Net: NetName=GND Pin=C40-1
Added Pin To Net: NetName=GND Pin=C41-1
Added Pin To Net: NetName=GND Pin=C42-1
Added Pin To Net: NetName=GND Pin=C43-1
Added Pin To Net: NetName=GND Pin=C44-1
Added Pin To Net: NetName=GND Pin=C45-1
Added Pin To Net: NetName=GND Pin=C46-1
Added Pin To Net: NetName=GND Pin=C47-1
Added Pin To Net: NetName=GND Pin=C48-1
Added Pin To Net: NetName=GND Pin=C49-1
Added Pin To Net: NetName=GND Pin=C50-1
Added Pin To Net: NetName=GND Pin=C51-1
Added Pin To Net: NetName=GND Pin=C52-1
Added Pin To Net: NetName=GND Pin=C53-1
Added Pin To Net: NetName=GND Pin=C54-1
Added Pin To Net: NetName=GND Pin=C55-1
Added Pin To Net: NetName=GND Pin=C56-1
Added Pin To Net: NetName=GND Pin=C59-1
Added Pin To Net: NetName=GND Pin=C60-1
Added Pin To Net: NetName=GND Pin=C63-1
Added Pin To Net: NetName=GND Pin=C64-1
Added Pin To Net: NetName=GND Pin=C65-1
Added Pin To Net: NetName=GND Pin=C66-1
Added Pin To Net: NetName=GND Pin=C67-1
Added Pin To Net: NetName=GND Pin=C68-1
Added Pin To Net: NetName=GND Pin=C69-1
Added Pin To Net: NetName=GND Pin=C70-1
Added Pin To Net: NetName=GND Pin=C71-1
Added Pin To Net: NetName=GND Pin=C72-1
Added Pin To Net: NetName=GND Pin=C73-1
Added Pin To Net: NetName=GND Pin=C74-1
Added Pin To Net: NetName=GND Pin=C75-1
Added Pin To Net: NetName=GND Pin=C76-1
Added Pin To Net: NetName=GND Pin=C77-1
Added Pin To Net: NetName=GND Pin=C78-1
Added Pin To Net: NetName=GND Pin=C81-1
Added Pin To Net: NetName=GND Pin=C82-1
Added Pin To Net: NetName=GND Pin=C85-1
Added Pin To Net: NetName=GND Pin=C86-1
Added Pin To Net: NetName=GND Pin=C87-1
Added Pin To Net: NetName=GND Pin=C88-1
Added Pin To Net: NetName=GND Pin=C89-1
Added Pin To Net: NetName=GND Pin=C90-1
Added Pin To Net: NetName=GND Pin=C91-1
Added Pin To Net: NetName=GND Pin=C92-1
Added Pin To Net: NetName=GND Pin=C93-1
Added Pin To Net: NetName=GND Pin=C94-1
Added Pin To Net: NetName=GND Pin=C95-1
Added Pin To Net: NetName=GND Pin=C96-1
Added Pin To Net: NetName=GND Pin=C97-1
Added Pin To Net: NetName=GND Pin=C98-1
Added Pin To Net: NetName=GND Pin=C99-1
Added Pin To Net: NetName=GND Pin=C100-1
Added Pin To Net: NetName=GND Pin=C101-1
Added Pin To Net: NetName=GND Pin=C102-1
Added Pin To Net: NetName=GND Pin=C103-1
Added Pin To Net: NetName=GND Pin=C104-1
Added Pin To Net: NetName=GND Pin=C105-1
Added Pin To Net: NetName=GND Pin=C106-1
Added Pin To Net: NetName=GND Pin=C107-1
Added Pin To Net: NetName=GND Pin=C108-1
Added Pin To Net: NetName=GND Pin=C109-1
Added Pin To Net: NetName=GND Pin=C110-1
Added Pin To Net: NetName=GND Pin=C111-1
Added Pin To Net: NetName=GND Pin=C112-1
Added Pin To Net: NetName=GND Pin=C113-1
Added Pin To Net: NetName=GND Pin=C114-1
Added Pin To Net: NetName=GND Pin=C115-1
Added Pin To Net: NetName=GND Pin=C116-1
Added Pin To Net: NetName=GND Pin=C117-1
Added Pin To Net: NetName=GND Pin=C118-1
Added Pin To Net: NetName=GND Pin=C119-1
Added Pin To Net: NetName=GND Pin=C120-1
Added Pin To Net: NetName=GND Pin=C121-1
Added Pin To Net: NetName=GND Pin=C122-1
Added Pin To Net: NetName=GND Pin=C123-1
Added Pin To Net: NetName=GND Pin=C124-1
Added Pin To Net: NetName=GND Pin=C125-1
Added Pin To Net: NetName=GND Pin=C126-1
Added Pin To Net: NetName=GND Pin=C127-1
Added Pin To Net: NetName=GND Pin=C128-1
Added Pin To Net: NetName=GND Pin=C129-1
Added Pin To Net: NetName=GND Pin=C130-1
Added Pin To Net: NetName=GND Pin=C131-1
Added Pin To Net: NetName=GND Pin=C132-1
Added Pin To Net: NetName=GND Pin=C133-1
Added Pin To Net: NetName=GND Pin=C134-1
Added Pin To Net: NetName=GND Pin=C135-1
Added Pin To Net: NetName=GND Pin=C136-1
Added Pin To Net: NetName=GND Pin=C137-1
Added Pin To Net: NetName=GND Pin=C138-1
Added Pin To Net: NetName=GND Pin=C139-1
Added Pin To Net: NetName=GND Pin=C140-1
Added Pin To Net: NetName=GND Pin=C141-1
Added Pin To Net: NetName=GND Pin=C142-1
Added Pin To Net: NetName=GND Pin=C143-1
Added Pin To Net: NetName=GND Pin=C144-1
Added Pin To Net: NetName=GND Pin=C145-1
Added Pin To Net: NetName=GND Pin=C146-1
Added Pin To Net: NetName=GND Pin=C147-1
Added Pin To Net: NetName=GND Pin=C148-1
Added Pin To Net: NetName=GND Pin=C149-2
Added Pin To Net: NetName=GND Pin=C150-1
Added Pin To Net: NetName=GND Pin=C151-1
Added Pin To Net: NetName=GND Pin=C152-2
Added Pin To Net: NetName=GND Pin=C153-1
Added Pin To Net: NetName=GND Pin=C154-1
Added Pin To Net: NetName=GND Pin=C155-1
Added Pin To Net: NetName=GND Pin=C156-1
Added Pin To Net: NetName=GND Pin=C157-2
Added Pin To Net: NetName=GND Pin=C161-2
Added Pin To Net: NetName=GND Pin=C162-2
Added Pin To Net: NetName=GND Pin=C165-1
Added Pin To Net: NetName=GND Pin=C166-1
Added Pin To Net: NetName=GND Pin=C167-1
Added Pin To Net: NetName=GND Pin=C168-1
Added Pin To Net: NetName=GND Pin=C169-1
Added Pin To Net: NetName=GND Pin=C170-1
Added Pin To Net: NetName=GND Pin=C171-1
Added Pin To Net: NetName=GND Pin=C172-1
Added Pin To Net: NetName=GND Pin=C173-1
Added Pin To Net: NetName=GND Pin=C174-1
Added Pin To Net: NetName=GND Pin=C175-1
Added Pin To Net: NetName=GND Pin=C176-1
Added Pin To Net: NetName=GND Pin=C177-1
Added Pin To Net: NetName=GND Pin=C178-1
Added Pin To Net: NetName=GND Pin=C179-1
Added Pin To Net: NetName=GND Pin=D1-2
Added Pin To Net: NetName=GND Pin=D2-2
Added Pin To Net: NetName=GND Pin=D3-2
Added Pin To Net: NetName=GND Pin=D4-2
Added Pin To Net: NetName=GND Pin=D13-2
Added Pin To Net: NetName=GND Pin=D14-2
Added Pin To Net: NetName=GND Pin=D15-2
Added Pin To Net: NetName=GND Pin=D16-2
Added Pin To Net: NetName=GND Pin=D17-2
Added Pin To Net: NetName=GND Pin=H2-1
Added Pin To Net: NetName=GND Pin=H3-1
Added Pin To Net: NetName=GND Pin=H4-1
Added Pin To Net: NetName=GND Pin=H5-1
Added Pin To Net: NetName=GND Pin=H7-1
Added Pin To Net: NetName=GND Pin=H8-1
Added Pin To Net: NetName=GND Pin=H9-1
Added Pin To Net: NetName=GND Pin=H10-1
Added Pin To Net: NetName=GND Pin=H11-1
Added Pin To Net: NetName=GND Pin=H12-1
Added Pin To Net: NetName=GND Pin=H13-1
Added Pin To Net: NetName=GND Pin=H14-1
Added Pin To Net: NetName=GND Pin=H15-1
Added Pin To Net: NetName=GND Pin=J4-5
Added Pin To Net: NetName=GND Pin=J4-M1
Added Pin To Net: NetName=GND Pin=J4-M2
Added Pin To Net: NetName=GND Pin=J5-5
Added Pin To Net: NetName=GND Pin=J5-M1
Added Pin To Net: NetName=GND Pin=J5-M2
Added Pin To Net: NetName=GND Pin=J6-M1
Added Pin To Net: NetName=GND Pin=J6-M2
Added Pin To Net: NetName=GND Pin=J7-M1
Added Pin To Net: NetName=GND Pin=J7-M2
Added Pin To Net: NetName=GND Pin=J8-M1
Added Pin To Net: NetName=GND Pin=J8-M2
Added Pin To Net: NetName=GND Pin=J9-M1
Added Pin To Net: NetName=GND Pin=J9-M2
Added Pin To Net: NetName=GND Pin=J10-M1
Added Pin To Net: NetName=GND Pin=J10-M2
Added Pin To Net: NetName=GND Pin=J11-M1
Added Pin To Net: NetName=GND Pin=J11-M2
Added Pin To Net: NetName=GND Pin=J12-4
Added Pin To Net: NetName=GND Pin=J12-M1
Added Pin To Net: NetName=GND Pin=J12-M2
Added Pin To Net: NetName=GND Pin=J13-4
Added Pin To Net: NetName=GND Pin=J13-M1
Added Pin To Net: NetName=GND Pin=J13-M2
Added Pin To Net: NetName=GND Pin=J14-4
Added Pin To Net: NetName=GND Pin=J14-M1
Added Pin To Net: NetName=GND Pin=J14-M2
Added Pin To Net: NetName=GND Pin=J15-5
Added Pin To Net: NetName=GND Pin=J15-6
Added Pin To Net: NetName=GND Pin=J15-6
Added Pin To Net: NetName=GND Pin=J15-6
Added Pin To Net: NetName=GND Pin=J15-6
Added Pin To Net: NetName=GND Pin=J15-6
Added Pin To Net: NetName=GND Pin=J15-6
Added Pin To Net: NetName=GND Pin=J16-G1
Added Pin To Net: NetName=GND Pin=J16-G2
Added Pin To Net: NetName=GND Pin=J16-G3
Added Pin To Net: NetName=GND Pin=J16-G4
Added Pin To Net: NetName=GND Pin=J16-P6
Added Pin To Net: NetName=GND Pin=J17-4
Added Pin To Net: NetName=GND Pin=J17-M1
Added Pin To Net: NetName=GND Pin=J17-M2
Added Pin To Net: NetName=GND Pin=J18-4
Added Pin To Net: NetName=GND Pin=J18-M1
Added Pin To Net: NetName=GND Pin=J18-M2
Added Pin To Net: NetName=GND Pin=J19-M1
Added Pin To Net: NetName=GND Pin=J19-M2
Added Pin To Net: NetName=GND Pin=J20-2
Added Pin To Net: NetName=GND Pin=J20-M1
Added Pin To Net: NetName=GND Pin=J20-M2
Added Pin To Net: NetName=GND Pin=J21-2
Added Pin To Net: NetName=GND Pin=J21-M1
Added Pin To Net: NetName=GND Pin=J21-M2
Added Pin To Net: NetName=GND Pin=J22-2
Added Pin To Net: NetName=GND Pin=J22-M1
Added Pin To Net: NetName=GND Pin=J22-M2
Added Pin To Net: NetName=GND Pin=Q3-2
Added Pin To Net: NetName=GND Pin=Q4-2
Added Pin To Net: NetName=GND Pin=Q5-2
Added Pin To Net: NetName=GND Pin=Q6-2
Added Pin To Net: NetName=GND Pin=Q7-2
Added Pin To Net: NetName=GND Pin=Q8-2
Added Pin To Net: NetName=GND Pin=Q9-2
Added Pin To Net: NetName=GND Pin=Q10-2
Added Pin To Net: NetName=GND Pin=R5-1
Added Pin To Net: NetName=GND Pin=R6-1
Added Pin To Net: NetName=GND Pin=R85-1
Added Pin To Net: NetName=GND Pin=R90-2
Added Pin To Net: NetName=GND Pin=R91-2
Added Pin To Net: NetName=GND Pin=R97-2
Added Pin To Net: NetName=GND Pin=R98-2
Added Pin To Net: NetName=GND Pin=R105-2
Added Pin To Net: NetName=GND Pin=R106-2
Added Pin To Net: NetName=GND Pin=R107-2
Added Pin To Net: NetName=GND Pin=R108-2
Added Pin To Net: NetName=GND Pin=R115-2
Added Pin To Net: NetName=GND Pin=R116-2
Added Pin To Net: NetName=GND Pin=R117-2
Added Pin To Net: NetName=GND Pin=R118-2
Added Pin To Net: NetName=GND Pin=R121-1
Added Pin To Net: NetName=GND Pin=R122-1
Added Pin To Net: NetName=GND Pin=R124-1
Added Pin To Net: NetName=GND Pin=R125-1
Added Pin To Net: NetName=GND Pin=R126-1
Added Pin To Net: NetName=GND Pin=R129-1
Added Pin To Net: NetName=GND Pin=R130-1
Added Pin To Net: NetName=GND Pin=R133-1
Added Pin To Net: NetName=GND Pin=R134-1
Added Pin To Net: NetName=GND Pin=R137-1
Added Pin To Net: NetName=GND Pin=R138-1
Added Pin To Net: NetName=GND Pin=R141-1
Added Pin To Net: NetName=GND Pin=R142-1
Added Pin To Net: NetName=GND Pin=R147-1
Added Pin To Net: NetName=GND Pin=R148-1
Added Pin To Net: NetName=GND Pin=R153-1
Added Pin To Net: NetName=GND Pin=R154-1
Added Pin To Net: NetName=GND Pin=R159-1
Added Pin To Net: NetName=GND Pin=R160-1
Added Pin To Net: NetName=GND Pin=R165-1
Added Pin To Net: NetName=GND Pin=R166-1
Added Pin To Net: NetName=GND Pin=R169-1
Added Pin To Net: NetName=GND Pin=R171-1
Added Pin To Net: NetName=GND Pin=R178-2
Added Pin To Net: NetName=GND Pin=R188-2
Added Pin To Net: NetName=GND Pin=R192-2
Added Pin To Net: NetName=GND Pin=R200-2
Added Pin To Net: NetName=GND Pin=R233-1
Added Pin To Net: NetName=GND Pin=R234-2
Added Pin To Net: NetName=GND Pin=R235-1
Added Pin To Net: NetName=GND Pin=R238-2
Added Pin To Net: NetName=GND Pin=R239-2
Added Pin To Net: NetName=GND Pin=R241-2
Added Pin To Net: NetName=GND Pin=R242-2
Added Pin To Net: NetName=GND Pin=R244-2
Added Pin To Net: NetName=GND Pin=R245-2
Added Pin To Net: NetName=GND Pin=R247-2
Added Pin To Net: NetName=GND Pin=R248-2
Added Pin To Net: NetName=GND Pin=R345-1
Added Pin To Net: NetName=GND Pin=R347-1
Added Pin To Net: NetName=GND Pin=R350-1
Added Pin To Net: NetName=GND Pin=R351-1
Added Pin To Net: NetName=GND Pin=R353-1
Added Pin To Net: NetName=GND Pin=R355-1
Added Pin To Net: NetName=GND Pin=R357-1
Added Pin To Net: NetName=GND Pin=R371-1
Added Pin To Net: NetName=GND Pin=R372-1
Added Pin To Net: NetName=GND Pin=R377-2
Added Pin To Net: NetName=GND Pin=R385-2
Added Pin To Net: NetName=GND Pin=R386-1
Added Pin To Net: NetName=GND Pin=R387-1
Added Pin To Net: NetName=GND Pin=R394-2
Added Pin To Net: NetName=GND Pin=R395-1
Added Pin To Net: NetName=GND Pin=R396-1
Added Pin To Net: NetName=GND Pin=R403-2
Added Pin To Net: NetName=GND Pin=R404-1
Added Pin To Net: NetName=GND Pin=R405-1
Added Pin To Net: NetName=GND Pin=U1-8
Added Pin To Net: NetName=GND Pin=U2-6
Added Pin To Net: NetName=GND Pin=U2-6
Added Pin To Net: NetName=GND Pin=U2-6
Added Pin To Net: NetName=GND Pin=U2-6
Added Pin To Net: NetName=GND Pin=U2-6
Added Pin To Net: NetName=GND Pin=U2-6
Added Pin To Net: NetName=GND Pin=U2-6
Added Pin To Net: NetName=GND Pin=U2-6
Added Pin To Net: NetName=GND Pin=U2-6
Added Pin To Net: NetName=GND Pin=U2-9
Added Pin To Net: NetName=GND Pin=U4-1
Added Pin To Net: NetName=GND Pin=U4-17
Added Pin To Net: NetName=GND Pin=U5-6
Added Pin To Net: NetName=GND Pin=U6-1
Added Pin To Net: NetName=GND Pin=U7-1
Added Pin To Net: NetName=GND Pin=U8-1
Added Pin To Net: NetName=GND Pin=U9-1
Added Pin To Net: NetName=GND Pin=U11-4
Added Pin To Net: NetName=GND Pin=U12-4
Added Pin To Net: NetName=GND Pin=U13-4
Added Pin To Net: NetName=GND Pin=U14-4
Added Pin To Net: NetName=GND Pin=U15-3
Added Pin To Net: NetName=GND Pin=U16-1
Added Pin To Net: NetName=GND Pin=U16-27
Added Pin To Net: NetName=GND Pin=U17-4
Added Pin To Net: NetName=GND Pin=U18-4
Added Pin To Net: NetName=GND Pin=U19-4
Added Pin To Net: NetName=GND Pin=U20-4
Added Pin To Net: NetName=GND Pin=U21-2
Added Pin To Net: NetName=GND Pin=U22-2
Added Pin To Net: NetName=GND Pin=U23-G2
Added Pin To Net: NetName=GND Pin=U23-G2
Added Pin To Net: NetName=GND Pin=U23-G3
Added Pin To Net: NetName=GND Pin=U23-G3
Added Pin To Net: NetName=GND Pin=U23-G4
Added Pin To Net: NetName=GND Pin=U23-G4
Added Pin To Net: NetName=GND Pin=U23-G5
Added Pin To Net: NetName=GND Pin=U23-G5
Added Pin To Net: NetName=GND Pin=U23-G6
Added Pin To Net: NetName=GND Pin=U23-G6
Added Pin To Net: NetName=GND Pin=U23-G7
Added Pin To Net: NetName=GND Pin=U23-G7
Added Pin To Net: NetName=GND Pin=U23-G8
Added Pin To Net: NetName=GND Pin=U23-G8
Added Pin To Net: NetName=GND Pin=U23-G9
Added Pin To Net: NetName=GND Pin=U23-G9
Added Pin To Net: NetName=GND Pin=U23-H2
Added Pin To Net: NetName=GND Pin=U23-H2
Added Pin To Net: NetName=GND Pin=U23-H9
Added Pin To Net: NetName=GND Pin=U23-H9
Added Pin To Net: NetName=GND Pin=U23-J5
Added Pin To Net: NetName=GND Pin=U23-J5
Added Pin To Net: NetName=GND Pin=U23-L3
Added Pin To Net: NetName=GND Pin=U23-L3
Added Pin To Net: NetName=GND Pin=U23-L8
Added Pin To Net: NetName=GND Pin=U23-L8
Added Pin To Net: NetName=GND Pin=U23-M4
Added Pin To Net: NetName=GND Pin=U23-M4
Added Pin To Net: NetName=GND Pin=U23-M7
Added Pin To Net: NetName=GND Pin=U23-M7
Added Pin To Net: NetName=GND Pin=U23-P2
Added Pin To Net: NetName=GND Pin=U23-P2
Added Pin To Net: NetName=GND Pin=U23-P9
Added Pin To Net: NetName=GND Pin=U23-P9
Added Pin To Net: NetName=GND Pin=U24-8
Added Pin To Net: NetName=GND Pin=U29-1
Added Pin To Net: NetName=GND Pin=U29-2
Added Pin To Net: NetName=GND Pin=U29-13
Added Pin To Net: NetName=GND Pin=U29-18
Added Pin To Net: NetName=GND Pin=U29-25
Added Pin To Net: NetName=GND Pin=U29-40
Added Pin To Net: NetName=GND Pin=U29-41
Added Pin To Net: NetName=GND Pin=U29-42
Added Pin To Net: NetName=GND Pin=U29-43
Added Pin To Net: NetName=GND Pin=U29-51
Added Pin To Net: NetName=GND Pin=U29-70
Added Pin To Net: NetName=GND Pin=U29-73
Added Pin To Net: NetName=GND Pin=U29-78
Added Pin To Net: NetName=GND Pin=U29-83
Added Pin To Net: NetName=GND Pin=U29-84
Added Pin To Net: NetName=GND Pin=U29-94
Added Pin To Net: NetName=GND Pin=U29-95
Added Pin To Net: NetName=GND Pin=U29-96
Added Pin To Net: NetName=GND Pin=U29-97
Added Pin To Net: NetName=GND Pin=U29-108
Added Pin To Net: NetName=GND Pin=U29-112
Added Pin To Net: NetName=GND Pin=U29-135
Added Pin To Net: NetName=GND Pin=U29-136
Added Pin To Net: NetName=GND Pin=U29-137
Added Pin To Net: NetName=GND Pin=U29-138
Added Pin To Net: NetName=GND Pin=U29-145
Added Pin To Net: NetName=GND Pin=U29-147
Added Pin To Net: NetName=GND Pin=U29-161
Added Pin To Net: NetName=GND Pin=U29-169
Added Pin To Net: NetName=GND Pin=U29-189
Added Pin To Net: NetName=GND Pin=U29-190
Added Pin To Net: NetName=GND Pin=U30-4
Added Pin To Net: NetName=GND Pin=U31-6
Added Pin To Net: NetName=GND Pin=U34-2
Added Pin To Net: NetName=GND Pin=U35-6
Added Pin To Net: NetName=GND Pin=U35-6
Added Pin To Net: NetName=GND Pin=U35-6
Added Pin To Net: NetName=GND Pin=U35-6
Added Pin To Net: NetName=GND Pin=U35-6
Added Pin To Net: NetName=GND Pin=U35-6
Added Pin To Net: NetName=GND Pin=U35-6
Added Pin To Net: NetName=GND Pin=U35-6
Added Pin To Net: NetName=GND Pin=U35-6
Added Pin To Net: NetName=GND Pin=U35-9
Added Pin To Net: NetName=GND Pin=U36-8
Added Pin To Net: NetName=GND Pin=U37-8
Added Pin To Net: NetName=GND Pin=U38-8
Added Pin To Net: NetName=GND Pin=VR1-1
Added Pin To Net: NetName=GND Pin=VR2-1
Added Pin To Net: NetName=GND Pin=U6-5
Added Pin To Net: NetName=GND Pin=U6-10
Added Pin To Net: NetName=GND Pin=U6-21
Added Pin To Net: NetName=GND Pin=U6-22
Added Pin To Net: NetName=GND Pin=U7-5
Added Pin To Net: NetName=GND Pin=U7-10
Added Pin To Net: NetName=GND Pin=U7-21
Added Pin To Net: NetName=GND Pin=U7-22
Added Pin To Net: NetName=GND Pin=U8-5
Added Pin To Net: NetName=GND Pin=U8-10
Added Pin To Net: NetName=GND Pin=U8-21
Added Pin To Net: NetName=GND Pin=U8-22
Added Pin To Net: NetName=GND Pin=U9-5
Added Pin To Net: NetName=GND Pin=U9-10
Added Pin To Net: NetName=GND Pin=U9-21
Added Pin To Net: NetName=GND Pin=U9-22
Added Net: Name=GND
Added Pin To Net: NetName=HD4_A0 Pin=R168-2
Added Pin To Net: NetName=HD4_A0 Pin=R169-2
Added Pin To Net: NetName=HD4_A0 Pin=U16-3
Added Net: Name=HD4_A0
Added Pin To Net: NetName=HD4_A1 Pin=R170-2
Added Pin To Net: NetName=HD4_A1 Pin=R171-2
Added Pin To Net: NetName=HD4_A1 Pin=U16-4
Added Net: Name=HD4_A1
Added Pin To Net: NetName=HD4_CH11+ Pin=J11-7
Added Pin To Net: NetName=HD4_CH11+ Pin=U16-16
Added Net: Name=HD4_CH11+
Added Pin To Net: NetName=HD4_CH11- Pin=J11-8
Added Pin To Net: NetName=HD4_CH11- Pin=U16-15
Added Net: Name=HD4_CH11-
Added Pin To Net: NetName=HD4_CH12+ Pin=J11-6
Added Pin To Net: NetName=HD4_CH12+ Pin=U16-17
Added Net: Name=HD4_CH12+
Added Pin To Net: NetName=HD4_CH12- Pin=J11-5
Added Pin To Net: NetName=HD4_CH12- Pin=U16-18
Added Net: Name=HD4_CH12-
Added Pin To Net: NetName=HD4_CH21+ Pin=J11-3
Added Pin To Net: NetName=HD4_CH21+ Pin=U16-20
Added Net: Name=HD4_CH21+
Added Pin To Net: NetName=HD4_CH21- Pin=J11-4
Added Pin To Net: NetName=HD4_CH21- Pin=U16-19
Added Net: Name=HD4_CH21-
Added Pin To Net: NetName=HD4_CH22+ Pin=J11-2
Added Pin To Net: NetName=HD4_CH22+ Pin=U16-21
Added Net: Name=HD4_CH22+
Added Pin To Net: NetName=HD4_CH22- Pin=J11-1
Added Pin To Net: NetName=HD4_CH22- Pin=U16-22
Added Net: Name=HD4_CH22-
Added Pin To Net: NetName=HD4_CH31+ Pin=J10-2
Added Pin To Net: NetName=HD4_CH31+ Pin=U16-8
Added Net: Name=HD4_CH31+
Added Pin To Net: NetName=HD4_CH31- Pin=J10-1
Added Pin To Net: NetName=HD4_CH31- Pin=U16-7
Added Net: Name=HD4_CH31-
Added Pin To Net: NetName=HD4_CH32+ Pin=J10-3
Added Pin To Net: NetName=HD4_CH32+ Pin=U16-9
Added Net: Name=HD4_CH32+
Added Pin To Net: NetName=HD4_CH32- Pin=J10-4
Added Pin To Net: NetName=HD4_CH32- Pin=U16-10
Added Net: Name=HD4_CH32-
Added Pin To Net: NetName=HD4_CH41+ Pin=J10-6
Added Pin To Net: NetName=HD4_CH41+ Pin=U16-12
Added Net: Name=HD4_CH41+
Added Pin To Net: NetName=HD4_CH41- Pin=J10-5
Added Pin To Net: NetName=HD4_CH41- Pin=U16-11
Added Net: Name=HD4_CH41-
Added Pin To Net: NetName=HD4_CH42+ Pin=J10-7
Added Pin To Net: NetName=HD4_CH42+ Pin=U16-13
Added Net: Name=HD4_CH42+
Added Pin To Net: NetName=HD4_CH42- Pin=J10-8
Added Pin To Net: NetName=HD4_CH42- Pin=U16-14
Added Net: Name=HD4_CH42-
Added Pin To Net: NetName=HEATER_B_1 Pin=D5-2
Added Pin To Net: NetName=HEATER_B_1 Pin=J7-2
Added Pin To Net: NetName=HEATER_B_1 Pin=Q3-3
Added Net: Name=HEATER_B_1
Added Pin To Net: NetName=HEATER_B_2 Pin=D7-2
Added Pin To Net: NetName=HEATER_B_2 Pin=J7-4
Added Pin To Net: NetName=HEATER_B_2 Pin=Q5-3
Added Net: Name=HEATER_B_2
Added Pin To Net: NetName=HEATER_B_3 Pin=D9-2
Added Pin To Net: NetName=HEATER_B_3 Pin=J7-6
Added Pin To Net: NetName=HEATER_B_3 Pin=Q7-3
Added Net: Name=HEATER_B_3
Added Pin To Net: NetName=HEATER_B_4 Pin=D11-2
Added Pin To Net: NetName=HEATER_B_4 Pin=J7-8
Added Pin To Net: NetName=HEATER_B_4 Pin=Q9-3
Added Net: Name=HEATER_B_4
Added Pin To Net: NetName=HEATER_B_5 Pin=D6-2
Added Pin To Net: NetName=HEATER_B_5 Pin=Q4-3
Added Net: Name=HEATER_B_5
Added Pin To Net: NetName=HEATER_B_6 Pin=D8-2
Added Pin To Net: NetName=HEATER_B_6 Pin=Q6-3
Added Net: Name=HEATER_B_6
Added Pin To Net: NetName=HEATER_B_7 Pin=D10-2
Added Pin To Net: NetName=HEATER_B_7 Pin=Q8-3
Added Net: Name=HEATER_B_7
Added Pin To Net: NetName=HEATER_B_8 Pin=D12-2
Added Pin To Net: NetName=HEATER_B_8 Pin=Q10-3
Added Net: Name=HEATER_B_8
Added Pin To Net: NetName=HEATER_PWM_1 Pin=R22-1
Added Pin To Net: NetName=HEATER_PWM_1 Pin=R127-1
Added Net: Name=HEATER_PWM_1
Added Pin To Net: NetName=HEATER_PWM_2 Pin=R14-2
Added Pin To Net: NetName=HEATER_PWM_2 Pin=R131-1
Added Net: Name=HEATER_PWM_2
Added Pin To Net: NetName=HEATER_PWM_3 Pin=R71-2
Added Pin To Net: NetName=HEATER_PWM_3 Pin=R135-1
Added Net: Name=HEATER_PWM_3
Added Pin To Net: NetName=HEATER_PWM_4 Pin=R73-2
Added Pin To Net: NetName=HEATER_PWM_4 Pin=R139-1
Added Net: Name=HEATER_PWM_4
Added Pin To Net: NetName=HEATER_PWM_5 Pin=R128-1
Added Net: Name=HEATER_PWM_5
Added Pin To Net: NetName=HEATER_PWM_6 Pin=R132-1
Added Net: Name=HEATER_PWM_6
Added Pin To Net: NetName=HEATER_PWM_7 Pin=R136-1
Added Net: Name=HEATER_PWM_7
Added Pin To Net: NetName=HEATER_PWM_8 Pin=R140-1
Added Net: Name=HEATER_PWM_8
Added Pin To Net: NetName=I2C_SCL Pin=R174-2
Added Pin To Net: NetName=I2C_SCL Pin=U16-6
Added Pin To Net: NetName=I2C_SCL Pin=U17-7
Added Net: Name=I2C_SCL
Added Pin To Net: NetName=I2C_SDA Pin=R175-2
Added Pin To Net: NetName=I2C_SDA Pin=U16-5
Added Pin To Net: NetName=I2C_SDA Pin=U17-6
Added Net: Name=I2C_SDA
Added Pin To Net: NetName=IF_12V Pin=C3-2
Added Pin To Net: NetName=IF_12V Pin=C4-2
Added Pin To Net: NetName=IF_12V Pin=J1-1
Added Pin To Net: NetName=IF_12V Pin=J1-2
Added Pin To Net: NetName=IF_12V Pin=JP1-1
Added Pin To Net: NetName=IF_12V Pin=R1-2
Added Pin To Net: NetName=IF_12V Pin=U1-5
Added Net: Name=IF_12V
Added Pin To Net: NetName=IF_GND Pin=J1-3
Added Pin To Net: NetName=IF_GND Pin=J1-4
Added Net: Name=IF_GND
Added Pin To Net: NetName=IF_MCU_SHUTDOWN Pin=J2-8
Added Net: Name=IF_MCU_SHUTDOWN
Added Pin To Net: NetName=IF_SOM_USB_N Pin=J2-7
Added Pin To Net: NetName=IF_SOM_USB_N Pin=R323-1
Added Net: Name=IF_SOM_USB_N
Added Pin To Net: NetName=IF_SOM_USB_P Pin=J2-6
Added Pin To Net: NetName=IF_SOM_USB_P Pin=R325-1
Added Net: Name=IF_SOM_USB_P
Added Pin To Net: NetName=JTAGSEL Pin=R351-2
Added Pin To Net: NetName=JTAGSEL Pin=U29-114
Added Net: Name=JTAGSEL
Added Pin To Net: NetName=LASER_ADC_1 Pin=R83-2
Added Pin To Net: NetName=LASER_ADC_1 Pin=R282-1
Added Net: Name=LASER_ADC_1
Added Pin To Net: NetName=LASER_DAC_LATCH Pin=R67-2
Added Pin To Net: NetName=LASER_DAC_LATCH Pin=R272-2
Added Pin To Net: NetName=LASER_DAC_LATCH Pin=R279-1
Added Net: Name=LASER_DAC_LATCH
Added Pin To Net: NetName=LASER_SW_EXT_CS Pin=R56-2
Added Pin To Net: NetName=LASER_SW_EXT_CS Pin=R274-2
Added Pin To Net: NetName=LASER_SW_EXT_CS Pin=R281-1
Added Net: Name=LASER_SW_EXT_CS
Added Pin To Net: NetName=LASER_SW_INT_CS Pin=R55-2
Added Pin To Net: NetName=LASER_SW_INT_CS Pin=R273-2
Added Pin To Net: NetName=LASER_SW_INT_CS Pin=R280-1
Added Net: Name=LASER_SW_INT_CS
Added Pin To Net: NetName=MCP16502_HPM Pin=U29-14
Added Net: Name=MCP16502_HPM
Added Pin To Net: NetName=MCU_CONSOLE_x_RX Pin=R224-1
Added Pin To Net: NetName=MCU_CONSOLE_x_RX Pin=R226-2
Added Net: Name=MCU_CONSOLE_x_RX
Added Pin To Net: NetName=MCU_CONSOLE_x_TX Pin=R223-1
Added Pin To Net: NetName=MCU_CONSOLE_x_TX Pin=R225-2
Added Net: Name=MCU_CONSOLE_x_TX
Added Pin To Net: NetName=MCU_HD4_I2C2_SCL Pin=R41-1
Added Pin To Net: NetName=MCU_HD4_I2C2_SCL Pin=R172-2
Added Pin To Net: NetName=MCU_HD4_I2C2_SCL Pin=R176-2
Added Net: Name=MCU_HD4_I2C2_SCL
Added Pin To Net: NetName=MCU_HD4_I2C2_SDA Pin=R39-1
Added Pin To Net: NetName=MCU_HD4_I2C2_SDA Pin=R173-2
Added Pin To Net: NetName=MCU_HD4_I2C2_SDA Pin=R177-2
Added Net: Name=MCU_HD4_I2C2_SDA
Added Pin To Net: NetName=MCU_HD4_I2C_EN Pin=R69-2
Added Pin To Net: NetName=MCU_HD4_I2C_EN Pin=R178-1
Added Pin To Net: NetName=MCU_HD4_I2C_EN Pin=U17-5
Added Net: Name=MCU_HD4_I2C_EN
Added Pin To Net: NetName=MCU_I2C0_SCL Pin=R16-2
Added Pin To Net: NetName=MCU_I2C0_SCL Pin=R120-1
Added Pin To Net: NetName=MCU_I2C0_SCL Pin=R361-1
Added Pin To Net: NetName=MCU_I2C0_SCL Pin=U31-4
Added Net: Name=MCU_I2C0_SCL
Added Pin To Net: NetName=MCU_I2C0_SDA Pin=R15-2
Added Pin To Net: NetName=MCU_I2C0_SDA Pin=R119-1
Added Pin To Net: NetName=MCU_I2C0_SDA Pin=R362-1
Added Pin To Net: NetName=MCU_I2C0_SDA Pin=U31-5
Added Net: Name=MCU_I2C0_SDA
Added Pin To Net: NetName=MCU_JTAGSEL Pin=TP2-0
Added Net: Name=MCU_JTAGSEL
Added Pin To Net: NetName=MCU_MRAM_QSPI_CLK Pin=R26-2
Added Pin To Net: NetName=MCU_MRAM_QSPI_CLK Pin=U30-6
Added Net: Name=MCU_MRAM_QSPI_CLK
Added Pin To Net: NetName=MCU_MRAM_QSPI_IO0 Pin=R25-2
Added Pin To Net: NetName=MCU_MRAM_QSPI_IO0 Pin=U30-5
Added Net: Name=MCU_MRAM_QSPI_IO0
Added Pin To Net: NetName=MCU_MRAM_QSPI_IO1 Pin=R23-2
Added Pin To Net: NetName=MCU_MRAM_QSPI_IO1 Pin=U30-2
Added Net: Name=MCU_MRAM_QSPI_IO1
Added Pin To Net: NetName=MCU_MRAM_QSPI_IO2 Pin=R29-2
Added Pin To Net: NetName=MCU_MRAM_QSPI_IO2 Pin=U30-3
Added Net: Name=MCU_MRAM_QSPI_IO2
Added Pin To Net: NetName=MCU_MRAM_QSPI_IO3 Pin=R45-1
Added Pin To Net: NetName=MCU_MRAM_QSPI_IO3 Pin=U30-7
Added Net: Name=MCU_MRAM_QSPI_IO3
Added Pin To Net: NetName=MCU_nRESET Pin=R48-1
Added Net: Name=MCU_nRESET
Added Pin To Net: NetName=MCU_OSCIN Pin=C21-2
Added Pin To Net: NetName=MCU_OSCIN Pin=R66-1
Added Pin To Net: NetName=MCU_OSCIN Pin=R84-2
Added Net: Name=MCU_OSCIN
Added Pin To Net: NetName=MCU_OSCOUT Pin=C22-2
Added Pin To Net: NetName=MCU_OSCOUT Pin=R68-1
Added Pin To Net: NetName=MCU_OSCOUT Pin=R84-1
Added Net: Name=MCU_OSCOUT
Added Pin To Net: NetName=MCU_PRAM_SPI1_nCS Pin=R80-2
Added Net: Name=MCU_PRAM_SPI1_nCS
Added Pin To Net: NetName=MCU_RAM_QSPI_nCS Pin=R21-2
Added Pin To Net: NetName=MCU_RAM_QSPI_nCS Pin=R358-1
Added Pin To Net: NetName=MCU_RAM_QSPI_nCS Pin=U30-1
Added Net: Name=MCU_RAM_QSPI_nCS
Added Pin To Net: NetName=MCU_RTC_CLKOUT Pin=R51-2
Added Pin To Net: NetName=MCU_RTC_CLKOUT Pin=R359-1
Added Pin To Net: NetName=MCU_RTC_CLKOUT Pin=U31-3
Added Net: Name=MCU_RTC_CLKOUT
Added Pin To Net: NetName=MCU_RTC_INT Pin=R52-2
Added Pin To Net: NetName=MCU_RTC_INT Pin=R360-1
Added Pin To Net: NetName=MCU_RTC_INT Pin=U31-7
Added Net: Name=MCU_RTC_INT
Added Pin To Net: NetName=MCU_SENSOR1_nIRQ Pin=R179-2
Added Net: Name=MCU_SENSOR1_nIRQ
Added Pin To Net: NetName=MCU_SENSOR2_nIRQ Pin=R189-2
Added Net: Name=MCU_SENSOR2_nIRQ
Added Pin To Net: NetName=MCU_SOL_1_IN1 Pin=R12-2
Added Net: Name=MCU_SOL_1_IN1
Added Pin To Net: NetName=MCU_SOL_1_IN2 Pin=R11-2
Added Net: Name=MCU_SOL_1_IN2
Added Pin To Net: NetName=MCU_SOL_2_IN1 Pin=R28-2
Added Net: Name=MCU_SOL_2_IN1
Added Pin To Net: NetName=MCU_SOL_2_IN2 Pin=R27-2
Added Net: Name=MCU_SOL_2_IN2
Added Pin To Net: NetName=MCU_SOL_3_IN1 Pin=R34-2
Added Net: Name=MCU_SOL_3_IN1
Added Pin To Net: NetName=MCU_SOL_3_IN2 Pin=R32-2
Added Net: Name=MCU_SOL_3_IN2
Added Pin To Net: NetName=MCU_SOL_4_IN1 Pin=R36-2
Added Net: Name=MCU_SOL_4_IN1
Added Pin To Net: NetName=MCU_SOL_4_IN2 Pin=R35-2
Added Net: Name=MCU_SOL_4_IN2
Added Pin To Net: NetName=MCU_SPI0_MISO Pin=R30-1
Added Pin To Net: NetName=MCU_SPI0_MISO Pin=R261-1
Added Pin To Net: NetName=MCU_SPI0_MISO Pin=R276-1
Added Net: Name=MCU_SPI0_MISO
Added Pin To Net: NetName=MCU_SPI0_MOSI Pin=R31-1
Added Pin To Net: NetName=MCU_SPI0_MOSI Pin=R259-1
Added Pin To Net: NetName=MCU_SPI0_MOSI Pin=R275-1
Added Net: Name=MCU_SPI0_MOSI
Added Pin To Net: NetName=MCU_SPI0_nCS0 Pin=R58-1
Added Pin To Net: NetName=MCU_SPI0_nCS0 Pin=R249-2
Added Pin To Net: NetName=MCU_SPI0_nCS0 Pin=R263-1
Added Net: Name=MCU_SPI0_nCS0
Added Pin To Net: NetName=MCU_SPI0_nCS1 Pin=R44-2
Added Pin To Net: NetName=MCU_SPI0_nCS1 Pin=R250-2
Added Pin To Net: NetName=MCU_SPI0_nCS1 Pin=R265-1
Added Net: Name=MCU_SPI0_nCS1
Added Pin To Net: NetName=MCU_SPI0_nCS2 Pin=R24-1
Added Pin To Net: NetName=MCU_SPI0_nCS2 Pin=R271-2
Added Pin To Net: NetName=MCU_SPI0_nCS2 Pin=R278-1
Added Net: Name=MCU_SPI0_nCS2
Added Pin To Net: NetName=MCU_SPI0_SCK Pin=R33-1
Added Pin To Net: NetName=MCU_SPI0_SCK Pin=R257-1
Added Pin To Net: NetName=MCU_SPI0_SCK Pin=R277-1
Added Net: Name=MCU_SPI0_SCK
Added Pin To Net: NetName=MCU_SWDIO Pin=R63-1
Added Net: Name=MCU_SWDIO
Added Pin To Net: NetName=MCU_TRACESWO Pin=R62-1
Added Net: Name=MCU_TRACESWO
Added Pin To Net: NetName=MCU_TST Pin=TP1-0
Added Net: Name=MCU_TST
Added Pin To Net: NetName=MCU_TSWCLK Pin=R65-1
Added Net: Name=MCU_TSWCLK
Added Pin To Net: NetName=MCU_UART0_RX_SOM_TX Pin=R19-2
Added Pin To Net: NetName=MCU_UART0_RX_SOM_TX Pin=R328-1
Added Net: Name=MCU_UART0_RX_SOM_TX
Added Pin To Net: NetName=MCU_UART0_TX_SOM_RX Pin=R20-2
Added Pin To Net: NetName=MCU_UART0_TX_SOM_RX Pin=R332-1
Added Net: Name=MCU_UART0_TX_SOM_RX
Added Pin To Net: NetName=MCU_UART1_RX_SOM_TX Pin=R17-2
Added Pin To Net: NetName=MCU_UART1_RX_SOM_TX Pin=R334-1
Added Net: Name=MCU_UART1_RX_SOM_TX
Added Pin To Net: NetName=MCU_UART1_TX_SOM_RX Pin=R18-2
Added Pin To Net: NetName=MCU_UART1_TX_SOM_RX Pin=R333-1
Added Net: Name=MCU_UART1_TX_SOM_RX
Added Pin To Net: NetName=MIPI_CK_N Pin=R311-2
Added Pin To Net: NetName=MIPI_CK_N Pin=U29-164
Added Net: Name=MIPI_CK_N
Added Pin To Net: NetName=MIPI_CK_P Pin=R309-2
Added Pin To Net: NetName=MIPI_CK_P Pin=U29-163
Added Net: Name=MIPI_CK_P
Added Pin To Net: NetName=MIPI_D0_N Pin=R321-2
Added Pin To Net: NetName=MIPI_D0_N Pin=U29-168
Added Net: Name=MIPI_D0_N
Added Pin To Net: NetName=MIPI_D0_P Pin=R319-2
Added Pin To Net: NetName=MIPI_D0_P Pin=U29-167
Added Net: Name=MIPI_D0_P
Added Pin To Net: NetName=MIPI_D1_N Pin=R316-2
Added Pin To Net: NetName=MIPI_D1_N Pin=U29-166
Added Net: Name=MIPI_D1_N
Added Pin To Net: NetName=MIPI_D1_P Pin=R313-2
Added Pin To Net: NetName=MIPI_D1_P Pin=U29-165
Added Net: Name=MIPI_D1_P
Added Pin To Net: NetName=NAND_CS_IN Pin=U29-38
Added Net: Name=NAND_CS_IN
Added Pin To Net: NetName=NAND_CS_PD4 Pin=U29-39
Added Net: Name=NAND_CS_PD4
Added Pin To Net: NetName=NetC5_2 Pin=C5-2
Added Pin To Net: NetName=NetC5_2 Pin=U1-10
Added Pin To Net: NetName=NetC5_2 Pin=U1-10
Added Net: Name=NetC5_2
Added Pin To Net: NetName=NetC6_2 Pin=C6-2
Added Pin To Net: NetName=NetC6_2 Pin=U1-7
Added Pin To Net: NetName=NetC6_2 Pin=U1-7
Added Net: Name=NetC6_2
Added Pin To Net: NetName=NetC7_1 Pin=D2-1
Added Pin To Net: NetName=NetC7_1 Pin=L1-1
Added Pin To Net: NetName=NetC7_1 Pin=U2-8
Added Net: Name=NetC7_1
Added Pin To Net: NetName=NetC7_2 Pin=U2-1
Added Net: Name=NetC7_2
Added Net: Name=NetC8_1
Added Net: Name=NetC9_1
Added Pin To Net: NetName=NetC17_2 Pin=C17-2
Added Pin To Net: NetName=NetC17_2 Pin=R46-1
Added Pin To Net: NetName=NetC17_2 Pin=R47-1
Added Pin To Net: NetName=NetC17_2 Pin=R48-2
Added Net: Name=NetC17_2
Added Pin To Net: NetName=NetC20_2 Pin=C20-2
Added Pin To Net: NetName=NetC20_2 Pin=R85-2
Added Net: Name=NetC20_2
Added Pin To Net: NetName=NetC61_1 Pin=C61-1
Added Pin To Net: NetName=NetC61_1 Pin=L2-1
Added Pin To Net: NetName=NetC61_1 Pin=U6-6
Added Pin To Net: NetName=NetC61_1 Pin=U6-7
Added Net: Name=NetC61_1
Added Pin To Net: NetName=NetC61_2 Pin=C61-2
Added Pin To Net: NetName=NetC61_2 Pin=U6-3
Added Net: Name=NetC61_2
Added Pin To Net: NetName=NetC62_1 Pin=C62-1
Added Pin To Net: NetName=NetC62_1 Pin=L3-1
Added Pin To Net: NetName=NetC62_1 Pin=U7-6
Added Pin To Net: NetName=NetC62_1 Pin=U7-7
Added Net: Name=NetC62_1
Added Pin To Net: NetName=NetC62_2 Pin=C62-2
Added Pin To Net: NetName=NetC62_2 Pin=U7-3
Added Net: Name=NetC62_2
Added Pin To Net: NetName=NetC65_2 Pin=C65-2
Added Pin To Net: NetName=NetC65_2 Pin=U6-2
Added Net: Name=NetC65_2
Added Pin To Net: NetName=NetC66_2 Pin=C66-2
Added Pin To Net: NetName=NetC66_2 Pin=U7-2
Added Net: Name=NetC66_2
Added Pin To Net: NetName=NetC83_1 Pin=C83-1
Added Pin To Net: NetName=NetC83_1 Pin=L4-1
Added Pin To Net: NetName=NetC83_1 Pin=U8-6
Added Pin To Net: NetName=NetC83_1 Pin=U8-7
Added Net: Name=NetC83_1
Added Pin To Net: NetName=NetC83_2 Pin=C83-2
Added Pin To Net: NetName=NetC83_2 Pin=U8-3
Added Net: Name=NetC83_2
Added Pin To Net: NetName=NetC84_1 Pin=C84-1
Added Pin To Net: NetName=NetC84_1 Pin=L5-1
Added Pin To Net: NetName=NetC84_1 Pin=U9-6
Added Pin To Net: NetName=NetC84_1 Pin=U9-7
Added Net: Name=NetC84_1
Added Pin To Net: NetName=NetC84_2 Pin=C84-2
Added Pin To Net: NetName=NetC84_2 Pin=U9-3
Added Net: Name=NetC84_2
Added Pin To Net: NetName=NetC87_2 Pin=C87-2
Added Pin To Net: NetName=NetC87_2 Pin=U8-2
Added Net: Name=NetC87_2
Added Pin To Net: NetName=NetC88_2 Pin=C88-2
Added Pin To Net: NetName=NetC88_2 Pin=U9-2
Added Net: Name=NetC88_2
Added Pin To Net: NetName=NetC93_2 Pin=C93-2
Added Pin To Net: NetName=NetC93_2 Pin=R145-2
Added Pin To Net: NetName=NetC93_2 Pin=U11-3
Added Net: Name=NetC93_2
Added Pin To Net: NetName=NetC96_2 Pin=C96-2
Added Pin To Net: NetName=NetC96_2 Pin=R146-2
Added Pin To Net: NetName=NetC96_2 Pin=U12-3
Added Net: Name=NetC96_2
Added Pin To Net: NetName=NetC100_2 Pin=C100-2
Added Pin To Net: NetName=NetC100_2 Pin=R151-2
Added Pin To Net: NetName=NetC100_2 Pin=U11-5
Added Net: Name=NetC100_2
Added Pin To Net: NetName=NetC102_2 Pin=C102-2
Added Pin To Net: NetName=NetC102_2 Pin=R152-2
Added Pin To Net: NetName=NetC102_2 Pin=U12-5
Added Net: Name=NetC102_2
Added Pin To Net: NetName=NetC105_2 Pin=C105-2
Added Pin To Net: NetName=NetC105_2 Pin=R157-2
Added Pin To Net: NetName=NetC105_2 Pin=U13-3
Added Net: Name=NetC105_2
Added Pin To Net: NetName=NetC108_2 Pin=C108-2
Added Pin To Net: NetName=NetC108_2 Pin=R158-2
Added Pin To Net: NetName=NetC108_2 Pin=U14-3
Added Net: Name=NetC108_2
Added Pin To Net: NetName=NetC112_2 Pin=C112-2
Added Pin To Net: NetName=NetC112_2 Pin=R163-2
Added Pin To Net: NetName=NetC112_2 Pin=U13-5
Added Net: Name=NetC112_2
Added Pin To Net: NetName=NetC114_2 Pin=C114-2
Added Pin To Net: NetName=NetC114_2 Pin=R164-2
Added Pin To Net: NetName=NetC114_2 Pin=U14-5
Added Net: Name=NetC114_2
Added Pin To Net: NetName=NetC130_2 Pin=C130-2
Added Pin To Net: NetName=NetC130_2 Pin=C131-2
Added Pin To Net: NetName=NetC130_2 Pin=U23-E4
Added Pin To Net: NetName=NetC130_2 Pin=U23-E4
Added Net: Name=NetC130_2
Added Pin To Net: NetName=NetC147_2 Pin=C147-2
Added Pin To Net: NetName=NetC147_2 Pin=U24-10
Added Pin To Net: NetName=NetC147_2 Pin=U24-10
Added Net: Name=NetC147_2
Added Pin To Net: NetName=NetC148_2 Pin=C148-2
Added Pin To Net: NetName=NetC148_2 Pin=U24-7
Added Pin To Net: NetName=NetC148_2 Pin=U24-7
Added Net: Name=NetC148_2
Added Pin To Net: NetName=NetC158_1 Pin=D14-1
Added Pin To Net: NetName=NetC158_1 Pin=L6-1
Added Pin To Net: NetName=NetC158_1 Pin=U35-8
Added Net: Name=NetC158_1
Added Pin To Net: NetName=NetC158_2 Pin=U35-1
Added Net: Name=NetC158_2
Added Net: Name=NetC159_1
Added Net: Name=NetC160_1
Added Pin To Net: NetName=NetC168_2 Pin=C168-2
Added Pin To Net: NetName=NetC168_2 Pin=U36-10
Added Pin To Net: NetName=NetC168_2 Pin=U36-10
Added Net: Name=NetC168_2
Added Pin To Net: NetName=NetC169_2 Pin=C169-2
Added Pin To Net: NetName=NetC169_2 Pin=U36-7
Added Pin To Net: NetName=NetC169_2 Pin=U36-7
Added Net: Name=NetC169_2
Added Pin To Net: NetName=NetC173_2 Pin=C173-2
Added Pin To Net: NetName=NetC173_2 Pin=U37-10
Added Pin To Net: NetName=NetC173_2 Pin=U37-10
Added Net: Name=NetC173_2
Added Pin To Net: NetName=NetC174_2 Pin=C174-2
Added Pin To Net: NetName=NetC174_2 Pin=U37-7
Added Pin To Net: NetName=NetC174_2 Pin=U37-7
Added Net: Name=NetC174_2
Added Pin To Net: NetName=NetC177_2 Pin=C177-2
Added Pin To Net: NetName=NetC177_2 Pin=JP7-2
Added Pin To Net: NetName=NetC177_2 Pin=JP8-2
Added Pin To Net: NetName=NetC177_2 Pin=JP9-1
Added Pin To Net: NetName=NetC177_2 Pin=R398-2
Added Pin To Net: NetName=NetC177_2 Pin=U38-5
Added Net: Name=NetC177_2
Added Pin To Net: NetName=NetC178_2 Pin=C178-2
Added Pin To Net: NetName=NetC178_2 Pin=U38-10
Added Pin To Net: NetName=NetC178_2 Pin=U38-10
Added Net: Name=NetC178_2
Added Pin To Net: NetName=NetC179_2 Pin=C179-2
Added Pin To Net: NetName=NetC179_2 Pin=U38-7
Added Pin To Net: NetName=NetC179_2 Pin=U38-7
Added Net: Name=NetC179_2
Added Pin To Net: NetName=NetDS1_2 Pin=DS1-2
Added Net: Name=NetDS1_2
Added Pin To Net: NetName=NetDS2_2 Pin=DS2-2
Added Net: Name=NetDS2_2
Added Pin To Net: NetName=NetDS3_2 Pin=DS3-2
Added Net: Name=NetDS3_2
Added Pin To Net: NetName=NetDS4_2 Pin=DS4-2
Added Net: Name=NetDS4_2
Added Pin To Net: NetName=NetDS5_2 Pin=DS5-2
Added Net: Name=NetDS5_2
Added Pin To Net: NetName=NetDS6_2 Pin=DS6-2
Added Net: Name=NetDS6_2
Added Pin To Net: NetName=NetDS7_2 Pin=DS7-2
Added Net: Name=NetDS7_2
Added Pin To Net: NetName=NetDS8_2 Pin=DS8-2
Added Net: Name=NetDS8_2
Added Pin To Net: NetName=NetJ5_4 Pin=J5-4
Added Pin To Net: NetName=NetJ5_4 Pin=R94-2
Added Net: Name=NetJ5_4
Added Pin To Net: NetName=NetJ12_1 Pin=J12-1
Added Pin To Net: NetName=NetJ12_1 Pin=R179-1
Added Net: Name=NetJ12_1
Added Pin To Net: NetName=NetJ12_2 Pin=J12-2
Added Pin To Net: NetName=NetJ12_2 Pin=R182-2
Added Pin To Net: NetName=NetJ12_2 Pin=U18-6
Added Net: Name=NetJ12_2
Added Pin To Net: NetName=NetJ12_5 Pin=J12-5
Added Pin To Net: NetName=NetJ12_5 Pin=R183-2
Added Pin To Net: NetName=NetJ12_5 Pin=U18-7
Added Net: Name=NetJ12_5
Added Pin To Net: NetName=NetJ13_1 Pin=J13-1
Added Pin To Net: NetName=NetJ13_1 Pin=R189-1
Added Net: Name=NetJ13_1
Added Pin To Net: NetName=NetJ13_2 Pin=J13-2
Added Pin To Net: NetName=NetJ13_2 Pin=R190-2
Added Pin To Net: NetName=NetJ13_2 Pin=U19-6
Added Net: Name=NetJ13_2
Added Pin To Net: NetName=NetJ13_5 Pin=J13-5
Added Pin To Net: NetName=NetJ13_5 Pin=R191-2
Added Pin To Net: NetName=NetJ13_5 Pin=U19-7
Added Net: Name=NetJ13_5
Added Pin To Net: NetName=NetJ14_2 Pin=J14-2
Added Pin To Net: NetName=NetJ14_2 Pin=R193-2
Added Pin To Net: NetName=NetJ14_2 Pin=U20-7
Added Net: Name=NetJ14_2
Added Pin To Net: NetName=NetJ14_3 Pin=J14-3
Added Pin To Net: NetName=NetJ14_3 Pin=R194-2
Added Pin To Net: NetName=NetJ14_3 Pin=U20-6
Added Net: Name=NetJ14_3
Added Pin To Net: NetName=NetJ17_2 Pin=J17-2
Added Pin To Net: NetName=NetJ17_2 Pin=R221-1
Added Net: Name=NetJ17_2
Added Pin To Net: NetName=NetJ17_3 Pin=J17-3
Added Pin To Net: NetName=NetJ17_3 Pin=R222-1
Added Net: Name=NetJ17_3
Added Pin To Net: NetName=NetJ18_2 Pin=J18-2
Added Pin To Net: NetName=NetJ18_2 Pin=R225-1
Added Net: Name=NetJ18_2
Added Pin To Net: NetName=NetJ18_3 Pin=J18-3
Added Pin To Net: NetName=NetJ18_3 Pin=R226-1
Added Net: Name=NetJ18_3
Added Pin To Net: NetName=NetJ20_3 Pin=J20-3
Added Pin To Net: NetName=NetJ20_3 Pin=R257-2
Added Net: Name=NetJ20_3
Added Pin To Net: NetName=NetJ20_4 Pin=J20-4
Added Pin To Net: NetName=NetJ20_4 Pin=R259-2
Added Net: Name=NetJ20_4
Added Pin To Net: NetName=NetJ20_5 Pin=J20-5
Added Pin To Net: NetName=NetJ20_5 Pin=R261-2
Added Net: Name=NetJ20_5
Added Pin To Net: NetName=NetJ20_6 Pin=J20-6
Added Pin To Net: NetName=NetJ20_6 Pin=R263-2
Added Net: Name=NetJ20_6
Added Pin To Net: NetName=NetJ20_7 Pin=J20-7
Added Pin To Net: NetName=NetJ20_7 Pin=R265-2
Added Net: Name=NetJ20_7
Added Pin To Net: NetName=NetJ20_8 Pin=J20-8
Added Pin To Net: NetName=NetJ20_8 Pin=R267-2
Added Net: Name=NetJ20_8
Added Pin To Net: NetName=NetJ20_9 Pin=J20-9
Added Pin To Net: NetName=NetJ20_9 Pin=R269-2
Added Net: Name=NetJ20_9
Added Pin To Net: NetName=NetJ21_3 Pin=J21-3
Added Pin To Net: NetName=NetJ21_3 Pin=R258-2
Added Net: Name=NetJ21_3
Added Pin To Net: NetName=NetJ21_4 Pin=J21-4
Added Pin To Net: NetName=NetJ21_4 Pin=R260-2
Added Net: Name=NetJ21_4
Added Pin To Net: NetName=NetJ21_5 Pin=J21-5
Added Pin To Net: NetName=NetJ21_5 Pin=R262-2
Added Net: Name=NetJ21_5
Added Pin To Net: NetName=NetJ21_6 Pin=J21-6
Added Pin To Net: NetName=NetJ21_6 Pin=R264-2
Added Net: Name=NetJ21_6
Added Pin To Net: NetName=NetJ21_7 Pin=J21-7
Added Pin To Net: NetName=NetJ21_7 Pin=R266-2
Added Net: Name=NetJ21_7
Added Pin To Net: NetName=NetJ21_8 Pin=J21-8
Added Pin To Net: NetName=NetJ21_8 Pin=R268-2
Added Net: Name=NetJ21_8
Added Pin To Net: NetName=NetJ21_9 Pin=J21-9
Added Pin To Net: NetName=NetJ21_9 Pin=R270-2
Added Net: Name=NetJ21_9
Added Pin To Net: NetName=NetJ22_3 Pin=J22-3
Added Pin To Net: NetName=NetJ22_3 Pin=R275-2
Added Net: Name=NetJ22_3
Added Pin To Net: NetName=NetJ22_4 Pin=J22-4
Added Pin To Net: NetName=NetJ22_4 Pin=R276-2
Added Net: Name=NetJ22_4
Added Pin To Net: NetName=NetJ22_5 Pin=J22-5
Added Pin To Net: NetName=NetJ22_5 Pin=R277-2
Added Net: Name=NetJ22_5
Added Pin To Net: NetName=NetJ22_6 Pin=J22-6
Added Pin To Net: NetName=NetJ22_6 Pin=R278-2
Added Net: Name=NetJ22_6
Added Pin To Net: NetName=NetJ22_7 Pin=J22-7
Added Pin To Net: NetName=NetJ22_7 Pin=R279-2
Added Net: Name=NetJ22_7
Added Pin To Net: NetName=NetJ22_8 Pin=J22-8
Added Pin To Net: NetName=NetJ22_8 Pin=R280-2
Added Net: Name=NetJ22_8
Added Pin To Net: NetName=NetJ22_9 Pin=J22-9
Added Pin To Net: NetName=NetJ22_9 Pin=R281-2
Added Net: Name=NetJ22_9
Added Pin To Net: NetName=NetJ22_10 Pin=J22-10
Added Pin To Net: NetName=NetJ22_10 Pin=R282-2
Added Net: Name=NetJ22_10
Added Pin To Net: NetName=NetJ22_11 Pin=J22-11
Added Pin To Net: NetName=NetJ22_11 Pin=R283-2
Added Net: Name=NetJ22_11
Added Pin To Net: NetName=NetJP4_1 Pin=JP4-1
Added Pin To Net: NetName=NetJP4_1 Pin=R371-2
Added Net: Name=NetJP4_1
Added Pin To Net: NetName=NetJP4_2 Pin=JP4-2
Added Pin To Net: NetName=NetJP4_2 Pin=R372-2
Added Pin To Net: NetName=NetJP4_2 Pin=U34-3
Added Net: Name=NetJP4_2
Added Pin To Net: NetName=NetQ1_1 Pin=Q1-1
Added Pin To Net: NetName=NetQ1_1 Pin=R87-2
Added Pin To Net: NetName=NetQ1_1 Pin=R88-2
Added Net: Name=NetQ1_1
Added Pin To Net: NetName=NetQ1_3 Pin=Q1-3
Added Pin To Net: NetName=NetQ1_3 Pin=R89-1
Added Net: Name=NetQ1_3
Added Pin To Net: NetName=NetQ2_1 Pin=Q2-1
Added Pin To Net: NetName=NetQ2_1 Pin=R92-2
Added Pin To Net: NetName=NetQ2_1 Pin=R93-2
Added Net: Name=NetQ2_1
Added Pin To Net: NetName=NetQ2_3 Pin=Q2-3
Added Pin To Net: NetName=NetQ2_3 Pin=R94-1
Added Net: Name=NetQ2_3
Added Pin To Net: NetName=NetQ3_1 Pin=Q3-1
Added Pin To Net: NetName=NetQ3_1 Pin=R127-2
Added Pin To Net: NetName=NetQ3_1 Pin=R129-2
Added Net: Name=NetQ3_1
Added Pin To Net: NetName=NetQ4_1 Pin=Q4-1
Added Pin To Net: NetName=NetQ4_1 Pin=R128-2
Added Pin To Net: NetName=NetQ4_1 Pin=R130-2
Added Net: Name=NetQ4_1
Added Pin To Net: NetName=NetQ5_1 Pin=Q5-1
Added Pin To Net: NetName=NetQ5_1 Pin=R131-2
Added Pin To Net: NetName=NetQ5_1 Pin=R133-2
Added Net: Name=NetQ5_1
Added Pin To Net: NetName=NetQ6_1 Pin=Q6-1
Added Pin To Net: NetName=NetQ6_1 Pin=R132-2
Added Pin To Net: NetName=NetQ6_1 Pin=R134-2
Added Net: Name=NetQ6_1
Added Pin To Net: NetName=NetQ7_1 Pin=Q7-1
Added Pin To Net: NetName=NetQ7_1 Pin=R135-2
Added Pin To Net: NetName=NetQ7_1 Pin=R137-2
Added Net: Name=NetQ7_1
Added Pin To Net: NetName=NetQ8_1 Pin=Q8-1
Added Pin To Net: NetName=NetQ8_1 Pin=R136-2
Added Pin To Net: NetName=NetQ8_1 Pin=R138-2
Added Net: Name=NetQ8_1
Added Pin To Net: NetName=NetQ9_1 Pin=Q9-1
Added Pin To Net: NetName=NetQ9_1 Pin=R139-2
Added Pin To Net: NetName=NetQ9_1 Pin=R141-2
Added Net: Name=NetQ9_1
Added Pin To Net: NetName=NetQ10_1 Pin=Q10-1
Added Pin To Net: NetName=NetQ10_1 Pin=R140-2
Added Pin To Net: NetName=NetQ10_1 Pin=R142-2
Added Net: Name=NetQ10_1
Added Pin To Net: NetName=NetR1_1 Pin=R1-1
Added Pin To Net: NetName=NetR1_1 Pin=R4-1
Added Pin To Net: NetName=NetR1_1 Pin=U1-1
Added Pin To Net: NetName=NetR1_1 Pin=U1-1
Added Net: Name=NetR1_1
Added Pin To Net: NetName=NetR2_1 Pin=R2-1
Added Pin To Net: NetName=NetR2_1 Pin=U1-3
Added Net: Name=NetR2_1
Added Pin To Net: NetName=NetR3_1 Pin=R3-1
Added Pin To Net: NetName=NetR3_1 Pin=U1-4
Added Pin To Net: NetName=NetR3_1 Pin=U1-4
Added Net: Name=NetR3_1
Added Pin To Net: NetName=NetR4_2 Pin=R4-2
Added Pin To Net: NetName=NetR4_2 Pin=R5-2
Added Pin To Net: NetName=NetR4_2 Pin=U1-2
Added Net: Name=NetR4_2
Added Pin To Net: NetName=NetR7_2 Pin=U2-4
Added Net: Name=NetR7_2
Added Pin To Net: NetName=NetR14_1 Pin=R14-1
Added Net: Name=NetR14_1
Added Pin To Net: NetName=NetR101_2 Pin=R101-2
Added Pin To Net: NetName=NetR101_2 Pin=R105-1
Added Pin To Net: NetName=NetR101_2 Pin=U6-13
Added Net: Name=NetR101_2
Added Pin To Net: NetName=NetR102_2 Pin=R102-2
Added Pin To Net: NetName=NetR102_2 Pin=R107-1
Added Pin To Net: NetName=NetR102_2 Pin=U7-13
Added Net: Name=NetR102_2
Added Pin To Net: NetName=NetR103_1 Pin=R103-1
Added Pin To Net: NetName=NetR103_1 Pin=R106-1
Added Pin To Net: NetName=NetR103_1 Pin=U6-19
Added Net: Name=NetR103_1
Added Pin To Net: NetName=NetR104_1 Pin=R104-1
Added Pin To Net: NetName=NetR104_1 Pin=R108-1
Added Pin To Net: NetName=NetR104_1 Pin=U7-19
Added Net: Name=NetR104_1
Added Pin To Net: NetName=NetR111_2 Pin=R111-2
Added Pin To Net: NetName=NetR111_2 Pin=R115-1
Added Pin To Net: NetName=NetR111_2 Pin=U8-13
Added Net: Name=NetR111_2
Added Pin To Net: NetName=NetR112_2 Pin=R112-2
Added Pin To Net: NetName=NetR112_2 Pin=R117-1
Added Pin To Net: NetName=NetR112_2 Pin=U9-13
Added Net: Name=NetR112_2
Added Pin To Net: NetName=NetR113_1 Pin=R113-1
Added Pin To Net: NetName=NetR113_1 Pin=R116-1
Added Pin To Net: NetName=NetR113_1 Pin=U8-19
Added Net: Name=NetR113_1
Added Pin To Net: NetName=NetR114_1 Pin=R114-1
Added Pin To Net: NetName=NetR114_1 Pin=R118-1
Added Pin To Net: NetName=NetR114_1 Pin=U9-19
Added Net: Name=NetR114_1
Added Pin To Net: NetName=NetR121_2 Pin=R121-2
Added Net: Name=NetR121_2
Added Pin To Net: NetName=NetR122_2 Pin=R122-2
Added Net: Name=NetR122_2
Added Pin To Net: NetName=NetR123_2 Pin=R123-2
Added Net: Name=NetR123_2
Added Pin To Net: NetName=NetR124_2 Pin=R124-2
Added Net: Name=NetR124_2
Added Pin To Net: NetName=NetR125_2 Pin=R125-2
Added Net: Name=NetR125_2
Added Pin To Net: NetName=NetR126_2 Pin=R126-2
Added Net: Name=NetR126_2
Added Pin To Net: NetName=NetR143_1 Pin=R143-1
Added Pin To Net: NetName=NetR143_1 Pin=U11-1
Added Pin To Net: NetName=NetR143_1 Pin=U11-2
Added Net: Name=NetR143_1
Added Pin To Net: NetName=NetR144_1 Pin=R144-1
Added Pin To Net: NetName=NetR144_1 Pin=U12-1
Added Pin To Net: NetName=NetR144_1 Pin=U12-2
Added Net: Name=NetR144_1
Added Pin To Net: NetName=NetR149_1 Pin=R149-1
Added Pin To Net: NetName=NetR149_1 Pin=U11-6
Added Pin To Net: NetName=NetR149_1 Pin=U11-7
Added Net: Name=NetR149_1
Added Pin To Net: NetName=NetR150_1 Pin=R150-1
Added Pin To Net: NetName=NetR150_1 Pin=U12-6
Added Pin To Net: NetName=NetR150_1 Pin=U12-7
Added Net: Name=NetR150_1
Added Pin To Net: NetName=NetR155_1 Pin=R155-1
Added Pin To Net: NetName=NetR155_1 Pin=U13-1
Added Pin To Net: NetName=NetR155_1 Pin=U13-2
Added Net: Name=NetR155_1
Added Pin To Net: NetName=NetR156_1 Pin=R156-1
Added Pin To Net: NetName=NetR156_1 Pin=U14-1
Added Pin To Net: NetName=NetR156_1 Pin=U14-2
Added Net: Name=NetR156_1
Added Pin To Net: NetName=NetR161_1 Pin=R161-1
Added Pin To Net: NetName=NetR161_1 Pin=U13-6
Added Pin To Net: NetName=NetR161_1 Pin=U13-7
Added Net: Name=NetR161_1
Added Pin To Net: NetName=NetR162_1 Pin=R162-1
Added Pin To Net: NetName=NetR162_1 Pin=U14-6
Added Pin To Net: NetName=NetR162_1 Pin=U14-7
Added Net: Name=NetR162_1
Added Pin To Net: NetName=NetR167_1 Pin=R167-1
Added Pin To Net: NetName=NetR167_1 Pin=U15-2
Added Net: Name=NetR167_1
Added Pin To Net: NetName=NetR176_1 Pin=R176-1
Added Pin To Net: NetName=NetR176_1 Pin=U17-2
Added Net: Name=NetR176_1
Added Pin To Net: NetName=NetR177_1 Pin=R177-1
Added Pin To Net: NetName=NetR177_1 Pin=U17-3
Added Net: Name=NetR177_1
Added Pin To Net: NetName=NetR180_2 Pin=R180-2
Added Pin To Net: NetName=NetR180_2 Pin=R185-1
Added Pin To Net: NetName=NetR180_2 Pin=U18-3
Added Pin To Net: NetName=NetR180_2 Pin=U19-3
Added Net: Name=NetR180_2
Added Pin To Net: NetName=NetR181_2 Pin=R181-2
Added Pin To Net: NetName=NetR181_2 Pin=R184-1
Added Pin To Net: NetName=NetR181_2 Pin=U18-2
Added Pin To Net: NetName=NetR181_2 Pin=U19-2
Added Net: Name=NetR181_2
Added Pin To Net: NetName=NetR186_1 Pin=R186-1
Added Pin To Net: NetName=NetR186_1 Pin=R188-1
Added Pin To Net: NetName=NetR186_1 Pin=U18-5
Added Net: Name=NetR186_1
Added Pin To Net: NetName=NetR187_1 Pin=R187-1
Added Pin To Net: NetName=NetR187_1 Pin=R192-1
Added Pin To Net: NetName=NetR187_1 Pin=U19-5
Added Net: Name=NetR187_1
Added Pin To Net: NetName=NetR195_2 Pin=R195-2
Added Pin To Net: NetName=NetR195_2 Pin=R198-1
Added Pin To Net: NetName=NetR195_2 Pin=U20-3
Added Net: Name=NetR195_2
Added Pin To Net: NetName=NetR196_2 Pin=R196-2
Added Pin To Net: NetName=NetR196_2 Pin=R197-1
Added Pin To Net: NetName=NetR196_2 Pin=U20-2
Added Net: Name=NetR196_2
Added Pin To Net: NetName=NetR199_1 Pin=R199-1
Added Pin To Net: NetName=NetR199_1 Pin=R200-1
Added Pin To Net: NetName=NetR199_1 Pin=U20-5
Added Net: Name=NetR199_1
Added Pin To Net: NetName=NetR227_1 Pin=R227-1
Added Pin To Net: NetName=NetR227_1 Pin=R231-1
Added Pin To Net: NetName=NetR227_1 Pin=R234-1
Added Pin To Net: NetName=NetR227_1 Pin=U24-1
Added Pin To Net: NetName=NetR227_1 Pin=U24-1
Added Net: Name=NetR227_1
Added Pin To Net: NetName=NetR228_1 Pin=R228-1
Added Pin To Net: NetName=NetR228_1 Pin=R233-2
Added Pin To Net: NetName=NetR228_1 Pin=U24-2
Added Net: Name=NetR228_1
Added Pin To Net: NetName=NetR229_1 Pin=R229-1
Added Pin To Net: NetName=NetR229_1 Pin=U24-3
Added Net: Name=NetR229_1
Added Pin To Net: NetName=NetR230_1 Pin=R230-1
Added Pin To Net: NetName=NetR230_1 Pin=U24-4
Added Pin To Net: NetName=NetR230_1 Pin=U24-4
Added Net: Name=NetR230_1
Added Pin To Net: NetName=NetR239_1 Pin=R239-1
Added Net: Name=NetR239_1
Added Pin To Net: NetName=NetR242_1 Pin=R242-1
Added Net: Name=NetR242_1
Added Pin To Net: NetName=NetR245_1 Pin=R245-1
Added Net: Name=NetR245_1
Added Pin To Net: NetName=NetR248_1 Pin=R248-1
Added Net: Name=NetR248_1
Added Pin To Net: NetName=NetR363_1 Pin=R363-1
Added Pin To Net: NetName=NetR363_1 Pin=U31-1
Added Net: Name=NetR363_1
Added Pin To Net: NetName=NetR365_1 Pin=R365-1
Added Net: Name=NetR365_1
Added Pin To Net: NetName=NetR366_1 Pin=R366-1
Added Net: Name=NetR366_1
Added Pin To Net: NetName=NetR368_1 Pin=R368-1
Added Net: Name=NetR368_1
Added Pin To Net: NetName=NetR369_1 Pin=R369-1
Added Pin To Net: NetName=NetR369_1 Pin=R370-2
Added Pin To Net: NetName=NetR369_1 Pin=U34-6
Added Net: Name=NetR369_1
Added Pin To Net: NetName=NetR373_2 Pin=R373-2
Added Pin To Net: NetName=NetR373_2 Pin=R375-1
Added Pin To Net: NetName=NetR373_2 Pin=R377-1
Added Pin To Net: NetName=NetR373_2 Pin=U35-5
Added Net: Name=NetR373_2
Added Pin To Net: NetName=NetR374_2 Pin=U35-4
Added Net: Name=NetR374_2
Added Pin To Net: NetName=NetR379_2 Pin=R379-2
Added Pin To Net: NetName=NetR379_2 Pin=R385-1
Added Net: Name=NetR379_2
Added Pin To Net: NetName=NetR380_1 Pin=R380-1
Added Pin To Net: NetName=NetR380_1 Pin=R386-2
Added Pin To Net: NetName=NetR380_1 Pin=U36-2
Added Net: Name=NetR380_1
Added Pin To Net: NetName=NetR381_1 Pin=R381-1
Added Pin To Net: NetName=NetR381_1 Pin=U36-3
Added Net: Name=NetR381_1
Added Pin To Net: NetName=NetR382_1 Pin=R382-1
Added Pin To Net: NetName=NetR382_1 Pin=U36-4
Added Pin To Net: NetName=NetR382_1 Pin=U36-4
Added Net: Name=NetR382_1
Added Pin To Net: NetName=NetR383_1 Pin=R383-1
Added Pin To Net: NetName=NetR383_1 Pin=U36-1
Added Pin To Net: NetName=NetR383_1 Pin=U36-1
Added Net: Name=NetR383_1
Added Pin To Net: NetName=NetR388_2 Pin=R388-2
Added Pin To Net: NetName=NetR388_2 Pin=R394-1
Added Net: Name=NetR388_2
Added Pin To Net: NetName=NetR389_1 Pin=R389-1
Added Pin To Net: NetName=NetR389_1 Pin=R395-2
Added Pin To Net: NetName=NetR389_1 Pin=U37-2
Added Net: Name=NetR389_1
Added Pin To Net: NetName=NetR390_1 Pin=R390-1
Added Pin To Net: NetName=NetR390_1 Pin=U37-3
Added Net: Name=NetR390_1
Added Pin To Net: NetName=NetR391_1 Pin=R391-1
Added Pin To Net: NetName=NetR391_1 Pin=U37-4
Added Pin To Net: NetName=NetR391_1 Pin=U37-4
Added Net: Name=NetR391_1
Added Pin To Net: NetName=NetR392_1 Pin=R392-1
Added Pin To Net: NetName=NetR392_1 Pin=U37-1
Added Pin To Net: NetName=NetR392_1 Pin=U37-1
Added Net: Name=NetR392_1
Added Pin To Net: NetName=NetR397_2 Pin=R397-2
Added Pin To Net: NetName=NetR397_2 Pin=R403-1
Added Net: Name=NetR397_2
Added Pin To Net: NetName=NetR398_1 Pin=R398-1
Added Pin To Net: NetName=NetR398_1 Pin=R404-2
Added Pin To Net: NetName=NetR398_1 Pin=U38-2
Added Net: Name=NetR398_1
Added Pin To Net: NetName=NetR399_1 Pin=R399-1
Added Pin To Net: NetName=NetR399_1 Pin=U38-3
Added Net: Name=NetR399_1
Added Pin To Net: NetName=NetR400_1 Pin=R400-1
Added Pin To Net: NetName=NetR400_1 Pin=U38-4
Added Pin To Net: NetName=NetR400_1 Pin=U38-4
Added Net: Name=NetR400_1
Added Pin To Net: NetName=NetR402_1 Pin=R402-1
Added Pin To Net: NetName=NetR402_1 Pin=U38-1
Added Pin To Net: NetName=NetR402_1 Pin=U38-1
Added Net: Name=NetR402_1
Added Pin To Net: NetName=NRST_OUT Pin=U29-104
Added Net: Name=NRST_OUT
Added Pin To Net: NetName=NRST Pin=U29-105
Added Net: Name=NRST
Added Pin To Net: NetName=nSTART_SOM Pin=U29-15
Added Net: Name=nSTART_SOM
Added Pin To Net: NetName=NTC1- Pin=J8-2
Added Pin To Net: NetName=NTC1- Pin=R145-1
Added Pin To Net: NetName=NTC1- Pin=R147-2
Added Net: Name=NTC1-
Added Pin To Net: NetName=NTC2- Pin=J8-4
Added Pin To Net: NetName=NTC2- Pin=R151-1
Added Pin To Net: NetName=NTC2- Pin=R153-2
Added Net: Name=NTC2-
Added Pin To Net: NetName=NTC3- Pin=J8-6
Added Pin To Net: NetName=NTC3- Pin=R157-1
Added Pin To Net: NetName=NTC3- Pin=R159-2
Added Net: Name=NTC3-
Added Pin To Net: NetName=NTC4- Pin=J8-8
Added Pin To Net: NetName=NTC4- Pin=R163-1
Added Pin To Net: NetName=NTC4- Pin=R165-2
Added Net: Name=NTC4-
Added Pin To Net: NetName=NTC5- Pin=J9-2
Added Pin To Net: NetName=NTC5- Pin=R146-1
Added Pin To Net: NetName=NTC5- Pin=R148-2
Added Net: Name=NTC5-
Added Pin To Net: NetName=NTC6- Pin=J9-4
Added Pin To Net: NetName=NTC6- Pin=R152-1
Added Pin To Net: NetName=NTC6- Pin=R154-2
Added Net: Name=NTC6-
Added Pin To Net: NetName=NTC7- Pin=J9-6
Added Pin To Net: NetName=NTC7- Pin=R158-1
Added Pin To Net: NetName=NTC7- Pin=R160-2
Added Net: Name=NTC7-
Added Pin To Net: NetName=NTC8- Pin=J9-8
Added Pin To Net: NetName=NTC8- Pin=R164-1
Added Pin To Net: NetName=NTC8- Pin=R166-2
Added Net: Name=NTC8-
Added Pin To Net: NetName=NTRST_PC25 Pin=C153-2
Added Pin To Net: NetName=NTRST_PC25 Pin=R348-1
Added Pin To Net: NetName=NTRST_PC25 Pin=R364-1
Added Pin To Net: NetName=NTRST_PC25 Pin=U29-66
Added Net: Name=NTRST_PC25
Added Pin To Net: NetName=OBC_IF_CANH Pin=J1-5
Added Net: Name=OBC_IF_CANH
Added Pin To Net: NetName=OBC_IF_CANL Pin=J1-6
Added Net: Name=OBC_IF_CANL
Added Pin To Net: NetName=OBC_VS_SOM_I2C_SCL Pin=J1-7
Added Net: Name=OBC_VS_SOM_I2C_SCL
Added Pin To Net: NetName=OBC_VS_SOM_I2C_SDA Pin=J1-8
Added Net: Name=OBC_VS_SOM_I2C_SDA
Added Pin To Net: NetName=OBC_VS_SOM_SPI_SG_CS Pin=J2-1
Added Net: Name=OBC_VS_SOM_SPI_SG_CS
Added Pin To Net: NetName=OBC_VS_SOM_SPI_SG_MISO Pin=J2-4
Added Net: Name=OBC_VS_SOM_SPI_SG_MISO
Added Pin To Net: NetName=OBC_VS_SOM_SPI_SG_MOSI Pin=J2-3
Added Net: Name=OBC_VS_SOM_SPI_SG_MOSI
Added Pin To Net: NetName=OBC_VS_SOM_SPI_SG_SCK Pin=J2-2
Added Net: Name=OBC_VS_SOM_SPI_SG_SCK
Added Pin To Net: NetName=PA0 Pin=R315-2
Added Pin To Net: NetName=PA0 Pin=U29-125
Added Net: Name=PA0
Added Pin To Net: NetName=PA00 Pin=R11-1
Added Net: Name=PA00
Added Pin To Net: NetName=PA01 Pin=R12-1
Added Net: Name=PA01
Added Pin To Net: NetName=PA1 Pin=R326-2
Added Pin To Net: NetName=PA1 Pin=U29-130
Added Net: Name=PA1
Added Pin To Net: NetName=PA2 Pin=R318-2
Added Pin To Net: NetName=PA2 Pin=U29-126
Added Net: Name=PA2
Added Pin To Net: NetName=PA03 Pin=R15-1
Added Net: Name=PA03
Added Pin To Net: NetName=PA3 Pin=R322-2
Added Pin To Net: NetName=PA3 Pin=U29-128
Added Net: Name=PA3
Added Pin To Net: NetName=PA04 Pin=R16-1
Added Net: Name=PA04
Added Pin To Net: NetName=PA4 Pin=R307-2
Added Pin To Net: NetName=PA4 Pin=U29-121
Added Net: Name=PA4
Added Pin To Net: NetName=PA05 Pin=R17-1
Added Net: Name=PA05
Added Pin To Net: NetName=PA5 Pin=R320-2
Added Pin To Net: NetName=PA5 Pin=U29-127
Added Net: Name=PA5
Added Pin To Net: NetName=PA06 Pin=R18-1
Added Net: Name=PA06
Added Pin To Net: NetName=PA6 Pin=R312-2
Added Pin To Net: NetName=PA6 Pin=U29-124
Added Net: Name=PA6
Added Pin To Net: NetName=PA07_XIN32 Pin=C18-2
Added Net: Name=PA07_XIN32
Added Pin To Net: NetName=PA7 Pin=R310-2
Added Pin To Net: NetName=PA7 Pin=U29-123
Added Net: Name=PA7
Added Pin To Net: NetName=PA08_XOUT32 Pin=C19-2
Added Net: Name=PA08_XOUT32
Added Pin To Net: NetName=PA8 Pin=R308-2
Added Pin To Net: NetName=PA8 Pin=U29-122
Added Net: Name=PA8
Added Pin To Net: NetName=PA09 Pin=R19-1
Added Net: Name=PA09
Added Pin To Net: NetName=PA9 Pin=R305-2
Added Pin To Net: NetName=PA9 Pin=U29-119
Added Net: Name=PA9
Added Pin To Net: NetName=PA10 Pin=R20-1
Added Net: Name=PA10
Add Net: Net with name "PA10" already exists
Added Pin To Net: NetName=PA11 Pin=R21-1
Added Net: Name=PA11
Add Net: Net with name "PA11" already exists
Added Pin To Net: NetName=PA12 Pin=R352-1
Added Pin To Net: NetName=PA12 Pin=R353-2
Added Pin To Net: NetName=PA12 Pin=U29-131
Added Net: Name=PA12
Add Net: Net with name "PA12" already exists
Added Pin To Net: NetName=PA13 Pin=R25-1
Added Net: Name=PA13
Add Net: Net with name "PA13" already exists
Added Pin To Net: NetName=PA14 Pin=R356-1
Added Pin To Net: NetName=PA14 Pin=R357-2
Added Pin To Net: NetName=PA14 Pin=U29-133
Added Net: Name=PA14
Add Net: Net with name "PA14" already exists
Added Pin To Net: NetName=PA15 Pin=R27-1
Added Net: Name=PA15
Add Net: Net with name "PA15" already exists
Added Pin To Net: NetName=PA16 Pin=R333-2
Added Pin To Net: NetName=PA16 Pin=U29-179
Added Net: Name=PA16
Add Net: Net with name "PA16" already exists
Added Pin To Net: NetName=PA17 Pin=U29-174
Added Net: Name=PA17
Add Net: Net with name "PA17" already exists
Added Pin To Net: NetName=PA18 Pin=R252-2
Added Pin To Net: NetName=PA18 Pin=R269-1
Added Net: Name=PA18
Add Net: Net with name "PA18" already exists
Added Pin To Net: NetName=PA19 Pin=U29-182
Added Net: Name=PA19
Added Pin To Net: NetName=PA20 Pin=R328-2
Added Pin To Net: NetName=PA20 Pin=U29-175
Added Net: Name=PA20
Added Pin To Net: NetName=PA21 Pin=R405-2
Added Pin To Net: NetName=PA21 Pin=U38-9
Added Net: Name=PA21
Add Net: Net with name "PA21" already exists
Added Pin To Net: NetName=PA22 Pin=R330-2
Added Pin To Net: NetName=PA22 Pin=U29-176
Added Net: Name=PA22
Add Net: Net with name "PA22" already exists
Added Pin To Net: NetName=PA23 Pin=U29-184
Added Net: Name=PA23
Add Net: Net with name "PA23" already exists
Added Pin To Net: NetName=PA24 Pin=U29-183
Added Net: Name=PA24
Add Net: Net with name "PA24" already exists
Added Pin To Net: NetName=PA25 Pin=U29-181
Added Net: Name=PA25
Add Net: Net with name "PA25" already exists
Added Pin To Net: NetName=PA26 Pin=R339-2
Added Pin To Net: NetName=PA26 Pin=U29-185
Added Net: Name=PA26
Add Net: Net with name "PA26" already exists
Added Pin To Net: NetName=PA27 Pin=R340-2
Added Pin To Net: NetName=PA27 Pin=U29-186
Added Net: Name=PA27
Add Net: Net with name "PA27" already exists
Added Pin To Net: NetName=PA28 Pin=R40-1
Added Net: Name=PA28
Add Net: Net with name "PA28" already exists
Added Pin To Net: NetName=PA29 Pin=R42-1
Added Net: Name=PA29
Add Net: Net with name "PA29" already exists
Added Pin To Net: NetName=PA30 Pin=U29-3
Added Net: Name=PA30
Add Net: Net with name "PA30" already exists
Added Pin To Net: NetName=PA31 Pin=R44-1
Added Net: Name=PA31
Add Net: Net with name "PA31" already exists
Added Pin To Net: NetName=PB0 Pin=U29-7
Added Net: Name=PB0
Added Pin To Net: NetName=PB1 Pin=U29-5
Added Net: Name=PB1
Added Pin To Net: NetName=PB02 Pin=R58-2
Added Net: Name=PB02
Added Pin To Net: NetName=PB2 Pin=U29-6
Added Net: Name=PB2
Added Net: Name=PB03
Added Pin To Net: NetName=PB3 Pin=U29-139
Added Net: Name=PB3
Added Pin To Net: NetName=PB04 Pin=R61-2
Added Net: Name=PB04
Added Pin To Net: NetName=PB4 Pin=R284-2
Added Pin To Net: NetName=PB4 Pin=U29-140
Added Net: Name=PB4
Added Pin To Net: NetName=PB05 Pin=R62-2
Added Pin To Net: NetName=PB05 Pin=R64-2
Added Net: Name=PB05
Added Pin To Net: NetName=PB5 Pin=R285-2
Added Pin To Net: NetName=PB5 Pin=U29-141
Added Net: Name=PB5
Added Pin To Net: NetName=PB06 Pin=R63-2
Added Net: Name=PB06
Added Pin To Net: NetName=PB6 Pin=R286-2
Added Pin To Net: NetName=PB6 Pin=U29-142
Added Net: Name=PB6
Added Pin To Net: NetName=PB07 Pin=R65-2
Added Net: Name=PB07
Added Pin To Net: NetName=PB7 Pin=R287-2
Added Pin To Net: NetName=PB7 Pin=U29-143
Added Net: Name=PB7
Added Pin To Net: NetName=PB08 Pin=R66-2
Added Net: Name=PB08
Added Pin To Net: NetName=PB8 Pin=R288-2
Added Pin To Net: NetName=PB8 Pin=U29-144
Added Net: Name=PB8
Added Pin To Net: NetName=PB09 Pin=R68-2
Added Net: Name=PB09
Added Pin To Net: NetName=PB9 Pin=U29-156
Added Net: Name=PB9
Added Pin To Net: NetName=PB10 Pin=U29-148
Added Net: Name=PB10
Added Pin To Net: NetName=PB11 Pin=U29-158
Added Net: Name=PB11
Added Net: Name=PB12
Add Net: Net with name "PB12" already exists
Added Pin To Net: NetName=PB13 Pin=U29-151
Added Net: Name=PB13
Add Net: Net with name "PB13" already exists
Added Pin To Net: NetName=PB14 Pin=R298-2
Added Pin To Net: NetName=PB14 Pin=U29-155
Added Net: Name=PB14
Added Pin To Net: NetName=PB15 Pin=U29-154
Added Net: Name=PB15
Added Pin To Net: NetName=PB16 Pin=U29-152
Added Net: Name=PB16
Added Pin To Net: NetName=PB17 Pin=U29-159
Added Net: Name=PB17
Added Pin To Net: NetName=PB18 Pin=U29-150
Added Net: Name=PB18
Added Pin To Net: NetName=PB19 Pin=U29-149
Added Net: Name=PB19
Added Pin To Net: NetName=PB20 Pin=U29-153
Added Net: Name=PB20
Added Pin To Net: NetName=PB21 Pin=U29-160
Added Net: Name=PB21
Added Pin To Net: NetName=PB28 Pin=U29-52
Added Net: Name=PB28
Added Pin To Net: NetName=PB29 Pin=R289-2
Added Pin To Net: NetName=PB29 Pin=U29-53
Added Net: Name=PB29
Added Pin To Net: NetName=PB30 Pin=R295-2
Added Pin To Net: NetName=PB30 Pin=U29-58
Added Net: Name=PB30
Added Pin To Net: NetName=PB31 Pin=R290-2
Added Pin To Net: NetName=PB31 Pin=U29-54
Added Net: Name=PB31
Added Pin To Net: NetName=PC0 Pin=R291-2
Added Pin To Net: NetName=PC0 Pin=U29-55
Added Net: Name=PC0
Added Pin To Net: NetName=PC00 Pin=R283-1
Added Net: Name=PC00
Added Pin To Net: NetName=PC01 Pin=R49-1
Added Net: Name=PC01
Added Pin To Net: NetName=PC1 Pin=R292-2
Added Pin To Net: NetName=PC1 Pin=U29-56
Added Net: Name=PC1
Added Pin To Net: NetName=PC02 Pin=R50-1
Added Net: Name=PC02
Added Pin To Net: NetName=PC2 Pin=R293-2
Added Pin To Net: NetName=PC2 Pin=U29-57
Added Net: Name=PC2
Added Pin To Net: NetName=PC03 Pin=R51-1
Added Net: Name=PC03
Added Pin To Net: NetName=PC3 Pin=R344-1
Added Pin To Net: NetName=PC3 Pin=R345-2
Added Pin To Net: NetName=PC3 Pin=U29-59
Added Net: Name=PC3
Added Pin To Net: NetName=PC04 Pin=R52-1
Added Net: Name=PC04
Added Pin To Net: NetName=PC4 Pin=R297-2
Added Pin To Net: NetName=PC4 Pin=R346-1
Added Pin To Net: NetName=PC4 Pin=R347-2
Added Pin To Net: NetName=PC4 Pin=U29-60
Added Net: Name=PC4
Added Pin To Net: NetName=PC05 Pin=R53-1
Added Net: Name=PC05
Added Pin To Net: NetName=PC5 Pin=R349-1
Added Pin To Net: NetName=PC5 Pin=R350-2
Added Pin To Net: NetName=PC5 Pin=U29-61
Added Net: Name=PC5
Added Pin To Net: NetName=PC06 Pin=R54-1
Added Net: Name=PC06
Added Pin To Net: NetName=PC6 Pin=U29-62
Added Net: Name=PC6
Added Pin To Net: NetName=PC07 Pin=R55-1
Added Net: Name=PC07
Added Pin To Net: NetName=PC7 Pin=U29-85
Added Net: Name=PC7
Added Pin To Net: NetName=PC08 Pin=R56-1
Added Net: Name=PC08
Added Pin To Net: NetName=PC8 Pin=U29-86
Added Net: Name=PC8
Added Pin To Net: NetName=PC09 Pin=R57-1
Added Net: Name=PC09
Added Pin To Net: NetName=PC9 Pin=R335-2
Added Pin To Net: NetName=PC9 Pin=U29-87
Added Net: Name=PC9
Added Pin To Net: NetName=PC10 Pin=R336-2
Added Pin To Net: NetName=PC10 Pin=U29-88
Added Net: Name=PC10
Add Net: Net with name "PC10" already exists
Added Pin To Net: NetName=PC11 Pin=R337-2
Added Pin To Net: NetName=PC11 Pin=U29-89
Added Net: Name=PC11
Add Net: Net with name "PC11" already exists
Added Pin To Net: NetName=PC12 Pin=R338-2
Added Pin To Net: NetName=PC12 Pin=U29-90
Added Net: Name=PC12
Added Pin To Net: NetName=PC13 Pin=U29-91
Added Net: Name=PC13
Added Net: Name=PC14
Add Net: Net with name "PC14" already exists
Added Pin To Net: NetName=PC15 Pin=R342-2
Added Pin To Net: NetName=PC15 Pin=U29-93
Added Net: Name=PC15
Added Pin To Net: NetName=PC16 Pin=U29-99
Added Net: Name=PC16
Add Net: Net with name "PC16" already exists
Added Pin To Net: NetName=PC17 Pin=R69-1
Added Net: Name=PC17
Add Net: Net with name "PC17" already exists
Added Pin To Net: NetName=PC18 Pin=U29-101
Added Net: Name=PC18
Add Net: Net with name "PC18" already exists
Added Pin To Net: NetName=PC19 Pin=R76-2
Added Pin To Net: NetName=PC19 Pin=U6-16
Added Pin To Net: NetName=PC19 Pin=U7-16
Added Pin To Net: NetName=PC19 Pin=U8-16
Added Pin To Net: NetName=PC19 Pin=U9-16
Added Pin To Net: NetName=PC19 Pin=U29-102
Added Net: Name=PC19
Add Net: Net with name "PC19" already exists
Added Pin To Net: NetName=PC20 Pin=R72-1
Added Net: Name=PC20
Add Net: Net with name "PC20" already exists
Added Pin To Net: NetName=PC21 Pin=R73-1
Added Net: Name=PC21
Added Pin To Net: NetName=PC22 Pin=R74-1
Added Net: Name=PC22
Added Pin To Net: NetName=PC23 Pin=R75-1
Added Net: Name=PC23
Added Pin To Net: NetName=PC24 Pin=R76-1
Added Net: Name=PC24
Added Pin To Net: NetName=PC25 Pin=R77-1
Added Net: Name=PC25
Added Pin To Net: NetName=PC26 Pin=R78-1
Added Net: Name=PC26
Added Pin To Net: NetName=PC27 Pin=R79-1
Added Net: Name=PC27
Added Pin To Net: NetName=PC28 Pin=R80-1
Added Net: Name=PC28
Added Pin To Net: NetName=PC29 Pin=R81-1
Added Net: Name=PC29
Added Pin To Net: NetName=PC30 Pin=R82-1
Added Net: Name=PC30
Added Pin To Net: NetName=PC31 Pin=R83-1
Added Net: Name=PC31
Added Pin To Net: NetName=PD0 Pin=U29-106
Added Net: Name=PD0
Added Net: Name=PD00
Added Pin To Net: NetName=PD01 Pin=R13-2
Added Net: Name=PD01
Added Pin To Net: NetName=PD1 Pin=U29-107
Added Net: Name=PD1
Added Pin To Net: NetName=PD02 Pin=R231-2
Added Net: Name=PD02
Added Net: Name=PD03
Added Pin To Net: NetName=PD04 Pin=R383-2
Added Net: Name=PD04
Added Pin To Net: NetName=PD05 Pin=R392-2
Added Net: Name=PD05
Added Pin To Net: NetName=PD06 Pin=R402-2
Added Net: Name=PD06
Added Net: Name=PD07
Added Net: Name=PD08
Added Pin To Net: NetName=PD09 Pin=R330-1
Added Net: Name=PD09
Added Pin To Net: NetName=PD10 Pin=R331-1
Added Net: Name=PD10
Added Pin To Net: NetName=PD11 Pin=R22-2
Added Net: Name=PD11
Added Pin To Net: NetName=PD12 Pin=R24-2
Added Net: Name=PD12
Add Net: Net with name "PD12" already exists
Added Pin To Net: NetName=PD13 Pin=R300-2
Added Pin To Net: NetName=PD13 Pin=U29-21
Added Net: Name=PD13
Add Net: Net with name "PD13" already exists
Added Pin To Net: NetName=PD14 Pin=R302-2
Added Pin To Net: NetName=PD14 Pin=U29-22
Added Net: Name=PD14
Add Net: Net with name "PD14" already exists
Added Net: Name=PD15
Add Net: Net with name "PD15" already exists
Added Pin To Net: NetName=PD16 Pin=R304-2
Added Pin To Net: NetName=PD16 Pin=U29-24
Added Net: Name=PD16
Add Net: Net with name "PD16" already exists
Added Net: Name=PD17
Add Net: Net with name "PD17" already exists
Added Pin To Net: NetName=PD18 Pin=R294-2
Added Pin To Net: NetName=PD18 Pin=U29-111
Added Net: Name=PD18
Add Net: Net with name "PD18" already exists
Added Net: Name=PD19
Add Net: Net with name "PD19" already exists
Added Pin To Net: NetName=PD20 Pin=U29-29
Added Net: Name=PD20
Add Net: Net with name "PD20" already exists
Added Pin To Net: NetName=PD21 Pin=U29-26
Added Net: Name=PD21
Add Net: Net with name "PD21" already exists
Added Pin To Net: NetName=PD22 Pin=U29-27
Added Net: Name=PD22
Add Net: Net with name "PD22" already exists
Added Net: Name=PD23
Add Net: Net with name "PD23" already exists
Added Net: Name=PD24
Add Net: Net with name "PD24" already exists
Added Net: Name=PD25
Add Net: Net with name "PD25" already exists
Added Net: Name=PD26
Add Net: Net with name "PD26" already exists
Added Pin To Net: NetName=PD27 Pin=R39-2
Added Net: Name=PD27
Add Net: Net with name "PD27" already exists
Added Pin To Net: NetName=PD28 Pin=U29-35
Added Net: Name=PD28
Add Net: Net with name "PD28" already exists
Added Pin To Net: NetName=PD29 Pin=U29-33
Added Net: Name=PD29
Add Net: Net with name "PD29" already exists
Added Pin To Net: NetName=PD30 Pin=U29-31
Added Net: Name=PD30
Add Net: Net with name "PD30" already exists
Added Pin To Net: NetName=PD31 Pin=U29-37
Added Net: Name=PD31
Add Net: Net with name "PD31" already exists
Added Pin To Net: NetName=PE0 Pin=U29-44
Added Net: Name=PE0
Added Pin To Net: NetName=PE00 Pin=R235-2
Added Pin To Net: NetName=PE00 Pin=R387-2
Added Pin To Net: NetName=PE00 Pin=U24-9
Added Pin To Net: NetName=PE00 Pin=U36-9
Added Net: Name=PE00
Added Net: Name=PE01
Added Pin To Net: NetName=PE1 Pin=U29-45
Added Net: Name=PE1
Added Net: Name=PE02
Added Pin To Net: NetName=PE2 Pin=U29-47
Added Net: Name=PE2
Added Net: Name=PE03
Added Pin To Net: NetName=PE3 Pin=U29-46
Added Net: Name=PE3
Added Net: Name=PE04
Added Pin To Net: NetName=PE4 Pin=U29-49
Added Net: Name=PE4
Added Net: Name=PE05
Added Pin To Net: NetName=PE5 Pin=U29-48
Added Net: Name=PE5
Added Pin To Net: NetName=PE6 Pin=U29-50
Added Net: Name=PE6
Added Pin To Net: NetName=PHOTO_ADC_CONV Pin=R13-1
Added Pin To Net: NetName=PHOTO_ADC_CONV Pin=R251-2
Added Pin To Net: NetName=PHOTO_ADC_CONV Pin=R267-1
Added Net: Name=PHOTO_ADC_CONV
Added Pin To Net: NetName=PIOBU0 Pin=U29-116
Added Net: Name=PIOBU0
Added Pin To Net: NetName=PIOBU1 Pin=U29-115
Added Net: Name=PIOBU1
Added Pin To Net: NetName=PIOBU2 Pin=U29-117
Added Net: Name=PIOBU2
Added Pin To Net: NetName=PIOBU3 Pin=U29-118
Added Net: Name=PIOBU3
Added Pin To Net: NetName=POW_ONOFF_BUCK_PERI Pin=R375-2
Added Net: Name=POW_ONOFF_BUCK_PERI
Added Net: Name=PRAM_MISO
Added Net: Name=PRAM_MOSI
Added Net: Name=PRAM_nCS
Added Net: Name=PRAM_SCK
Added Pin To Net: NetName=QSPI1_CS_IN Pin=U29-69
Added Net: Name=QSPI1_CS_IN
Added Pin To Net: NetName=QSPI1_CS_PB26 Pin=U29-68
Added Net: Name=QSPI1_CS_PB26
Added Pin To Net: NetName=RTC_BAT Pin=U31-9
Added Net: Name=RTC_BAT
Added Pin To Net: NetName=SD2_CLK Pin=J16-P5
Added Pin To Net: NetName=SD2_CLK Pin=R206-1
Added Pin To Net: NetName=SD2_CLK Pin=R295-1
Added Pin To Net: NetName=SD2_CLK Pin=U21-3
Added Net: Name=SD2_CLK
Added Pin To Net: NetName=SD2_CMD Pin=J16-P3
Added Pin To Net: NetName=SD2_CMD Pin=R207-1
Added Pin To Net: NetName=SD2_CMD Pin=R289-1
Added Pin To Net: NetName=SD2_CMD Pin=U22-6
Added Net: Name=SD2_CMD
Added Pin To Net: NetName=SD2_DATA0 Pin=J16-P7
Added Pin To Net: NetName=SD2_DATA0 Pin=R202-1
Added Pin To Net: NetName=SD2_DATA0 Pin=R290-1
Added Pin To Net: NetName=SD2_DATA0 Pin=U21-6
Added Net: Name=SD2_DATA0
Added Pin To Net: NetName=SD2_DATA1 Pin=J16-P8
Added Pin To Net: NetName=SD2_DATA1 Pin=R203-1
Added Pin To Net: NetName=SD2_DATA1 Pin=R291-1
Added Pin To Net: NetName=SD2_DATA1 Pin=U21-1
Added Net: Name=SD2_DATA1
Added Pin To Net: NetName=SD2_DATA2 Pin=J16-P1
Added Pin To Net: NetName=SD2_DATA2 Pin=R204-1
Added Pin To Net: NetName=SD2_DATA2 Pin=R292-1
Added Pin To Net: NetName=SD2_DATA2 Pin=U22-3
Added Net: Name=SD2_DATA2
Added Pin To Net: NetName=SD2_DATA3 Pin=J16-P2
Added Pin To Net: NetName=SD2_DATA3 Pin=R205-1
Added Pin To Net: NetName=SD2_DATA3 Pin=R293-1
Added Pin To Net: NetName=SD2_DATA3 Pin=U22-4
Added Net: Name=SD2_DATA3
Added Pin To Net: NetName=SD2_nCD Pin=J16-P9
Added Pin To Net: NetName=SD2_nCD Pin=R201-1
Added Pin To Net: NetName=SD2_nCD Pin=R297-1
Added Net: Name=SD2_nCD
Added Pin To Net: NetName=SEL_VLDO1 Pin=U29-8
Added Net: Name=SEL_VLDO1
Added Pin To Net: NetName=SENSOR1_EN Pin=R57-2
Added Pin To Net: NetName=SENSOR1_EN Pin=R186-2
Added Net: Name=SENSOR1_EN
Added Pin To Net: NetName=SENSOR2_EN Pin=R59-2
Added Pin To Net: NetName=SENSOR2_EN Pin=R187-2
Added Net: Name=SENSOR2_EN
Added Pin To Net: NetName=SENSOR3_EN Pin=R60-2
Added Pin To Net: NetName=SENSOR3_EN Pin=R199-2
Added Net: Name=SENSOR3_EN
Added Pin To Net: NetName=SENSOR_I2C1_SCL Pin=R64-1
Added Pin To Net: NetName=SENSOR_I2C1_SCL Pin=R184-2
Added Pin To Net: NetName=SENSOR_I2C1_SCL Pin=R197-2
Added Net: Name=SENSOR_I2C1_SCL
Added Pin To Net: NetName=SENSOR_I2C1_SDA Pin=R61-1
Added Pin To Net: NetName=SENSOR_I2C1_SDA Pin=R185-2
Added Pin To Net: NetName=SENSOR_I2C1_SDA Pin=R198-2
Added Net: Name=SENSOR_I2C1_SDA
Added Pin To Net: NetName=SHDN Pin=U29-146
Added Net: Name=SHDN
Added Pin To Net: NetName=SOL_1_OUT1 Pin=J19-2
Added Net: Name=SOL_1_OUT1
Added Pin To Net: NetName=SOL_1_OUT2 Pin=J19-1
Added Net: Name=SOL_1_OUT2
Added Pin To Net: NetName=SOL_1_VREF Pin=R237-2
Added Pin To Net: NetName=SOL_1_VREF Pin=R238-1
Added Pin To Net: NetName=SOL_1_VREF Pin=R240-2
Added Pin To Net: NetName=SOL_1_VREF Pin=R241-1
Added Pin To Net: NetName=SOL_1_VREF Pin=R243-2
Added Pin To Net: NetName=SOL_1_VREF Pin=R244-1
Added Pin To Net: NetName=SOL_1_VREF Pin=R246-2
Added Pin To Net: NetName=SOL_1_VREF Pin=R247-1
Added Net: Name=SOL_1_VREF
Added Pin To Net: NetName=SOL_2_OUT1 Pin=J19-4
Added Net: Name=SOL_2_OUT1
Added Pin To Net: NetName=SOL_2_OUT2 Pin=J19-3
Added Net: Name=SOL_2_OUT2
Added Pin To Net: NetName=SOL_3_OUT1 Pin=J19-6
Added Net: Name=SOL_3_OUT1
Added Pin To Net: NetName=SOL_3_OUT2 Pin=J19-5
Added Net: Name=SOL_3_OUT2
Added Pin To Net: NetName=SOL_4_OUT1 Pin=J19-8
Added Net: Name=SOL_4_OUT1
Added Pin To Net: NetName=SOL_4_OUT2 Pin=J19-7
Added Net: Name=SOL_4_OUT2
Added Pin To Net: NetName=SOM_CAM_CK_N Pin=R311-1
Added Net: Name=SOM_CAM_CK_N
Added Pin To Net: NetName=SOM_CAM_CK_P Pin=R309-1
Added Net: Name=SOM_CAM_CK_P
Added Pin To Net: NetName=SOM_CAM_D0_N Pin=R321-1
Added Net: Name=SOM_CAM_D0_N
Added Pin To Net: NetName=SOM_CAM_D0_P Pin=R319-1
Added Net: Name=SOM_CAM_D0_P
Added Pin To Net: NetName=SOM_CAM_D1_N Pin=R316-1
Added Net: Name=SOM_CAM_D1_N
Added Pin To Net: NetName=SOM_CAM_D1_P Pin=R313-1
Added Net: Name=SOM_CAM_D1_P
Added Pin To Net: NetName=SOM_CANRX0 Pin=R300-1
Added Net: Name=SOM_CANRX0
Added Pin To Net: NetName=SOM_CANRX1 Pin=R296-1
Added Net: Name=SOM_CANRX1
Added Pin To Net: NetName=SOM_CANTX0 Pin=R299-1
Added Net: Name=SOM_CANTX0
Added Pin To Net: NetName=SOM_CANTX1 Pin=R302-1
Added Net: Name=SOM_CANTX1
Added Pin To Net: NetName=SOM_CONSOLE_1_RX Pin=R220-1
Added Pin To Net: NetName=SOM_CONSOLE_1_RX Pin=R222-2
Added Pin To Net: NetName=SOM_CONSOLE_1_RX Pin=R303-1
Added Net: Name=SOM_CONSOLE_1_RX
Added Pin To Net: NetName=SOM_CONSOLE_1_TX Pin=R219-1
Added Pin To Net: NetName=SOM_CONSOLE_1_TX Pin=R221-2
Added Pin To Net: NetName=SOM_CONSOLE_1_TX Pin=R304-1
Added Net: Name=SOM_CONSOLE_1_TX
Added Pin To Net: NetName=SOM_EMMC_nRST Pin=R218-1
Added Pin To Net: NetName=SOM_EMMC_nRST Pin=R318-1
Added Pin To Net: NetName=SOM_EMMC_nRST Pin=U23-M5
Added Pin To Net: NetName=SOM_EMMC_nRST Pin=U23-M5
Added Net: Name=SOM_EMMC_nRST
Added Pin To Net: NetName=SOM_PHOTO_ADC_CONV Pin=R255-2
Added Pin To Net: NetName=SOM_PHOTO_ADC_CONV Pin=R268-1
Added Pin To Net: NetName=SOM_PHOTO_ADC_CONV Pin=R294-1
Added Net: Name=SOM_PHOTO_ADC_CONV
Added Pin To Net: NetName=SOM_PHOTO_ADC_EOC Pin=R256-2
Added Pin To Net: NetName=SOM_PHOTO_ADC_EOC Pin=R270-1
Added Pin To Net: NetName=SOM_PHOTO_ADC_EOC Pin=R342-1
Added Net: Name=SOM_PHOTO_ADC_EOC
Added Pin To Net: NetName=SOM_PHOTO_ADC_nCS Pin=R254-2
Added Pin To Net: NetName=SOM_PHOTO_ADC_nCS Pin=R266-1
Added Net: Name=SOM_PHOTO_ADC_nCS
Added Pin To Net: NetName=SOM_PHOTO_SPI_MISO Pin=R262-1
Added Pin To Net: NetName=SOM_PHOTO_SPI_MISO Pin=R336-1
Added Net: Name=SOM_PHOTO_SPI_MISO
Added Pin To Net: NetName=SOM_PHOTO_SPI_MOSI Pin=R260-1
Added Pin To Net: NetName=SOM_PHOTO_SPI_MOSI Pin=R335-1
Added Net: Name=SOM_PHOTO_SPI_MOSI
Added Pin To Net: NetName=SOM_PHOTO_SPI_SCK Pin=R258-1
Added Net: Name=SOM_PHOTO_SPI_SCK
Added Pin To Net: NetName=SOM_PHOTO_SW_nCS Pin=R253-2
Added Pin To Net: NetName=SOM_PHOTO_SW_nCS Pin=R264-1
Added Net: Name=SOM_PHOTO_SW_nCS
Added Pin To Net: NetName=SOM_PRAM_nCS Pin=R340-1
Added Net: Name=SOM_PRAM_nCS
Added Pin To Net: NetName=SOM_PRAM_SPI_MISO Pin=R343-1
Added Net: Name=SOM_PRAM_SPI_MISO
Added Pin To Net: NetName=SOM_PRAM_SPI_MOSI Pin=R341-1
Added Net: Name=SOM_PRAM_SPI_MOSI
Added Pin To Net: NetName=SOM_PRAM_SPI_SCK Pin=R339-1
Added Net: Name=SOM_PRAM_SPI_SCK
Added Pin To Net: NetName=SOM_SDMMC0_OUT_CK Pin=R217-1
Added Pin To Net: NetName=SOM_SDMMC0_OUT_CK Pin=R315-1
Added Pin To Net: NetName=SOM_SDMMC0_OUT_CK Pin=U23-P6
Added Pin To Net: NetName=SOM_SDMMC0_OUT_CK Pin=U23-P6
Added Net: Name=SOM_SDMMC0_OUT_CK
Added Pin To Net: NetName=SOM_SDMMC0_OUT_CMD Pin=R216-1
Added Pin To Net: NetName=SOM_SDMMC0_OUT_CMD Pin=R326-1
Added Pin To Net: NetName=SOM_SDMMC0_OUT_CMD Pin=U23-P5
Added Pin To Net: NetName=SOM_SDMMC0_OUT_CMD Pin=U23-P5
Added Net: Name=SOM_SDMMC0_OUT_CMD
Added Pin To Net: NetName=SOM_SDMMC0_OUT_D0 Pin=R215-1
Added Pin To Net: NetName=SOM_SDMMC0_OUT_D0 Pin=R322-1
Added Pin To Net: NetName=SOM_SDMMC0_OUT_D0 Pin=U23-K2
Added Pin To Net: NetName=SOM_SDMMC0_OUT_D0 Pin=U23-K2
Added Net: Name=SOM_SDMMC0_OUT_D0
Added Pin To Net: NetName=SOM_SDMMC0_OUT_D1 Pin=R214-1
Added Pin To Net: NetName=SOM_SDMMC0_OUT_D1 Pin=R307-1
Added Pin To Net: NetName=SOM_SDMMC0_OUT_D1 Pin=U23-N2
Added Pin To Net: NetName=SOM_SDMMC0_OUT_D1 Pin=U23-N2
Added Net: Name=SOM_SDMMC0_OUT_D1
Added Pin To Net: NetName=SOM_SDMMC0_OUT_D2 Pin=R213-1
Added Pin To Net: NetName=SOM_SDMMC0_OUT_D2 Pin=R320-1
Added Pin To Net: NetName=SOM_SDMMC0_OUT_D2 Pin=U23-K3
Added Pin To Net: NetName=SOM_SDMMC0_OUT_D2 Pin=U23-K3
Added Net: Name=SOM_SDMMC0_OUT_D2
Added Pin To Net: NetName=SOM_SDMMC0_OUT_D3 Pin=R212-1
Added Pin To Net: NetName=SOM_SDMMC0_OUT_D3 Pin=R312-1
Added Pin To Net: NetName=SOM_SDMMC0_OUT_D3 Pin=U23-N3
Added Pin To Net: NetName=SOM_SDMMC0_OUT_D3 Pin=U23-N3
Added Net: Name=SOM_SDMMC0_OUT_D3
Added Pin To Net: NetName=SOM_SDMMC0_OUT_D4 Pin=R211-1
Added Pin To Net: NetName=SOM_SDMMC0_OUT_D4 Pin=R310-1
Added Pin To Net: NetName=SOM_SDMMC0_OUT_D4 Pin=U23-N8
Added Pin To Net: NetName=SOM_SDMMC0_OUT_D4 Pin=U23-N8
Added Net: Name=SOM_SDMMC0_OUT_D4
Added Pin To Net: NetName=SOM_SDMMC0_OUT_D5 Pin=R210-1
Added Pin To Net: NetName=SOM_SDMMC0_OUT_D5 Pin=R308-1
Added Pin To Net: NetName=SOM_SDMMC0_OUT_D5 Pin=U23-K8
Added Pin To Net: NetName=SOM_SDMMC0_OUT_D5 Pin=U23-K8
Added Net: Name=SOM_SDMMC0_OUT_D5
Added Pin To Net: NetName=SOM_SDMMC0_OUT_D6 Pin=R209-1
Added Pin To Net: NetName=SOM_SDMMC0_OUT_D6 Pin=R305-1
Added Pin To Net: NetName=SOM_SDMMC0_OUT_D6 Pin=U23-N9
Added Pin To Net: NetName=SOM_SDMMC0_OUT_D6 Pin=U23-N9
Added Net: Name=SOM_SDMMC0_OUT_D6
Added Pin To Net: NetName=SOM_SDMMC0_OUT_D7 Pin=R208-1
Added Pin To Net: NetName=SOM_SDMMC0_OUT_D7 Pin=R306-1
Added Pin To Net: NetName=SOM_SDMMC0_OUT_D7 Pin=U23-K9
Added Pin To Net: NetName=SOM_SDMMC0_OUT_D7 Pin=U23-K9
Added Net: Name=SOM_SDMMC0_OUT_D7
Added Pin To Net: NetName=SOM_SDMMC0_OUT_DS Pin=R324-1
Added Pin To Net: NetName=SOM_SDMMC0_OUT_DS Pin=U23-K5
Added Pin To Net: NetName=SOM_SDMMC0_OUT_DS Pin=U23-K5
Added Net: Name=SOM_SDMMC0_OUT_DS
Added Pin To Net: NetName=SOM_TWCK Pin=U29-16
Added Net: Name=SOM_TWCK
Added Pin To Net: NetName=SOM_TWD Pin=U29-17
Added Net: Name=SOM_TWD
Added Pin To Net: NetName=SOM_USB_LED_1 Pin=R88-1
Added Pin To Net: NetName=SOM_USB_LED_1 Pin=R301-1
Added Net: Name=SOM_USB_LED_1
Added Pin To Net: NetName=SOM_USB_LED_2 Pin=R93-1
Added Pin To Net: NetName=SOM_USB_LED_2 Pin=R298-1
Added Net: Name=SOM_USB_LED_2
Added Pin To Net: NetName=SOM_USB_N Pin=R314-1
Added Pin To Net: NetName=SOM_USB_N Pin=U4-3
Added Net: Name=SOM_USB_N
Added Pin To Net: NetName=SOM_USB_P Pin=R317-1
Added Pin To Net: NetName=SOM_USB_P Pin=U4-2
Added Net: Name=SOM_USB_P
Added Pin To Net: NetName=SOM_USB_PWR_EN1 Pin=R98-1
Added Pin To Net: NetName=SOM_USB_PWR_EN1 Pin=R287-1
Added Pin To Net: NetName=SOM_USB_PWR_EN1 Pin=U5-1
Added Net: Name=SOM_USB_PWR_EN1
Added Pin To Net: NetName=SOM_USB_PWR_EN2 Pin=R97-1
Added Pin To Net: NetName=SOM_USB_PWR_EN2 Pin=R288-1
Added Pin To Net: NetName=SOM_USB_PWR_EN2 Pin=U5-4
Added Net: Name=SOM_USB_PWR_EN2
Added Pin To Net: NetName=SOM_USB_SW_nOE Pin=R86-2
Added Pin To Net: NetName=SOM_USB_SW_nOE Pin=R284-1
Added Pin To Net: NetName=SOM_USB_SW_nOE Pin=U4-15
Added Net: Name=SOM_USB_SW_nOE
Added Pin To Net: NetName=SOM_USB_SW_SEL0 Pin=R91-1
Added Pin To Net: NetName=SOM_USB_SW_SEL0 Pin=R285-1
Added Pin To Net: NetName=SOM_USB_SW_SEL0 Pin=U4-6
Added Net: Name=SOM_USB_SW_SEL0
Added Pin To Net: NetName=SOM_USB_SW_SEL1 Pin=R90-1
Added Pin To Net: NetName=SOM_USB_SW_SEL1 Pin=R286-1
Added Pin To Net: NetName=SOM_USB_SW_SEL1 Pin=U4-5
Added Net: Name=SOM_USB_SW_SEL1
Added Pin To Net: NetName=TCK_SWCLK_PC26 Pin=U29-64
Added Net: Name=TCK_SWCLK_PC26
Added Pin To Net: NetName=TDI_PC28 Pin=U29-63
Added Net: Name=TDI_PC28
Added Pin To Net: NetName=TDO_PC29 Pin=U29-65
Added Net: Name=TDO_PC29
Added Pin To Net: NetName=TEC_ADC_1 Pin=U6-20
Added Net: Name=TEC_ADC_1
Added Pin To Net: NetName=TEC_ADC_2 Pin=U8-20
Added Net: Name=TEC_ADC_2
Added Pin To Net: NetName=TEC_ADC_3 Pin=U7-20
Added Net: Name=TEC_ADC_3
Added Pin To Net: NetName=TEC_ADC_4 Pin=U9-20
Added Net: Name=TEC_ADC_4
Added Pin To Net: NetName=TEC_EN_1 Pin=R37-2
Added Pin To Net: NetName=TEC_EN_1 Pin=R103-2
Added Net: Name=TEC_EN_1
Added Pin To Net: NetName=TEC_EN_2 Pin=R38-2
Added Pin To Net: NetName=TEC_EN_2 Pin=R113-2
Added Net: Name=TEC_EN_2
Added Pin To Net: NetName=TEC_EN_3 Pin=R40-2
Added Pin To Net: NetName=TEC_EN_3 Pin=R104-2
Added Net: Name=TEC_EN_3
Added Pin To Net: NetName=TEC_EN_4 Pin=R42-2
Added Pin To Net: NetName=TEC_EN_4 Pin=R114-2
Added Net: Name=TEC_EN_4
Added Pin To Net: NetName=TEC_nCS_1 Pin=R70-2
Added Pin To Net: NetName=TEC_nCS_1 Pin=R99-2
Added Pin To Net: NetName=TEC_nCS_1 Pin=U6-15
Added Net: Name=TEC_nCS_1
Added Pin To Net: NetName=TEC_nCS_2 Pin=R72-2
Added Pin To Net: NetName=TEC_nCS_2 Pin=R109-2
Added Pin To Net: NetName=TEC_nCS_2 Pin=U8-15
Added Net: Name=TEC_nCS_2
Added Pin To Net: NetName=TEC_nCS_3 Pin=R74-2
Added Pin To Net: NetName=TEC_nCS_3 Pin=R100-2
Added Pin To Net: NetName=TEC_nCS_3 Pin=U7-15
Added Net: Name=TEC_nCS_3
Added Pin To Net: NetName=TEC_nCS_4 Pin=R75-2
Added Pin To Net: NetName=TEC_nCS_4 Pin=R110-2
Added Pin To Net: NetName=TEC_nCS_4 Pin=U9-15
Added Net: Name=TEC_nCS_4
Added Pin To Net: NetName=TEC_OUT_A_1 Pin=C45-2
Added Pin To Net: NetName=TEC_OUT_A_1 Pin=C46-2
Added Pin To Net: NetName=TEC_OUT_A_1 Pin=C57-2
Added Pin To Net: NetName=TEC_OUT_A_1 Pin=J6-5
Added Pin To Net: NetName=TEC_OUT_A_1 Pin=U6-8
Added Pin To Net: NetName=TEC_OUT_A_1 Pin=U6-9
Added Net: Name=TEC_OUT_A_1
Added Pin To Net: NetName=TEC_OUT_A_2 Pin=C67-2
Added Pin To Net: NetName=TEC_OUT_A_2 Pin=C68-2
Added Pin To Net: NetName=TEC_OUT_A_2 Pin=C79-2
Added Pin To Net: NetName=TEC_OUT_A_2 Pin=J6-1
Added Pin To Net: NetName=TEC_OUT_A_2 Pin=U8-8
Added Pin To Net: NetName=TEC_OUT_A_2 Pin=U8-9
Added Net: Name=TEC_OUT_A_2
Added Pin To Net: NetName=TEC_OUT_A_3 Pin=C47-2
Added Pin To Net: NetName=TEC_OUT_A_3 Pin=C48-2
Added Pin To Net: NetName=TEC_OUT_A_3 Pin=C58-2
Added Pin To Net: NetName=TEC_OUT_A_3 Pin=J6-7
Added Pin To Net: NetName=TEC_OUT_A_3 Pin=U7-8
Added Pin To Net: NetName=TEC_OUT_A_3 Pin=U7-9
Added Net: Name=TEC_OUT_A_3
Added Pin To Net: NetName=TEC_OUT_A_4 Pin=C69-2
Added Pin To Net: NetName=TEC_OUT_A_4 Pin=C70-2
Added Pin To Net: NetName=TEC_OUT_A_4 Pin=C80-2
Added Pin To Net: NetName=TEC_OUT_A_4 Pin=J6-3
Added Pin To Net: NetName=TEC_OUT_A_4 Pin=U9-8
Added Pin To Net: NetName=TEC_OUT_A_4 Pin=U9-9
Added Net: Name=TEC_OUT_A_4
Added Pin To Net: NetName=TEC_OUT_B_1 Pin=C57-1
Added Pin To Net: NetName=TEC_OUT_B_1 Pin=C63-2
Added Pin To Net: NetName=TEC_OUT_B_1 Pin=J6-6
Added Pin To Net: NetName=TEC_OUT_B_1 Pin=L2-2
Added Pin To Net: NetName=TEC_OUT_B_1 Pin=U6-12
Added Net: Name=TEC_OUT_B_1
Added Pin To Net: NetName=TEC_OUT_B_2 Pin=C79-1
Added Pin To Net: NetName=TEC_OUT_B_2 Pin=C85-2
Added Pin To Net: NetName=TEC_OUT_B_2 Pin=J6-2
Added Pin To Net: NetName=TEC_OUT_B_2 Pin=L4-2
Added Pin To Net: NetName=TEC_OUT_B_2 Pin=U8-12
Added Net: Name=TEC_OUT_B_2
Added Pin To Net: NetName=TEC_OUT_B_3 Pin=C58-1
Added Pin To Net: NetName=TEC_OUT_B_3 Pin=C64-2
Added Pin To Net: NetName=TEC_OUT_B_3 Pin=J6-8
Added Pin To Net: NetName=TEC_OUT_B_3 Pin=L3-2
Added Pin To Net: NetName=TEC_OUT_B_3 Pin=U7-12
Added Net: Name=TEC_OUT_B_3
Added Pin To Net: NetName=TEC_OUT_B_4 Pin=C80-1
Added Pin To Net: NetName=TEC_OUT_B_4 Pin=C86-2
Added Pin To Net: NetName=TEC_OUT_B_4 Pin=J6-4
Added Pin To Net: NetName=TEC_OUT_B_4 Pin=L5-2
Added Pin To Net: NetName=TEC_OUT_B_4 Pin=U9-12
Added Net: Name=TEC_OUT_B_4
Added Pin To Net: NetName=TEC_SPI_MISO Pin=R78-2
Added Pin To Net: NetName=TEC_SPI_MISO Pin=R338-1
Added Pin To Net: NetName=TEC_SPI_MISO Pin=U6-18
Added Pin To Net: NetName=TEC_SPI_MISO Pin=U7-18
Added Pin To Net: NetName=TEC_SPI_MISO Pin=U8-18
Added Pin To Net: NetName=TEC_SPI_MISO Pin=U9-18
Added Net: Name=TEC_SPI_MISO
Added Pin To Net: NetName=TEC_SPI_MOSI Pin=R79-2
Added Pin To Net: NetName=TEC_SPI_MOSI Pin=R337-1
Added Pin To Net: NetName=TEC_SPI_MOSI Pin=U6-17
Added Pin To Net: NetName=TEC_SPI_MOSI Pin=U7-17
Added Pin To Net: NetName=TEC_SPI_MOSI Pin=U8-17
Added Pin To Net: NetName=TEC_SPI_MOSI Pin=U9-17
Added Net: Name=TEC_SPI_MOSI
Added Pin To Net: NetName=TEC_SWEN_1 Pin=R43-2
Added Pin To Net: NetName=TEC_SWEN_1 Pin=R101-1
Added Net: Name=TEC_SWEN_1
Added Pin To Net: NetName=TEC_SWEN_3 Pin=R49-2
Added Pin To Net: NetName=TEC_SWEN_3 Pin=R102-1
Added Net: Name=TEC_SWEN_3
Added Pin To Net: NetName=TEC_SWEN_4 Pin=R50-2
Added Pin To Net: NetName=TEC_SWEN_4 Pin=R112-1
Added Net: Name=TEC_SWEN_4
Added Pin To Net: NetName=TEMP _SENSOR Pin=R82-2
Added Pin To Net: NetName=TEMP _SENSOR Pin=R167-2
Added Net: Name=TEMP _SENSOR
Added Pin To Net: NetName=TMS_SWDIO_PC27 Pin=U29-67
Added Net: Name=TMS_SWDIO_PC27
Added Pin To Net: NetName=USB1_N Pin=J15-2
Added Pin To Net: NetName=USB1_N Pin=R327-1
Added Net: Name=USB1_N
Added Pin To Net: NetName=USB1_P Pin=J15-3
Added Pin To Net: NetName=USB1_P Pin=R329-1
Added Net: Name=USB1_P
Added Pin To Net: NetName=USB_CONN_LED_1 Pin=J4-4
Added Pin To Net: NetName=USB_CONN_LED_1 Pin=R89-2
Added Net: Name=USB_CONN_LED_1
Added Pin To Net: NetName=USB_PWR1 Pin=D3-5
Added Pin To Net: NetName=USB_PWR1 Pin=J4-1
Added Pin To Net: NetName=USB_PWR1 Pin=Q1-2
Added Pin To Net: NetName=USB_PWR1 Pin=R87-1
Added Pin To Net: NetName=USB_PWR1 Pin=R96-1
Added Pin To Net: NetName=USB_PWR1 Pin=U5-8
Added Net: Name=USB_PWR1
Added Pin To Net: NetName=USB_PWR2 Pin=D4-5
Added Pin To Net: NetName=USB_PWR2 Pin=J5-1
Added Pin To Net: NetName=USB_PWR2 Pin=Q2-2
Added Pin To Net: NetName=USB_PWR2 Pin=R92-1
Added Pin To Net: NetName=USB_PWR2 Pin=R95-1
Added Pin To Net: NetName=USB_PWR2 Pin=U5-5
Added Net: Name=USB_PWR2
Added Pin To Net: NetName=USBA_CC1 Pin=U29-79
Added Net: Name=USBA_CC1
Added Pin To Net: NetName=USBA_CC2 Pin=U29-82
Added Net: Name=USBA_CC2
Added Pin To Net: NetName=USBA_N Pin=R327-2
Added Pin To Net: NetName=USBA_N Pin=U29-80
Added Net: Name=USBA_N
Added Pin To Net: NetName=USBA_P Pin=R329-2
Added Pin To Net: NetName=USBA_P Pin=U29-81
Added Net: Name=USBA_P
Added Pin To Net: NetName=USBB_CC1 Pin=U29-74
Added Net: Name=USBB_CC1
Added Pin To Net: NetName=USBB_CC2 Pin=U29-77
Added Net: Name=USBB_CC2
Added Pin To Net: NetName=USBB_N Pin=R323-2
Added Pin To Net: NetName=USBB_N Pin=U29-75
Added Net: Name=USBB_N
Added Pin To Net: NetName=USBB_P Pin=R325-2
Added Pin To Net: NetName=USBB_P Pin=U29-76
Added Net: Name=USBB_P
Added Pin To Net: NetName=USBC_N Pin=R314-2
Added Pin To Net: NetName=USBC_N Pin=U29-71
Added Net: Name=USBC_N
Added Pin To Net: NetName=USBC_P Pin=R317-2
Added Pin To Net: NetName=USBC_P Pin=U29-72
Added Net: Name=USBC_P
Added Pin To Net: NetName=VBAT Pin=C152-1
Added Pin To Net: NetName=VBAT Pin=U29-170
Added Pin To Net: NetName=VBAT Pin=U29-173
Added Net: Name=VBAT
Added Pin To Net: NetName=VLDO1 Pin=U29-11
Added Net: Name=VLDO1
Added Pin To Net: NetName=VLDO2 Pin=U29-12
Added Net: Name=VLDO2
Added Pin To Net: NetName=VUSB Pin=J15-1
Added Pin To Net: NetName=VUSB Pin=JP2-2
Added Net: Name=VUSB
Added Pin To Net: NetName=WD_DONE Pin=R53-2
Added Pin To Net: NetName=WD_DONE Pin=U34-4
Added Net: Name=WD_DONE
Added Pin To Net: NetName=WD_nRESET Pin=R47-2
Added Pin To Net: NetName=WD_nRESET Pin=R364-2
Added Pin To Net: NetName=WD_nRESET Pin=R370-1
Added Net: Name=WD_nRESET
Added Pin To Net: NetName=WD_WAKE Pin=R54-2
Added Pin To Net: NetName=WD_WAKE Pin=U34-5
Added Net: Name=WD_WAKE
Added Pin To Net: NetName=WKUP Pin=U29-134
Added Net: Name=WKUP
Added Class: Name=04_CONNECTOR_IN
Added Class: Name=04_CONNECTOR_OUT
Added Class: Name=05_POWER_1
Added Class: Name=05_POWER_2
Added Class: Name=06_SOM_USB_CARD
Added Class: Name=06_SOM
Added Class: Name=07_eMMC
Added Class: Name=07_USB
Added Class: Name=08_MCU
Added Class: Name=09_MRAM_RTC_WDT
Added Class: Name=10_NTC_TEMPSENSOR
Added Class: Name=11_HEATER
Added Class: Name=12_TEC
Added Class: Name=13_FLOW_Sensor
Added Class: Name=14_HD4_PUMP
Added Class: Name=15_SOLEDNOID
Added Class: Name=CONSOLE
Added Class: Name=MOUTING
Added Class: Name=POWER_3
Added Class: Name=POWER_4
Added Class: Name=50_eMMC1_MCU
Added Class: Name=HD
Added Class: Name=SDMMC1
Added Differential Pair: Name=CONN_USB_1_R
Added Differential Pair: Name=CONN_USB_1
Added Differential Pair: Name=CONN_USB_2_R
Added Differential Pair: Name=CONN_USB_2
Added Differential Pair: Name=SOM_CAM_CK
Added Differential Pair: Name=SOM_CAM_D0
Added Differential Pair: Name=SOM_CAM_D1
Added Differential Pair: Name=SOM_USB
Added Rule: Name=Schematic Matched Net Lengths
Added Class: Name=DIFF90
Added Class: Name=DIFF100
