Removed Pin From Net: NetName=VDD_3V3 Pin=C150-1
Removed Pin From Net: NetName=GND Pin=C151-1
Removed Pin From Net: NetName=NTRST_PC25 Pin=C151-2
Removed Pin From Net: NetName=GND Pin=C152-1
Removed Pin From Net: NetName=IF_MCU_SHUTDOWN Pin=R41-2
Removed Pin From Net: NetName=MCP16502_HPM Pin=R94-1
Removed Pin From Net: NetName=3.3_VBAT Pin=R304-1
Removed Pin From Net: NetName=VDD_3V3 Pin=R305-1
Removed Pin From Net: NetName=GND Pin=R306-1
Removed Pin From Net: NetName=OBC_VS_SOM_SPI_SG_SCK Pin=R307-1
Removed Pin From Net: NetName=_PA31 Pin=R307-2
Removed Pin From Net: NetName=SOM_USB_SW_nOE Pin=R308-1
Removed Pin From Net: NetName=_PB4 Pin=R308-2
Removed Pin From Net: NetName=OBC_VS_SOM_SPI_SG_MISO Pin=R309-1
Removed Pin From Net: NetName=_PB1 Pin=R309-2
Removed Pin From Net: NetName=SOM_PHOTO_SPI_MOSI Pin=R310-1
Removed Pin From Net: NetName=_PE3 Pin=R310-2
Removed Pin From Net: NetName=SOM_USB_SW_SEL0 Pin=R311-1
Removed Pin From Net: NetName=_PB5 Pin=R311-2
Removed Pin From Net: NetName=OBC_VS_SOM_SPI_SG_MOSI Pin=R312-1
Removed Pin From Net: NetName=_PB2 Pin=R312-2
Removed Pin From Net: NetName=SOM_PHOTO_SW_nCS Pin=R313-1
Removed Pin From Net: NetName=_PE2 Pin=R313-2
Removed Pin From Net: NetName=SOM_USB_SW_SEL1 Pin=R314-1
Removed Pin From Net: NetName=_PB6 Pin=R314-2
Removed Pin From Net: NetName=OBC_VS_SOM_SPI_SG_CS Pin=R315-1
Removed Pin From Net: NetName=_PB0 Pin=R315-2
Removed Pin From Net: NetName=SOM_PHOTO_SPI_SCK Pin=R316-1
Removed Pin From Net: NetName=_PE5 Pin=R316-2
Removed Pin From Net: NetName=SOM_USB_PWR_EN1 Pin=R317-1
Removed Pin From Net: NetName=_PB7 Pin=R317-2
Removed Pin From Net: NetName=GND Pin=R318-1
Removed Pin From Net: NetName=SOM_PHOTO_SPI_MISO Pin=R319-1
Removed Pin From Net: NetName=_PE4 Pin=R319-2
Removed Pin From Net: NetName=SOM_USB_PWR_EN2 Pin=R320-1
Removed Pin From Net: NetName=_PB8 Pin=R320-2
Removed Pin From Net: NetName=SOM_PHOTO_ADC_nCS Pin=R321-1
Removed Pin From Net: NetName=_PE6 Pin=R321-2
Removed Pin From Net: NetName=SD2_CMD Pin=R322-1
Removed Pin From Net: NetName=_PB29 Pin=R322-2
Removed Pin From Net: NetName=SD2_DATA0 Pin=R323-1
Removed Pin From Net: NetName=_PB31 Pin=R323-2
Removed Pin From Net: NetName=SD2_DATA1 Pin=R324-1
Removed Pin From Net: NetName=_PC0 Pin=R324-2
Removed Pin From Net: NetName=SD2_DATA2 Pin=R325-1
Removed Pin From Net: NetName=_PC1 Pin=R325-2
Removed Pin From Net: NetName=MCU_UART0_TX_SOM_RX Pin=R326-1
Removed Pin From Net: NetName=_PD19 Pin=R326-2
Removed Pin From Net: NetName=SD2_DATA3 Pin=R327-1
Removed Pin From Net: NetName=_PC2 Pin=R327-2
Removed Pin From Net: NetName=MCU_UART0_RX_SOM_TX Pin=R328-1
Removed Pin From Net: NetName=_PD18 Pin=R328-2
Removed Pin From Net: NetName=SD2_CLK Pin=R329-1
Removed Pin From Net: NetName=_PB30 Pin=R329-2
Removed Pin From Net: NetName=SOM_CANRX1 Pin=R330-1
Removed Pin From Net: NetName=_PD15 Pin=R330-2
Removed Pin From Net: NetName=SD2_nCD Pin=R331-1
Removed Pin From Net: NetName=_PC4 Pin=R331-2
Removed Pin From Net: NetName=SOM_MRAM_QSPI_CLK Pin=R332-1
Removed Pin From Net: NetName=_PB14 Pin=R332-2
Removed Pin From Net: NetName=SOM_CANTX0 Pin=R333-1
Removed Pin From Net: NetName=_PD12 Pin=R333-2
Removed Pin From Net: NetName=SOM_CANRX0 Pin=R334-1
Removed Pin From Net: NetName=_PD13 Pin=R334-2
Removed Pin From Net: NetName=SOM_MRAM_QSPI_IO0 Pin=R335-1
Removed Pin From Net: NetName=_PB12 Pin=R335-2
Removed Pin From Net: NetName=SOM_CANTX1 Pin=R336-1
Removed Pin From Net: NetName=_PD14 Pin=R336-2
Removed Pin From Net: NetName=MCU_UART1_TX_SOM_RX Pin=R337-1
Removed Pin From Net: NetName=_PD17 Pin=R337-2
Removed Pin From Net: NetName=MCU_UART1_RX_SOM_TX Pin=R338-1
Removed Pin From Net: NetName=_PD16 Pin=R338-2
Removed Pin From Net: NetName=SOM_SDMMC0_OUT_D6 Pin=R339-1
Removed Pin From Net: NetName=_PA9 Pin=R339-2
Removed Pin From Net: NetName=SOM_SDMMC0_OUT_D7 Pin=R340-1
Removed Pin From Net: NetName=_PA10 Pin=R340-2
Removed Pin From Net: NetName=SOM_SDMMC0_OUT_D1 Pin=R342-1
Removed Pin From Net: NetName=_PA4 Pin=R342-2
Removed Pin From Net: NetName=SOM_SDMMC0_OUT_D5 Pin=R343-1
Removed Pin From Net: NetName=_PA8 Pin=R343-2
Removed Pin From Net: NetName=SOM_CAM_CK_P Pin=R344-1
Removed Pin From Net: NetName=MIPI_CK_P Pin=R344-2
Removed Pin From Net: NetName=SOM_SDMMC0_OUT_D4 Pin=R345-1
Removed Pin From Net: NetName=_PA7 Pin=R345-2
Removed Pin From Net: NetName=SOM_CAM_CK_N Pin=R346-1
Removed Pin From Net: NetName=MIPI_CK_N Pin=R346-2
Removed Pin From Net: NetName=SOM_SDMMC0_OUT_D3 Pin=R348-1
Removed Pin From Net: NetName=_PA6 Pin=R348-2
Removed Pin From Net: NetName=SOM_CAM_D1_P Pin=R349-1
Removed Pin From Net: NetName=MIPI_D1_P Pin=R349-2
Removed Pin From Net: NetName=SOM_USB_N Pin=R350-1
Removed Pin From Net: NetName=USBC_N Pin=R350-2
Removed Pin From Net: NetName=SOM_SDMMC0_OUT_CK Pin=R351-1
Removed Pin From Net: NetName=_PA0 Pin=R351-2
Removed Pin From Net: NetName=SOM_CAM_D1_N Pin=R352-1
Removed Pin From Net: NetName=MIPI_D1_N Pin=R352-2
Removed Pin From Net: NetName=SOM_USB_P Pin=R353-1
Removed Pin From Net: NetName=USBC_P Pin=R353-2
Removed Pin From Net: NetName=SOM_EMMC_nRST Pin=R354-1
Removed Pin From Net: NetName=_PA2 Pin=R354-2
Removed Pin From Net: NetName=SOM_CAM_D0_P Pin=R355-1
Removed Pin From Net: NetName=MIPI_D0_P Pin=R355-2
Removed Pin From Net: NetName=SOM_SDMMC0_OUT_D2 Pin=R356-1
Removed Pin From Net: NetName=_PA5 Pin=R356-2
Removed Pin From Net: NetName=SOM_CAM_D0_N Pin=R357-1
Removed Pin From Net: NetName=MIPI_D0_N Pin=R357-2
Removed Pin From Net: NetName=SOM_SDMMC0_OUT_D0 Pin=R358-1
Removed Pin From Net: NetName=_PA3 Pin=R358-2
Removed Pin From Net: NetName=USB1_N Pin=R359-1
Removed Pin From Net: NetName=USBB_N Pin=R359-2
Removed Pin From Net: NetName=SOM_SDMMC0_OUT_DS Pin=R360-1
Removed Pin From Net: NetName=_PA11 Pin=R360-2
Removed Pin From Net: NetName=USB1_P Pin=R361-1
Removed Pin From Net: NetName=USBB_P Pin=R361-2
Removed Pin From Net: NetName=SOM_SDMMC0_OUT_CMD Pin=R362-1
Removed Pin From Net: NetName=_PA1 Pin=R362-2
Removed Pin From Net: NetName=SOM_PHOTO_ADC_CONV Pin=R363-1
Removed Pin From Net: NetName=_PA17 Pin=R363-2
Removed Pin From Net: NetName=IF_SOM_USB_N Pin=R364-1
Removed Pin From Net: NetName=IF_SOM_USB_P Pin=R365-1
Removed Pin From Net: NetName=MCU_SOM_GPIO_A Pin=R366-1
Removed Pin From Net: NetName=_PA22 Pin=R366-2
Removed Pin From Net: NetName=MCU_SOM_GPIO_B Pin=R367-1
Removed Pin From Net: NetName=_PA18 Pin=R367-2
Removed Pin From Net: NetName=_PC9 Pin=R368-2
Removed Pin From Net: NetName=_PC10 Pin=R369-2
Removed Pin From Net: NetName=SOM_CONSOLE_TX Pin=R370-1
Removed Pin From Net: NetName=_PC11 Pin=R370-2
Removed Pin From Net: NetName=SOM_CONSOLE_RX Pin=R371-1
Removed Pin From Net: NetName=_PC12 Pin=R371-2
Removed Pin From Net: NetName=SOM_PRAM_SPI_SCK Pin=R372-1
Removed Pin From Net: NetName=_PA26 Pin=R372-2
Removed Pin From Net: NetName=5V_SOM Pin=R373-1
Removed Pin From Net: NetName=MCP16502_HPM Pin=R373-2
Removed Pin From Net: NetName=SOM_CAM_I2C_SCL Pin=R374-1
Removed Pin From Net: NetName=_PC13 Pin=R374-2
Removed Pin From Net: NetName=SOM_PRAM_nCS Pin=R375-1
Removed Pin From Net: NetName=_PA27 Pin=R375-2
Removed Pin From Net: NetName=SOM_CAM_I2C_SDA Pin=R376-1
Removed Pin From Net: NetName=_PC14 Pin=R376-2
Removed Pin From Net: NetName=SOM_PRAM_SPI_MOSI Pin=R377-1
Removed Pin From Net: NetName=_PA28 Pin=R377-2
Removed Pin From Net: NetName=SOM_PHOTO_ADC_EOC Pin=R378-1
Removed Pin From Net: NetName=_PC15 Pin=R378-2
Removed Pin From Net: NetName=SOM_PRAM_SPI_MISO Pin=R379-1
Removed Pin From Net: NetName=_PA29 Pin=R379-2
Removed Pin From Net: NetName=MCP16502_HPM Pin=R380-1
Removed Pin From Net: NetName=GND Pin=R380-2
Removed Pin From Net: NetName=NTRST_PC25 Pin=R381-1
Removed Pin From Net: NetName=VDD_3V3 Pin=R381-2
Removed Pin From Net: NetName=VDD_3V3 Pin=R382-2
Removed Pin From Net: NetName=_PC3 Pin=R383-1
Removed Pin From Net: NetName=VDD_3V3 Pin=R383-2
Removed Pin From Net: NetName=GND Pin=R384-1
Removed Pin From Net: NetName=_PC3 Pin=R384-2
Removed Pin From Net: NetName=_PC4 Pin=R385-1
Removed Pin From Net: NetName=VDD_3V3 Pin=R385-2
Removed Pin From Net: NetName=GND Pin=R386-1
Removed Pin From Net: NetName=_PC4 Pin=R386-2
Removed Pin From Net: NetName=_PC5 Pin=R387-1
Removed Pin From Net: NetName=VDD_3V3 Pin=R387-2
Removed Pin From Net: NetName=GND Pin=R388-1
Removed Pin From Net: NetName=_PC5 Pin=R388-2
Removed Pin From Net: NetName=_PA12 Pin=R389-1
Removed Pin From Net: NetName=3.3V_SOM Pin=R389-2
Removed Pin From Net: NetName=GND Pin=R390-1
Removed Pin From Net: NetName=_PA12 Pin=R390-2
Removed Pin From Net: NetName=_PA13 Pin=R392-1
Removed Pin From Net: NetName=3.3V_SOM Pin=R392-2
Removed Pin From Net: NetName=GND Pin=R393-1
Removed Pin From Net: NetName=_PA13 Pin=R393-2
Removed Pin From Net: NetName=_PA14 Pin=R394-1
Removed Pin From Net: NetName=3.3V_SOM Pin=R394-2
Removed Pin From Net: NetName=GND Pin=R395-1
Removed Pin From Net: NetName=_PA14 Pin=R395-2
Removed Pin From Net: NetName=SOM_MRAM_QSPI_IO2 Pin=R456-1
Removed Pin From Net: NetName=_PB10 Pin=R456-2
Removed Pin From Net: NetName=SOM_RAM_QSPI_nCS Pin=R457-1
Removed Pin From Net: NetName=_PB13 Pin=R457-2
Removed Pin From Net: NetName=SOM_MRAM_QSPI_IO3 Pin=R458-1
Removed Pin From Net: NetName=_PB9 Pin=R458-2
Removed Pin From Net: NetName=SOM_MRAM_QSPI_IO1 Pin=R459-1
Removed Pin From Net: NetName=_PB11 Pin=R459-2
Removed Pin From Net: NetName=SOM_USB_LED_1 Pin=R460-1
Removed Pin From Net: NetName=_PD28 Pin=R460-2
Removed Pin From Net: NetName=SOM_USB_LED_2 Pin=R461-1
Removed Pin From Net: NetName=_PA20 Pin=R461-2
Removed Pin From Net: NetName=VLDO1 Pin=TP3-0
Removed Pin From Net: NetName=VLDO2 Pin=TP4-0
Removed Pin From Net: NetName=GND Pin=U29-1
Removed Pin From Net: NetName=GND Pin=U29-2
Removed Pin From Net: NetName=_PA30 Pin=U29-3
Removed Pin From Net: NetName=_PA31 Pin=U29-4
Removed Pin From Net: NetName=_PB1 Pin=U29-5
Removed Pin From Net: NetName=_PB2 Pin=U29-6
Removed Pin From Net: NetName=_PB0 Pin=U29-7
Removed Pin From Net: NetName=5V_SOM Pin=U29-9
Removed Pin From Net: NetName=5V_SOM Pin=U29-10
Removed Pin From Net: NetName=VLDO1 Pin=U29-11
Removed Pin From Net: NetName=VLDO2 Pin=U29-12
Removed Pin From Net: NetName=GND Pin=U29-13
Removed Pin From Net: NetName=MCP16502_HPM Pin=U29-14
Removed Pin From Net: NetName=GND Pin=U29-18
Removed Pin From Net: NetName=_PD15 Pin=U29-19
Removed Pin From Net: NetName=_PD12 Pin=U29-20
Removed Pin From Net: NetName=_PD13 Pin=U29-21
Removed Pin From Net: NetName=_PD14 Pin=U29-22
Removed Pin From Net: NetName=_PD17 Pin=U29-23
Removed Pin From Net: NetName=_PD16 Pin=U29-24
Removed Pin From Net: NetName=GND Pin=U29-25
Removed Pin From Net: NetName=_PD25 Pin=U29-30
Removed Pin From Net: NetName=_PD28 Pin=U29-35
Removed Pin From Net: NetName=GND Pin=U29-40
Removed Pin From Net: NetName=GND Pin=U29-41
Removed Pin From Net: NetName=GND Pin=U29-42
Removed Pin From Net: NetName=GND Pin=U29-43
Removed Pin From Net: NetName=_PE3 Pin=U29-46
Removed Pin From Net: NetName=_PE2 Pin=U29-47
Removed Pin From Net: NetName=_PE5 Pin=U29-48
Removed Pin From Net: NetName=_PE4 Pin=U29-49
Removed Pin From Net: NetName=_PE6 Pin=U29-50
Removed Pin From Net: NetName=GND Pin=U29-51
Removed Pin From Net: NetName=_PB28 Pin=U29-52
Removed Pin From Net: NetName=_PB29 Pin=U29-53
Removed Pin From Net: NetName=_PB31 Pin=U29-54
Removed Pin From Net: NetName=_PC0 Pin=U29-55
Removed Pin From Net: NetName=_PC1 Pin=U29-56
Removed Pin From Net: NetName=_PC2 Pin=U29-57
Removed Pin From Net: NetName=_PB30 Pin=U29-58
Removed Pin From Net: NetName=_PC3 Pin=U29-59
Removed Pin From Net: NetName=_PC4 Pin=U29-60
Removed Pin From Net: NetName=_PC5 Pin=U29-61
Removed Pin From Net: NetName=TDI_PC28 Pin=U29-63
Removed Pin From Net: NetName=TCK_SWCLK_PC26 Pin=U29-64
Removed Pin From Net: NetName=TDO_PC29 Pin=U29-65
Removed Pin From Net: NetName=NTRST_PC25 Pin=U29-66
Removed Pin From Net: NetName=TMS_SWDIO_PC27 Pin=U29-67
Removed Pin From Net: NetName=GND Pin=U29-70
Removed Pin From Net: NetName=USBC_N Pin=U29-71
Removed Pin From Net: NetName=USBC_P Pin=U29-72
Removed Pin From Net: NetName=GND Pin=U29-73
Removed Pin From Net: NetName=USBB_N Pin=U29-75
Removed Pin From Net: NetName=USBB_P Pin=U29-76
Removed Pin From Net: NetName=GND Pin=U29-78
Removed Pin From Net: NetName=GND Pin=U29-83
Removed Pin From Net: NetName=GND Pin=U29-84
Removed Pin From Net: NetName=_PC7 Pin=U29-85
Removed Pin From Net: NetName=_PC8 Pin=U29-86
Removed Pin From Net: NetName=_PC9 Pin=U29-87
Removed Pin From Net: NetName=_PC10 Pin=U29-88
Removed Pin From Net: NetName=_PC11 Pin=U29-89
Removed Pin From Net: NetName=_PC12 Pin=U29-90
Removed Pin From Net: NetName=_PC13 Pin=U29-91
Removed Pin From Net: NetName=_PC14 Pin=U29-92
Removed Pin From Net: NetName=_PC15 Pin=U29-93
Removed Pin From Net: NetName=GND Pin=U29-94
Removed Pin From Net: NetName=GND Pin=U29-95
Removed Pin From Net: NetName=GND Pin=U29-96
Removed Pin From Net: NetName=GND Pin=U29-97
Removed Pin From Net: NetName=GND Pin=U29-108
Removed Pin From Net: NetName=VDD_3V3 Pin=U29-109
Removed Pin From Net: NetName=_PD19 Pin=U29-110
Removed Pin From Net: NetName=_PD18 Pin=U29-111
Removed Pin From Net: NetName=GND Pin=U29-112
Removed Pin From Net: NetName=_PA9 Pin=U29-119
Removed Pin From Net: NetName=_PA10 Pin=U29-120
Removed Pin From Net: NetName=_PA4 Pin=U29-121
Removed Pin From Net: NetName=_PA8 Pin=U29-122
Removed Pin From Net: NetName=_PA7 Pin=U29-123
Removed Pin From Net: NetName=_PA6 Pin=U29-124
Removed Pin From Net: NetName=_PA0 Pin=U29-125
Removed Pin From Net: NetName=_PA2 Pin=U29-126
Removed Pin From Net: NetName=_PA5 Pin=U29-127
Removed Pin From Net: NetName=_PA3 Pin=U29-128
Removed Pin From Net: NetName=_PA11 Pin=U29-129
Removed Pin From Net: NetName=_PA1 Pin=U29-130
Removed Pin From Net: NetName=_PA12 Pin=U29-131
Removed Pin From Net: NetName=_PA13 Pin=U29-132
Removed Pin From Net: NetName=_PA14 Pin=U29-133
Removed Pin From Net: NetName=WKUP Pin=U29-134
Removed Pin From Net: NetName=GND Pin=U29-135
Removed Pin From Net: NetName=GND Pin=U29-136
Removed Pin From Net: NetName=GND Pin=U29-137
Removed Pin From Net: NetName=GND Pin=U29-138
Removed Pin From Net: NetName=_PB4 Pin=U29-140
Removed Pin From Net: NetName=_PB5 Pin=U29-141
Removed Pin From Net: NetName=_PB6 Pin=U29-142
Removed Pin From Net: NetName=_PB7 Pin=U29-143
Removed Pin From Net: NetName=_PB8 Pin=U29-144
Removed Pin From Net: NetName=GND Pin=U29-145
Removed Pin From Net: NetName=SHDN Pin=U29-146
Removed Pin From Net: NetName=GND Pin=U29-147
Removed Pin From Net: NetName=_PB10 Pin=U29-148
Removed Pin From Net: NetName=_PB13 Pin=U29-151
Removed Pin From Net: NetName=_PB14 Pin=U29-155
Removed Pin From Net: NetName=_PB9 Pin=U29-156
Removed Pin From Net: NetName=_PB12 Pin=U29-157
Removed Pin From Net: NetName=_PB11 Pin=U29-158
Removed Pin From Net: NetName=GND Pin=U29-161
Removed Pin From Net: NetName=VDD_3V3 Pin=U29-162
Removed Pin From Net: NetName=MIPI_CK_P Pin=U29-163
Removed Pin From Net: NetName=MIPI_CK_N Pin=U29-164
Removed Pin From Net: NetName=MIPI_D1_P Pin=U29-165
Removed Pin From Net: NetName=MIPI_D1_N Pin=U29-166
Removed Pin From Net: NetName=MIPI_D0_P Pin=U29-167
Removed Pin From Net: NetName=MIPI_D0_N Pin=U29-168
Removed Pin From Net: NetName=GND Pin=U29-169
Removed Pin From Net: NetName=VDD_3V3 Pin=U29-171
Removed Pin From Net: NetName=VDD_3V3 Pin=U29-172
Removed Pin From Net: NetName=VDD_3V3 Pin=U29-173
Removed Pin From Net: NetName=_PA17 Pin=U29-174
Removed Pin From Net: NetName=_PA20 Pin=U29-175
Removed Pin From Net: NetName=_PA22 Pin=U29-176
Removed Pin From Net: NetName=_PA18 Pin=U29-177
Removed Pin From Net: NetName=_PA26 Pin=U29-185
Removed Pin From Net: NetName=_PA27 Pin=U29-186
Removed Pin From Net: NetName=_PA28 Pin=U29-187
Removed Pin From Net: NetName=_PA29 Pin=U29-188
Removed Pin From Net: NetName=GND Pin=U29-189
Removed Pin From Net: NetName=GND Pin=U29-190
Removed Member From Class: ClassName=08_SOM Member=C150
Removed Member From Class: ClassName=08_SOM Member=C151
Removed Member From Class: ClassName=08_SOM Member=C152
Removed Member From Class: ClassName=08_SOM Member=R304
Removed Member From Class: ClassName=08_SOM Member=R305
Removed Member From Class: ClassName=08_SOM Member=R306
Removed Member From Class: ClassName=08_SOM Member=R307
Removed Member From Class: ClassName=08_SOM Member=R308
Removed Member From Class: ClassName=08_SOM Member=R309
Removed Member From Class: ClassName=08_SOM Member=R310
Removed Member From Class: ClassName=08_SOM Member=R311
Removed Member From Class: ClassName=08_SOM Member=R312
Removed Member From Class: ClassName=08_SOM Member=R313
Removed Member From Class: ClassName=08_SOM Member=R314
Removed Member From Class: ClassName=08_SOM Member=R315
Removed Member From Class: ClassName=08_SOM Member=R316
Removed Member From Class: ClassName=08_SOM Member=R317
Removed Member From Class: ClassName=08_SOM Member=R318
Removed Member From Class: ClassName=08_SOM Member=R319
Removed Member From Class: ClassName=08_SOM Member=R320
Removed Member From Class: ClassName=08_SOM Member=R321
Removed Member From Class: ClassName=08_SOM Member=R322
Removed Member From Class: ClassName=08_SOM Member=R323
Removed Member From Class: ClassName=08_SOM Member=R324
Removed Member From Class: ClassName=08_SOM Member=R325
Removed Member From Class: ClassName=08_SOM Member=R326
Removed Member From Class: ClassName=08_SOM Member=R327
Removed Member From Class: ClassName=08_SOM Member=R328
Removed Member From Class: ClassName=08_SOM Member=R329
Removed Member From Class: ClassName=08_SOM Member=R330
Removed Member From Class: ClassName=08_SOM Member=R331
Removed Member From Class: ClassName=08_SOM Member=R332
Removed Member From Class: ClassName=08_SOM Member=R333
Removed Member From Class: ClassName=08_SOM Member=R334
Removed Member From Class: ClassName=08_SOM Member=R335
Removed Member From Class: ClassName=08_SOM Member=R336
Removed Member From Class: ClassName=08_SOM Member=R337
Removed Member From Class: ClassName=08_SOM Member=R338
Removed Member From Class: ClassName=08_SOM Member=R339
Removed Member From Class: ClassName=08_SOM Member=R340
Removed Member From Class: ClassName=08_SOM Member=R342
Removed Member From Class: ClassName=08_SOM Member=R343
Removed Member From Class: ClassName=08_SOM Member=R344
Removed Member From Class: ClassName=08_SOM Member=R345
Removed Member From Class: ClassName=08_SOM Member=R346
Removed Member From Class: ClassName=08_SOM Member=R348
Removed Member From Class: ClassName=08_SOM Member=R349
Removed Member From Class: ClassName=08_SOM Member=R350
Removed Member From Class: ClassName=08_SOM Member=R351
Removed Member From Class: ClassName=08_SOM Member=R352
Removed Member From Class: ClassName=08_SOM Member=R353
Removed Member From Class: ClassName=08_SOM Member=R354
Removed Member From Class: ClassName=08_SOM Member=TP3
Removed Member From Class: ClassName=08_SOM Member=TP4
Removed Member From Class: ClassName=08_SOM Member=TP5
Removed Member From Class: ClassName=08_SOM Member=TP6
Change Component Footprint: Designator=C150 Old Footprint=CAP_C_2012X110 New Footprint=CAP_C_1608X80
Change Footprint: Footprint Not Found RES_C_0402
Change Footprint: Footprint Not Found RES_C_0402
Change Footprint: Footprint Not Found RES_C_0402
Change Footprint: Footprint Not Found RES_C_0402
Change Footprint: Footprint Not Found RES_C_0402
Change Footprint: Footprint Not Found RES_C_0402
Change Footprint: Footprint Not Found RES_C_0402
Change Footprint: Footprint Not Found RES_C_0402
Change Footprint: Footprint Not Found RES_C_0603
Change Footprint: Footprint Not Found RES_C_0603
Change Footprint: Footprint Not Found RES_C_0603
Change Footprint: Footprint Not Found RES_C_0603
Change Footprint: Footprint Not Found RES_C_1206_SHUNT
Change Footprint: Footprint Not Found RES_C_1206_SHUNT
Change Footprint: Footprint Not Found RES_C_1206_SHUNT
Change Footprint: Footprint Not Found RES_C_1206_SHUNT
Change Footprint: Footprint Not Found TFBGA-343_14x14
Change Footprint: Footprint Not Found TP_1mm_SMD
Change Footprint: Footprint Not Found TP_1mm_SMD
Change Footprint: Footprint Not Found TP_1mm_SMD
Change Footprint: Footprint Not Found TP_1mm_SMD
Change Component Comment : Designator=TP3 Old Comment= New Comment=Test Point No BOM
Change Component Comment : Designator=TP4 Old Comment= New Comment=Test Point No BOM
Change Component Comment : Designator=TP5 Old Comment= New Comment=Test Point No BOM
Change Component Comment : Designator=TP6 Old Comment= New Comment=Test Point No BOM
Change Component Comment : Designator=R305 Old Comment=0R New Comment=22R
Change Component Comment : Designator=R318 Old Comment=10k New Comment=22R
Change Component Comment : Designator=R380 Old Comment=10k New Comment=22R
Change Component Comment : Designator=R381 Old Comment=10k New Comment=22R
Change Component Comment : Designator=R382 Old Comment=10k New Comment=22R
Change Component Comment : Designator=R306 Old Comment=10k New Comment=DNP/10k
Change Component Comment : Designator=C150 Old Comment=10uF/20V New Comment=4.7uF/10V
Change Component Comment : Designator=R323 Old Comment=22R New Comment=0R
Change Component Comment : Designator=R338 Old Comment=22R New Comment=0R
Change Component Comment : Designator=R324 Old Comment=22R New Comment=1M
Change Component Comment : Designator=R321 Old Comment=22R New Comment=4.02k
Change Component Comment : Designator=R329 Old Comment=22R New Comment=4.7k
Change Component Comment : Designator=R330 Old Comment=22R New Comment=4.7k
Change Component Comment : Designator=R336 Old Comment=22R New Comment=10k
Change Component Comment : Designator=R337 Old Comment=22R New Comment=10k
Change Component Comment : Designator=R311 Old Comment=22R New Comment=16.9k
Change Component Comment : Designator=R317 Old Comment=22R New Comment=16.9k
Change Component Comment : Designator=R313 Old Comment=22R New Comment=20k
Change Component Comment : Designator=R315 Old Comment=22R New Comment=20k
Change Component Comment : Designator=R322 Old Comment=22R New Comment=51R
Change Component Comment : Designator=R307 Old Comment=22R New Comment=200R
Change Component Comment : Designator=R310 Old Comment=22R New Comment=200R
Change Component Comment : Designator=R325 Old Comment=22R New Comment=DNP/0R
Change Component Comment : Designator=R326 Old Comment=22R New Comment=DNP/0R
Change Component Comment : Designator=R328 Old Comment=22R New Comment=DNP/0R
Change Component Comment : Designator=R460 Old Comment=22R New Comment=DNP/10k
Change Component Comment : Designator=R461 Old Comment=22R New Comment=DNP/10k
Change Component Comment : Designator=R327 Old Comment=22R New Comment=Resistor
Change Component Comment : Designator=R331 Old Comment=22R New Comment=Resistor
Change Component Comment : Designator=R333 Old Comment=22R New Comment=Resistor
Change Component Comment : Designator=R335 Old Comment=22R New Comment=Resistor
Change Component Comment : Designator=R339 Old Comment=22R New Comment=Resistor
Change Component Comment : Designator=R340 Old Comment=22R New Comment=Resistor
Change Component Comment : Designator=R342 Old Comment=22R New Comment=Resistor
Change Component Comment : Designator=R346 Old Comment=22R New Comment=Resistor
Change Component Comment : Designator=R348 Old Comment=22R New Comment=Resistor
Change Component Comment : Designator=R350 Old Comment=22R New Comment=Resistor
Change Component Comment : Designator=R351 Old Comment=22R New Comment=Resistor
Change Component Comment : Designator=R352 Old Comment=22R New Comment=Resistor
Change Component Comment : Designator=R344 Old Comment=22R New Comment=Shunt 4 Pin
Change Component Comment : Designator=R349 Old Comment=22R New Comment=Shunt 4 Pin
Change Component Comment : Designator=R353 Old Comment=22R New Comment=Shunt 4 Pin
Change Component Comment : Designator=R354 Old Comment=22R New Comment=Shunt 4 Pin
Change Component Comment : Designator=R304 Old Comment=DNP/0R New Comment=22R
Change Component Comment : Designator=R383 Old Comment=DNP/10k New Comment=22R
Change Component Comment : Designator=R384 Old Comment=DNP/10k New Comment=22R
Change Component Comment : Designator=R385 Old Comment=DNP/10k New Comment=22R
Change Component Comment : Designator=R386 Old Comment=DNP/10k New Comment=22R
Change Component Comment : Designator=R387 Old Comment=DNP/10k New Comment=22R
Change Component Comment : Designator=R388 Old Comment=DNP/10k New Comment=22R
Change Component Comment : Designator=R389 Old Comment=DNP/10k New Comment=22R
Change Component Comment : Designator=R392 Old Comment=DNP/10k New Comment=22R
Change Component Comment : Designator=R395 Old Comment=DNP/10k New Comment=22R
Change Component Comment : Designator=R373 Old Comment=DNP/100k New Comment=22R
Change Component Comment : Designator=U29 Old Comment=SOM 190-Pins New Comment=SAMA7G54
Change Component Kind : Designator=U29 Old Kind=Standard (No BOM) New Kind=Standard
Change component parameters: Designator = "R327" ("R327"); Footprint = "RES_C_1005X40"; UniqueID = "\ZMUPBXGH" ("\ZMUPBXGH")
Change component parameters (AddParameter): Name = "Category"; Value = "Resistor"; VariantName = "[No Variations]"
Change component parameters (AddParameter): Name = "ComponentLink1Description"; Value = "SVN Datasheet"; VariantName = "[No Variations]"
Change component parameters (AddParameter): Name = "ComponentLink1URL"; Value = "https://chn-vm-apps.microchip.com/mchprepo/parts/Datasheets/AOA0000CE2.pdf"; VariantName = "[No Variations]"
Change component parameters (AddParameter): Name = "ComponentLink2Description"; Value = "Local Datasheet"; VariantName = "[No Variations]"
Change component parameters (AddParameter): Name = "ComponentLink2URL"; Value = "C:\ALTIUM_WORK\00001_MCHP-CDB\Datasheets\AOA0000CE2.pdf"; VariantName = "[No Variations]"
Change component parameters (AddParameter): Name = "ComponentLink3Description"; Value = "Open Symbol"; VariantName = "[No Variations]"
Change component parameters (AddParameter): Name = "ComponentLink3URL"; Value = "C:\ALTIUM_WORK\00001_MCHP-CDB\Library\LibraryRefs\Resistor.SchLib"; VariantName = "[No Variations]"
Change component parameters (AddParameter): Name = "ComponentLink4Description"; Value = "Open Footprint"; VariantName = "[No Variations]"
Change component parameters (AddParameter): Name = "ComponentLink4URL"; Value = "C:\ALTIUM_WORK\00001_MCHP-CDB\Library\Footprints\RES_C_0402.PcbLib"; VariantName = "[No Variations]"
Change component parameters (AddParameter): Name = "ComponentLink5Description"; Value = "Open Footprint 2"; VariantName = "[No Variations]"
Change component parameters (AddParameter): Name = "ComponentLink6Description"; Value = "Open Footprint 3"; VariantName = "[No Variations]"
Change component parameters (AddParameter): Name = "ComponentLink7Description"; Value = "Open Footprint 4"; VariantName = "[No Variations]"
Change component parameters (AddParameter): Name = "Composition"; Value = "TKF"; VariantName = "[No Variations]"
Change component parameters (AddParameter): Name = "Description_"; Value = "RES TKF 1M 1% 1/10W SMD 0402"; VariantName = "[No Variations]"
Change component parameters (AddParameter): Name = "Dev Tools Status"; Value = "Production"; VariantName = "[No Variations]"
Change component parameters (AddParameter): Name = "Manufacturer 1"; Value = "Panasonic"; VariantName = "[No Variations]"
Change component parameters (AddParameter): Name = "Manufacturer Part Number 1"; Value = "ERJ-2RKF1004X"; VariantName = "[No Variations]"
Change component parameters (AddParameter): Name = "MCHP-ID"; Value = "RSMT1017"; VariantName = "[No Variations]"
Change component parameters (AddParameter): Name = "Operating Temperature"; Value = "-55C to +155C"; VariantName = "[No Variations]"
Change component parameters (AddParameter): Name = "Owner"; Value = "Brent Lanphear"; VariantName = "[No Variations]"
Change component parameters (AddParameter): Name = "Package"; Value = "0402"; VariantName = "[No Variations]"
Change component parameters (AddParameter): Name = "Populated"; Value = "DNP"; VariantName = "[No Variations]"
Change component parameters (AddParameter): Name = "Power"; Value = "1/10W"; VariantName = "[No Variations]"
Change component parameters (AddParameter): Name = "Quantity Override"; Value = "1"; VariantName = "[No Variations]"
Change component parameters (AddParameter): Name = "Revision"; Value = "2"; VariantName = "[No Variations]"
Change component parameters (AddParameter): Name = "Status"; Value = "MCL Design"; VariantName = "[No Variations]"
Change component parameters (AddParameter): Name = "Supplier 1"; Value = "Digi-Key"; VariantName = "[No Variations]"
Change component parameters (AddParameter): Name = "Supplier Part Number 1"; Value = "P1.00MLCT-ND"; VariantName = "[No Variations]"
Change component parameters (AddParameter): Name = "Symbol"; Value = "Resistor"; VariantName = "[No Variations]"
Change component parameters (AddParameter): Name = "Temperature Coeffcient"; Value = "100ppm/C"; VariantName = "[No Variations]"
Change component parameters (AddParameter): Name = "Tolerance"; Value = "1%"; VariantName = "[No Variations]"
Change component parameters (AddParameter): Name = "Type"; Value = "RES SMD"; VariantName = "[No Variations]"
Change component parameters (AddParameter): Name = "Value"; Value = "1M"; VariantName = "[No Variations]"
Change component parameters (AddParameter): Name = "Voltage"; Value = "50V"; VariantName = "[No Variations]"
Change component parameters: Designator = "R331" ("R331"); Footprint = "RES_C_1005X40"; UniqueID = "\OSSKRZIN" ("\OSSKRZIN")
Change component parameters (AddParameter): Name = "Category"; Value = "Resistor"; VariantName = "[No Variations]"
Change component parameters (AddParameter): Name = "ComponentLink1Description"; Value = "SVN Datasheet"; VariantName = "[No Variations]"
Change component parameters (AddParameter): Name = "ComponentLink1URL"; Value = "https://chn-vm-apps.microchip.com/mchprepo/parts/Datasheets/nrc.pdf"; VariantName = "[No Variations]"
Change component parameters (AddParameter): Name = "ComponentLink2Description"; Value = "Local Datasheet"; VariantName = "[No Variations]"
Change component parameters (AddParameter): Name = "ComponentLink2URL"; Value = "C:\ALTIUM_WORK\00001_MCHP-CDB\Datasheets\nrc.pdf"; VariantName = "[No Variations]"
Change component parameters (AddParameter): Name = "ComponentLink3Description"; Value = "Open Symbol"; VariantName = "[No Variations]"
Change component parameters (AddParameter): Name = "ComponentLink3URL"; Value = "C:\ALTIUM_WORK\00001_MCHP-CDB\Library\LibraryRefs\Resistor.SchLib"; VariantName = "[No Variations]"
Change component parameters (AddParameter): Name = "ComponentLink4Description"; Value = "Open Footprint"; VariantName = "[No Variations]"
Change component parameters (AddParameter): Name = "ComponentLink4URL"; Value = "C:\ALTIUM_WORK\00001_MCHP-CDB\Library\Footprints\RES_C_0603.PcbLib"; VariantName = "[No Variations]"
Change component parameters (AddParameter): Name = "ComponentLink5Description"; Value = "Open Footprint 2"; VariantName = "[No Variations]"
Change component parameters (AddParameter): Name = "ComponentLink6Description"; Value = "Open Footprint 3"; VariantName = "[No Variations]"
Change component parameters (AddParameter): Name = "ComponentLink7Description"; Value = "Open Footprint 4"; VariantName = "[No Variations]"
Change component parameters (AddParameter): Name = "Composition"; Value = "TKF"; VariantName = "[No Variations]"
Change component parameters (AddParameter): Name = "Description_"; Value = "RES TKF 0R 1/10W SMD 0603"; VariantName = "[No Variations]"
Change component parameters (AddParameter): Name = "Dev Tools Status"; Value = "Production"; VariantName = "[No Variations]"
Change component parameters (AddParameter): Name = "Manufacturer 1"; Value = "Panasonic"; VariantName = "[No Variations]"
Change component parameters (AddParameter): Name = "Manufacturer 2"; Value = "Panasonic"; VariantName = "[No Variations]"
Change component parameters (AddParameter): Name = "Manufacturer 3"; Value = "ROHM"; VariantName = "[No Variations]"
Change component parameters (AddParameter): Name = "Manufacturer 4"; Value = "Stackpole Electronics Inc"; VariantName = "[No Variations]"
Change component parameters (AddParameter): Name = "Manufacturer 5"; Value = "Stackpole Electronics Inc"; VariantName = "[No Variations]"
Change component parameters (AddParameter): Name = "Manufacturer 6"; Value = "Vishay"; VariantName = "[No Variations]"
Change component parameters (AddParameter): Name = "Manufacturer 7"; Value = "Yageo"; VariantName = "[No Variations]"
Change component parameters (AddParameter): Name = "Manufacturer 8"; Value = "KOA Speer"; VariantName = "[No Variations]"
Change component parameters (AddParameter): Name = "Manufacturer 9"; Value = "NIC Components"; VariantName = "[No Variations]"
Change component parameters (AddParameter): Name = "Manufacturer Part Number 1"; Value = "ERJ-3GSY0R00V"; VariantName = "[No Variations]"
Change component parameters (AddParameter): Name = "Manufacturer Part Number 2"; Value = "ERJ-3GEY0R00V"; VariantName = "[No Variations]"
Change component parameters (AddParameter): Name = "Manufacturer Part Number 3"; Value = "MCR03EZPJ000"; VariantName = "[No Variations]"
Change component parameters (AddParameter): Name = "Manufacturer Part Number 4"; Value = "RMCF0603ZT0R00"; VariantName = "[No Variations]"
Change component parameters (AddParameter): Name = "Manufacturer Part Number 5"; Value = "RMCF 1/16 0 R"; VariantName = "[No Variations]"
Change component parameters (AddParameter): Name = "Manufacturer Part Number 6"; Value = "CRCW06030000Z0EA"; VariantName = "[No Variations]"
Change component parameters (AddParameter): Name = "Manufacturer Part Number 7"; Value = "RC0603JR-070RL"; VariantName = "[No Variations]"
Change component parameters (AddParameter): Name = "Manufacturer Part Number 8"; Value = "RK73Z1JTTP"; VariantName = "[No Variations]"
Change component parameters (AddParameter): Name = "Manufacturer Part Number 9"; Value = "NRC06Z0TRF"; VariantName = "[No Variations]"
Change component parameters (AddParameter): Name = "MCHP-ID"; Value = "RSMT0001"; VariantName = "[No Variations]"
Change component parameters (AddParameter): Name = "Operating Temperature"; Value = "-55C to +155C"; VariantName = "[No Variations]"
Change component parameters (AddParameter): Name = "Package"; Value = "0603"; VariantName = "[No Variations]"
Change component parameters (AddParameter): Name = "Populated"; Value = "Yes"; VariantName = "[No Variations]"
Change component parameters (AddParameter): Name = "Power"; Value = "1/10W"; VariantName = "[No Variations]"
Change component parameters (AddParameter): Name = "Quantity Override"; Value = "1"; VariantName = "[No Variations]"
Change component parameters (AddParameter): Name = "Revision"; Value = "2"; VariantName = "[No Variations]"
Change component parameters (AddParameter): Name = "Status"; Value = "MCL Design"; VariantName = "[No Variations]"
Change component parameters (AddParameter): Name = "Supplier 1"; Value = "Digi-Key"; VariantName = "[No Variations]"
Change component parameters (AddParameter): Name = "Supplier 2"; Value = "Digi-Key"; VariantName = "[No Variations]"
Change component parameters (AddParameter): Name = "Supplier 3"; Value = "Digi-Key"; VariantName = "[No Variations]"
Change component parameters (AddParameter): Name = "Supplier 4"; Value = "Digi-Key"; VariantName = "[No Variations]"
Change component parameters (AddParameter): Name = "Supplier 5"; Value = "Digi-Key"; VariantName = "[No Variations]"
Change component parameters (AddParameter): Name = "Supplier 6"; Value = "Digi-Key"; VariantName = "[No Variations]"
Change component parameters (AddParameter): Name = "Supplier 7"; Value = "Digi-Key"; VariantName = "[No Variations]"
Change component parameters (AddParameter): Name = "Supplier 8"; Value = "KOA Speer"; VariantName = "[No Variations]"
Change component parameters (AddParameter): Name = "Supplier 9"; Value = "NIC Components"; VariantName = "[No Variations]"
Change component parameters (AddParameter): Name = "Supplier Part Number 1"; Value = "P0.0GTR-ND"; VariantName = "[No Variations]"
Change component parameters (AddParameter): Name = "Supplier Part Number 2"; Value = "RHM0.0GCT-ND"; VariantName = "[No Variations]"
Change component parameters (AddParameter): Name = "Supplier Part Number 3"; Value = "RMCF0603ZT0R00TR-ND"; VariantName = "[No Variations]"
Change component parameters (AddParameter): Name = "Supplier Part Number 4"; Value = "RMCF0603ZT0R00CT-ND"; VariantName = "[No Variations]"
Change component parameters (AddParameter): Name = "Supplier Part Number 5"; Value = "RMCF1/160RTR-ND"; VariantName = "[No Variations]"
Change component parameters (AddParameter): Name = "Supplier Part Number 6"; Value = "541-0.0GCT-ND"; VariantName = "[No Variations]"
Change component parameters (AddParameter): Name = "Supplier Part Number 7"; Value = "311-0.0GRCT-ND"; VariantName = "[No Variations]"
Change component parameters (AddParameter): Name = "Supplier Part Number 8"; Value = "RK73Z1JTTP"; VariantName = "[No Variations]"
Change component parameters (AddParameter): Name = "Supplier Part Number 9"; Value = "NRC06Z0TRF"; VariantName = "[No Variations]"
Change component parameters (AddParameter): Name = "Symbol"; Value = "Resistor"; VariantName = "[No Variations]"
Change component parameters (AddParameter): Name = "Type"; Value = "RES SMD"; VariantName = "[No Variations]"
Change component parameters (AddParameter): Name = "Value"; Value = "0R"; VariantName = "[No Variations]"
Change component parameters: Designator = "R333" ("R333"); Footprint = "RES_C_1005X40"; UniqueID = "\LJEVZWZA" ("\LJEVZWZA")
Change component parameters (AddParameter): Name = "BOM Notes"; Value = ""; VariantName = "[No Variations]"
Change component parameters (AddParameter): Name = "Category"; Value = "Resistor"; VariantName = "[No Variations]"
Change component parameters (AddParameter): Name = "ComponentLink1Description"; Value = "SVN Datasheet"; VariantName = "[No Variations]"
Change component parameters (AddParameter): Name = "ComponentLink1URL"; Value = "https://chn-vm-apps.microchip.com/mchprepo/parts/Datasheets/nrc.pdf"; VariantName = "[No Variations]"
Change component parameters (AddParameter): Name = "ComponentLink2Description"; Value = "Local Datasheet"; VariantName = "[No Variations]"
Change component parameters (AddParameter): Name = "ComponentLink2URL"; Value = "C:\ALTIUM_WORK\00001_MCHP-CDB\Datasheets\nrc.pdf"; VariantName = "[No Variations]"
Change component parameters (AddParameter): Name = "ComponentLink3Description"; Value = "Open Symbol"; VariantName = "[No Variations]"
Change component parameters (AddParameter): Name = "ComponentLink3URL"; Value = "C:\ALTIUM_WORK\00001_MCHP-CDB\Library\LibraryRefs\Resistor.SchLib"; VariantName = "[No Variations]"
Change component parameters (AddParameter): Name = "ComponentLink4Description"; Value = "Open Footprint"; VariantName = "[No Variations]"
Change component parameters (AddParameter): Name = "ComponentLink4URL"; Value = "C:\ALTIUM_WORK\00001_MCHP-CDB\Library\Footprints\RES_C_0603.PcbLib"; VariantName = "[No Variations]"
Change component parameters (AddParameter): Name = "ComponentLink5Description"; Value = "Open Footprint 2"; VariantName = "[No Variations]"
Change component parameters (AddParameter): Name = "ComponentLink6Description"; Value = "Open Footprint 3"; VariantName = "[No Variations]"
Change component parameters (AddParameter): Name = "ComponentLink7Description"; Value = "Open Footprint 4"; VariantName = "[No Variations]"
Change component parameters (AddParameter): Name = "Composition"; Value = "TKF"; VariantName = "[No Variations]"
Change component parameters (AddParameter): Name = "Description_"; Value = "RES TKF 0R 1/10W SMD 0603"; VariantName = "[No Variations]"
Change component parameters (AddParameter): Name = "Dev Tools Status"; Value = "Production"; VariantName = "[No Variations]"
Change component parameters (AddParameter): Name = "Manufacturer 1"; Value = "Panasonic"; VariantName = "[No Variations]"
Change component parameters (AddParameter): Name = "Manufacturer 2"; Value = "Panasonic"; VariantName = "[No Variations]"
Change component parameters (AddParameter): Name = "Manufacturer 3"; Value = "ROHM"; VariantName = "[No Variations]"
Change component parameters (AddParameter): Name = "Manufacturer 4"; Value = "Stackpole Electronics Inc"; VariantName = "[No Variations]"
Change component parameters (AddParameter): Name = "Manufacturer 5"; Value = "Stackpole Electronics Inc"; VariantName = "[No Variations]"
Change component parameters (AddParameter): Name = "Manufacturer 6"; Value = "Vishay"; VariantName = "[No Variations]"
Change component parameters (AddParameter): Name = "Manufacturer 7"; Value = "Yageo"; VariantName = "[No Variations]"
Change component parameters (AddParameter): Name = "Manufacturer 8"; Value = "KOA Speer"; VariantName = "[No Variations]"
Change component parameters (AddParameter): Name = "Manufacturer 9"; Value = "NIC Components"; VariantName = "[No Variations]"
Change component parameters (AddParameter): Name = "Manufacturer Part Number 1"; Value = "ERJ-3GSY0R00V"; VariantName = "[No Variations]"
Change component parameters (AddParameter): Name = "Manufacturer Part Number 2"; Value = "ERJ-3GEY0R00V"; VariantName = "[No Variations]"
Change component parameters (AddParameter): Name = "Manufacturer Part Number 3"; Value = "MCR03EZPJ000"; VariantName = "[No Variations]"
Change component parameters (AddParameter): Name = "Manufacturer Part Number 4"; Value = "RMCF 1/16 0 R"; VariantName = "[No Variations]"
Change component parameters (AddParameter): Name = "Manufacturer Part Number 5"; Value = "RMCF0603ZT0R00"; VariantName = "[No Variations]"
Change component parameters (AddParameter): Name = "Manufacturer Part Number 6"; Value = "CRCW06030000Z0EA"; VariantName = "[No Variations]"
Change component parameters (AddParameter): Name = "Manufacturer Part Number 7"; Value = "RC0603JR-070RL"; VariantName = "[No Variations]"
Change component parameters (AddParameter): Name = "Manufacturer Part Number 8"; Value = "RK73Z1JTTP"; VariantName = "[No Variations]"
Change component parameters (AddParameter): Name = "Manufacturer Part Number 9"; Value = "NRC06Z0TRF"; VariantName = "[No Variations]"
Change component parameters (AddParameter): Name = "MCHP-ID"; Value = "RSMT0001"; VariantName = "[No Variations]"
Change component parameters (AddParameter): Name = "Operating Temperature"; Value = "-55C to +155C"; VariantName = "[No Variations]"
Change component parameters (AddParameter): Name = "Package"; Value = "0603"; VariantName = "[No Variations]"
Change component parameters (AddParameter): Name = "Populated"; Value = "Yes"; VariantName = "[No Variations]"
Change component parameters (AddParameter): Name = "Power"; Value = "1/10W"; VariantName = "[No Variations]"
Change component parameters (AddParameter): Name = "Quantity Override"; Value = "1"; VariantName = "[No Variations]"
Change component parameters (AddParameter): Name = "Revision"; Value = "2"; VariantName = "[No Variations]"
Change component parameters (AddParameter): Name = "Status"; Value = "MCL Design"; VariantName = "[No Variations]"
Change component parameters (AddParameter): Name = "Supplier 1"; Value = "Digi-Key"; VariantName = "[No Variations]"
Change component parameters (AddParameter): Name = "Supplier 2"; Value = "Digi-Key"; VariantName = "[No Variations]"
Change component parameters (AddParameter): Name = "Supplier 3"; Value = "Digi-Key"; VariantName = "[No Variations]"
Change component parameters (AddParameter): Name = "Supplier 4"; Value = "Digi-Key"; VariantName = "[No Variations]"
Change component parameters (AddParameter): Name = "Supplier 5"; Value = "Digi-Key"; VariantName = "[No Variations]"
Change component parameters (AddParameter): Name = "Supplier 6"; Value = "Digi-Key"; VariantName = "[No Variations]"
Change component parameters (AddParameter): Name = "Supplier 7"; Value = "Digi-Key"; VariantName = "[No Variations]"
Change component parameters (AddParameter): Name = "Supplier 8"; Value = "KOA Speer"; VariantName = "[No Variations]"
Change component parameters (AddParameter): Name = "Supplier 9"; Value = "NIC Components"; VariantName = "[No Variations]"
Change component parameters (AddParameter): Name = "Supplier Part Number 1"; Value = "P0.0GTR-ND"; VariantName = "[No Variations]"
Change component parameters (AddParameter): Name = "Supplier Part Number 2"; Value = "RHM0.0GCT-ND"; VariantName = "[No Variations]"
Change component parameters (AddParameter): Name = "Supplier Part Number 3"; Value = "RMCF1/160RTR-ND"; VariantName = "[No Variations]"
Change component parameters (AddParameter): Name = "Supplier Part Number 4"; Value = "RMCF0603ZT0R00CT-ND"; VariantName = "[No Variations]"
Change component parameters (AddParameter): Name = "Supplier Part Number 5"; Value = "RMCF0603ZT0R00TR-ND"; VariantName = "[No Variations]"
Change component parameters (AddParameter): Name = "Supplier Part Number 6"; Value = "541-0.0GCT-ND"; VariantName = "[No Variations]"
Change component parameters (AddParameter): Name = "Supplier Part Number 7"; Value = "311-0.0GRCT-ND"; VariantName = "[No Variations]"
Change component parameters (AddParameter): Name = "Supplier Part Number 8"; Value = "RK73Z1JTTP"; VariantName = "[No Variations]"
Change component parameters (AddParameter): Name = "Supplier Part Number 9"; Value = "NRC06Z0TRF"; VariantName = "[No Variations]"
Change component parameters (AddParameter): Name = "Symbol"; Value = "Resistor"; VariantName = "[No Variations]"
Change component parameters (AddParameter): Name = "Type"; Value = "RES SMD"; VariantName = "[No Variations]"
Change component parameters (AddParameter): Name = "Value"; Value = "0R"; VariantName = "[No Variations]"
Change component parameters: Designator = "R335" ("R335"); Footprint = "RES_C_1005X40"; UniqueID = "\LHUNDTDX" ("\LHUNDTDX")
Change component parameters (AddParameter): Name = "Category"; Value = "Resistor"; VariantName = "[No Variations]"
Change component parameters (AddParameter): Name = "ComponentLink1Description"; Value = "SVN Datasheet"; VariantName = "[No Variations]"
Change component parameters (AddParameter): Name = "ComponentLink1URL"; Value = "https://chn-vm-apps.microchip.com/mchprepo/parts/Datasheets/AOA0000CE1.pdf"; VariantName = "[No Variations]"
Change component parameters (AddParameter): Name = "ComponentLink2Description"; Value = "Local Datasheet"; VariantName = "[No Variations]"
Change component parameters (AddParameter): Name = "ComponentLink2URL"; Value = "C:\ALTIUM_WORK\00001_MCHP-CDB\Datasheets\AOA0000CE1.pdf"; VariantName = "[No Variations]"
Change component parameters (AddParameter): Name = "ComponentLink3Description"; Value = "Open Symbol"; VariantName = "[No Variations]"
Change component parameters (AddParameter): Name = "ComponentLink3URL"; Value = "C:\ALTIUM_WORK\00001_MCHP-CDB\Library\LibraryRefs\Resistor.SchLib"; VariantName = "[No Variations]"
Change component parameters (AddParameter): Name = "ComponentLink4Description"; Value = "Open Footprint"; VariantName = "[No Variations]"
Change component parameters (AddParameter): Name = "ComponentLink4URL"; Value = "C:\ALTIUM_WORK\00001_MCHP-CDB\Library\Footprints\RES_C_0402.PcbLib"; VariantName = "[No Variations]"
Change component parameters (AddParameter): Name = "ComponentLink5Description"; Value = "Open Footprint 2"; VariantName = "[No Variations]"
Change component parameters (AddParameter): Name = "ComponentLink6Description"; Value = "Open Footprint 3"; VariantName = "[No Variations]"
Change component parameters (AddParameter): Name = "ComponentLink7Description"; Value = "Open Footprint 4"; VariantName = "[No Variations]"
Change component parameters (AddParameter): Name = "Composition"; Value = "TKF"; VariantName = "[No Variations]"
Change component parameters (AddParameter): Name = "Description_"; Value = "RES TKF 1k 5% 1/16W SMD 0402"; VariantName = "[No Variations]"
Change component parameters (AddParameter): Name = "Dev Tools Status"; Value = "Production"; VariantName = "[No Variations]"
Change component parameters (AddParameter): Name = "Manufacturer 1"; Value = "Panasonic"; VariantName = "[No Variations]"
Change component parameters (AddParameter): Name = "Manufacturer Part Number 1"; Value = "ERJ-2GEJ102X"; VariantName = "[No Variations]"
Change component parameters (AddParameter): Name = "MCHP-ID"; Value = "RSMT0316"; VariantName = "[No Variations]"
Change component parameters (AddParameter): Name = "Operating Temperature"; Value = "-55C to +155C"; VariantName = "[No Variations]"
Change component parameters (AddParameter): Name = "Owner"; Value = "Tad Ahlvers"; VariantName = "[No Variations]"
Change component parameters (AddParameter): Name = "Package"; Value = "0402"; VariantName = "[No Variations]"
Change component parameters (AddParameter): Name = "Populated"; Value = "YES"; VariantName = "[No Variations]"
Change component parameters (AddParameter): Name = "Power"; Value = "1/16W"; VariantName = "[No Variations]"
Change component parameters (AddParameter): Name = "Quantity Override"; Value = "1"; VariantName = "[No Variations]"
Change component parameters (AddParameter): Name = "Revision"; Value = "1"; VariantName = "[No Variations]"
Change component parameters (AddParameter): Name = "Status"; Value = "MCL Design"; VariantName = "[No Variations]"
Change component parameters (AddParameter): Name = "Supplier 1"; Value = "Digi-Key"; VariantName = "[No Variations]"
Change component parameters (AddParameter): Name = "Supplier Part Number 1"; Value = "P1.0KJCT-ND"; VariantName = "[No Variations]"
Change component parameters (AddParameter): Name = "Symbol"; Value = "Resistor"; VariantName = "[No Variations]"
Change component parameters (AddParameter): Name = "Temperature Coeffcient"; Value = "200ppm/C"; VariantName = "[No Variations]"
Change component parameters (AddParameter): Name = "Tolerance"; Value = "5%"; VariantName = "[No Variations]"
Change component parameters (AddParameter): Name = "Type"; Value = "RES SMD"; VariantName = "[No Variations]"
Change component parameters (AddParameter): Name = "Value"; Value = "1k"; VariantName = "[No Variations]"
Change component parameters (AddParameter): Name = "Voltage"; Value = "50V"; VariantName = "[No Variations]"
Change component parameters: Designator = "R339" ("R339"); Footprint = "RES_C_1005X40"; UniqueID = "\SGRBTPQP" ("\SGRBTPQP")
Change component parameters (AddParameter): Name = "Category"; Value = "Resistor"; VariantName = "[No Variations]"
Change component parameters (AddParameter): Name = "ComponentLink1Description"; Value = "SVN Datasheet"; VariantName = "[No Variations]"
Change component parameters (AddParameter): Name = "ComponentLink1URL"; Value = "https://chn-vm-apps.microchip.com/mchprepo/parts/Datasheets/AOA0000CE2.pdf"; VariantName = "[No Variations]"
Change component parameters (AddParameter): Name = "ComponentLink2Description"; Value = "Local Datasheet"; VariantName = "[No Variations]"
Change component parameters (AddParameter): Name = "ComponentLink2URL"; Value = "C:\ALTIUM_WORK\00001_MCHP-CDB\Datasheets\AOA0000CE2.pdf"; VariantName = "[No Variations]"
Change component parameters (AddParameter): Name = "ComponentLink3Description"; Value = "Open Symbol"; VariantName = "[No Variations]"
Change component parameters (AddParameter): Name = "ComponentLink3URL"; Value = "C:\ALTIUM_WORK\00001_MCHP-CDB\Library\LibraryRefs\Resistor.SchLib"; VariantName = "[No Variations]"
Change component parameters (AddParameter): Name = "ComponentLink4Description"; Value = "Open Footprint"; VariantName = "[No Variations]"
Change component parameters (AddParameter): Name = "ComponentLink4URL"; Value = "C:\ALTIUM_WORK\00001_MCHP-CDB\Library\Footprints\RES_C_0402.PcbLib"; VariantName = "[No Variations]"
Change component parameters (AddParameter): Name = "ComponentLink5Description"; Value = "Open Footprint 2"; VariantName = "[No Variations]"
Change component parameters (AddParameter): Name = "ComponentLink6Description"; Value = "Open Footprint 3"; VariantName = "[No Variations]"
Change component parameters (AddParameter): Name = "ComponentLink7Description"; Value = "Open Footprint 4"; VariantName = "[No Variations]"
Change component parameters (AddParameter): Name = "Composition"; Value = "TKF"; VariantName = "[No Variations]"
Change component parameters (AddParameter): Name = "Description_"; Value = "RES TKF 10k 1% 1/10W SMD 0402"; VariantName = "[No Variations]"
Change component parameters (AddParameter): Name = "Dev Tools Status"; Value = "Production"; VariantName = "[No Variations]"
Change component parameters (AddParameter): Name = "Manufacturer 1"; Value = "Panasonic"; VariantName = "[No Variations]"
Change component parameters (AddParameter): Name = "Manufacturer Part Number 1"; Value = "ERJ-2RKF1002X"; VariantName = "[No Variations]"
Change component parameters (AddParameter): Name = "MCHP-ID"; Value = "RSMT1019"; VariantName = "[No Variations]"
Change component parameters (AddParameter): Name = "Operating Temperature"; Value = "-55C to +155C"; VariantName = "[No Variations]"
Change component parameters (AddParameter): Name = "Owner"; Value = "Brent Lanphear"; VariantName = "[No Variations]"
Change component parameters (AddParameter): Name = "Package"; Value = "0402"; VariantName = "[No Variations]"
Change component parameters (AddParameter): Name = "Populated"; Value = "Yes"; VariantName = "[No Variations]"
Change component parameters (AddParameter): Name = "Power"; Value = "1/10W"; VariantName = "[No Variations]"
Change component parameters (AddParameter): Name = "Quantity Override"; Value = "1"; VariantName = "[No Variations]"
Change component parameters (AddParameter): Name = "Revision"; Value = "2"; VariantName = "[No Variations]"
Change component parameters (AddParameter): Name = "Status"; Value = "MCL Design"; VariantName = "[No Variations]"
Change component parameters (AddParameter): Name = "Supplier 1"; Value = "Digi-Key"; VariantName = "[No Variations]"
Change component parameters (AddParameter): Name = "Supplier Part Number 1"; Value = "P10.0KLCT-ND"; VariantName = "[No Variations]"
Change component parameters (AddParameter): Name = "Symbol"; Value = "Resistor"; VariantName = "[No Variations]"
Change component parameters (AddParameter): Name = "Temperature Coeffcient"; Value = "100ppm/C"; VariantName = "[No Variations]"
Change component parameters (AddParameter): Name = "Tolerance"; Value = "1%"; VariantName = "[No Variations]"
Change component parameters (AddParameter): Name = "Type"; Value = "RES SMD"; VariantName = "[No Variations]"
Change component parameters (AddParameter): Name = "Value"; Value = "10k"; VariantName = "[No Variations]"
Change component parameters (AddParameter): Name = "Voltage"; Value = "50V"; VariantName = "[No Variations]"
Change component parameters: Designator = "R340" ("R340"); Footprint = "RES_C_1005X40"; UniqueID = "\QLVSCYNE" ("\QLVSCYNE")
Change component parameters (AddParameter): Name = "Category"; Value = "Resistor"; VariantName = "[No Variations]"
Change component parameters (AddParameter): Name = "ComponentLink1Description"; Value = "SVN Datasheet"; VariantName = "[No Variations]"
Change component parameters (AddParameter): Name = "ComponentLink1URL"; Value = "https://chn-vm-apps.microchip.com/mchprepo/parts/Datasheets/AOA0000CE2.pdf"; VariantName = "[No Variations]"
Change component parameters (AddParameter): Name = "ComponentLink2Description"; Value = "Local Datasheet"; VariantName = "[No Variations]"
Change component parameters (AddParameter): Name = "ComponentLink2URL"; Value = "C:\ALTIUM_WORK\00001_MCHP-CDB\Datasheets\AOA0000CE2.pdf"; VariantName = "[No Variations]"
Change component parameters (AddParameter): Name = "ComponentLink3Description"; Value = "Open Symbol"; VariantName = "[No Variations]"
Change component parameters (AddParameter): Name = "ComponentLink3URL"; Value = "C:\ALTIUM_WORK\00001_MCHP-CDB\Library\LibraryRefs\Resistor.SchLib"; VariantName = "[No Variations]"
Change component parameters (AddParameter): Name = "ComponentLink4Description"; Value = "Open Footprint"; VariantName = "[No Variations]"
Change component parameters (AddParameter): Name = "ComponentLink4URL"; Value = "C:\ALTIUM_WORK\00001_MCHP-CDB\Library\Footprints\RES_C_0402.PcbLib"; VariantName = "[No Variations]"
Change component parameters (AddParameter): Name = "ComponentLink5Description"; Value = "Open Footprint 2"; VariantName = "[No Variations]"
Change component parameters (AddParameter): Name = "ComponentLink6Description"; Value = "Open Footprint 3"; VariantName = "[No Variations]"
Change component parameters (AddParameter): Name = "ComponentLink7Description"; Value = "Open Footprint 4"; VariantName = "[No Variations]"
Change component parameters (AddParameter): Name = "Composition"; Value = "TKF"; VariantName = "[No Variations]"
Change component parameters (AddParameter): Name = "Description_"; Value = "RES TKF 10k 1% 1/10W SMD 0402"; VariantName = "[No Variations]"
Change component parameters (AddParameter): Name = "Dev Tools Status"; Value = "Production"; VariantName = "[No Variations]"
Change component parameters (AddParameter): Name = "Manufacturer 1"; Value = "Panasonic"; VariantName = "[No Variations]"
Change component parameters (AddParameter): Name = "Manufacturer Part Number 1"; Value = "ERJ-2RKF1002X"; VariantName = "[No Variations]"
Change component parameters (AddParameter): Name = "MCHP-ID"; Value = "RSMT1019"; VariantName = "[No Variations]"
Change component parameters (AddParameter): Name = "Operating Temperature"; Value = "-55C to +155C"; VariantName = "[No Variations]"
Change component parameters (AddParameter): Name = "Owner"; Value = "Brent Lanphear"; VariantName = "[No Variations]"
Change component parameters (AddParameter): Name = "Package"; Value = "0402"; VariantName = "[No Variations]"
Change component parameters (AddParameter): Name = "Populated"; Value = "Yes"; VariantName = "[No Variations]"
Change component parameters (AddParameter): Name = "Power"; Value = "1/10W"; VariantName = "[No Variations]"
Change component parameters (AddParameter): Name = "Quantity Override"; Value = "1"; VariantName = "[No Variations]"
Change component parameters (AddParameter): Name = "Revision"; Value = "2"; VariantName = "[No Variations]"
Change component parameters (AddParameter): Name = "Status"; Value = "MCL Design"; VariantName = "[No Variations]"
Change component parameters (AddParameter): Name = "Supplier 1"; Value = "Digi-Key"; VariantName = "[No Variations]"
Change component parameters (AddParameter): Name = "Supplier Part Number 1"; Value = "P10.0KLCT-ND"; VariantName = "[No Variations]"
Change component parameters (AddParameter): Name = "Symbol"; Value = "Resistor"; VariantName = "[No Variations]"
Change component parameters (AddParameter): Name = "Temperature Coeffcient"; Value = "100ppm/C"; VariantName = "[No Variations]"
Change component parameters (AddParameter): Name = "Tolerance"; Value = "1%"; VariantName = "[No Variations]"
Change component parameters (AddParameter): Name = "Type"; Value = "RES SMD"; VariantName = "[No Variations]"
Change component parameters (AddParameter): Name = "Value"; Value = "10k"; VariantName = "[No Variations]"
Change component parameters (AddParameter): Name = "Voltage"; Value = "50V"; VariantName = "[No Variations]"
Change component parameters: Designator = "R342" ("R342"); Footprint = "RES_C_1005X40"; UniqueID = "\AXYPESAT" ("\AXYPESAT")
Change component parameters (AddParameter): Name = "BOM Notes"; Value = ""; VariantName = "[No Variations]"
Change component parameters (AddParameter): Name = "Category"; Value = "Resistor"; VariantName = "[No Variations]"
Change component parameters (AddParameter): Name = "ComponentLink1Description"; Value = "SVN Datasheet"; VariantName = "[No Variations]"
Change component parameters (AddParameter): Name = "ComponentLink1URL"; Value = "https://chn-vm-apps.microchip.com/mchprepo/parts/Datasheets/AOA0000CE1.pdf"; VariantName = "[No Variations]"
Change component parameters (AddParameter): Name = "ComponentLink2Description"; Value = "Local Datasheet"; VariantName = "[No Variations]"
Change component parameters (AddParameter): Name = "ComponentLink2URL"; Value = "C:\ALTIUM_WORK\00001_MCHP-CDB\Datasheets\AOA0000CE1.pdf"; VariantName = "[No Variations]"
Change component parameters (AddParameter): Name = "ComponentLink3Description"; Value = "Open Symbol"; VariantName = "[No Variations]"
Change component parameters (AddParameter): Name = "ComponentLink3URL"; Value = "C:\ALTIUM_WORK\00001_MCHP-CDB\Library\LibraryRefs\Resistor.SchLib"; VariantName = "[No Variations]"
Change component parameters (AddParameter): Name = "ComponentLink4Description"; Value = "Open Footprint"; VariantName = "[No Variations]"
Change component parameters (AddParameter): Name = "ComponentLink4URL"; Value = "C:\ALTIUM_WORK\00001_MCHP-CDB\Library\Footprints\RES_C_0402.PcbLib"; VariantName = "[No Variations]"
Change component parameters (AddParameter): Name = "ComponentLink5Description"; Value = "Open Footprint 2"; VariantName = "[No Variations]"
Change component parameters (AddParameter): Name = "ComponentLink6Description"; Value = "Open Footprint 3"; VariantName = "[No Variations]"
Change component parameters (AddParameter): Name = "ComponentLink7Description"; Value = "Open Footprint 4"; VariantName = "[No Variations]"
Change component parameters (AddParameter): Name = "Composition"; Value = "TKF"; VariantName = "[No Variations]"
Change component parameters (AddParameter): Name = "Description_"; Value = "RES TKF 100k 5% 1/10W SMD 0402"; VariantName = "[No Variations]"
Change component parameters (AddParameter): Name = "Dev Tools Status"; Value = "Production"; VariantName = "[No Variations]"
Change component parameters (AddParameter): Name = "Manufacturer 1"; Value = "Panasonic"; VariantName = "[No Variations]"
Change component parameters (AddParameter): Name = "Manufacturer 2"; Value = "Stackpole Electronics Inc"; VariantName = "[No Variations]"
Change component parameters (AddParameter): Name = "Manufacturer Part Number 1"; Value = "ERJ-2GEJ104X"; VariantName = "[No Variations]"
Change component parameters (AddParameter): Name = "Manufacturer Part Number 2"; Value = "RMCF0402JT100K"; VariantName = "[No Variations]"
Change component parameters (AddParameter): Name = "MCHP-ID"; Value = "RSMT0737"; VariantName = "[No Variations]"
Change component parameters (AddParameter): Name = "Operating Temperature"; Value = "-55C to +155C"; VariantName = "[No Variations]"
Change component parameters (AddParameter): Name = "Package"; Value = "0402"; VariantName = "[No Variations]"
Change component parameters (AddParameter): Name = "Populated"; Value = "Yes"; VariantName = "[No Variations]"
Change component parameters (AddParameter): Name = "Power"; Value = "1/10W"; VariantName = "[No Variations]"
Change component parameters (AddParameter): Name = "Quantity Override"; Value = "1"; VariantName = "[No Variations]"
Change component parameters (AddParameter): Name = "Revision"; Value = "1"; VariantName = "[No Variations]"
Change component parameters (AddParameter): Name = "Status"; Value = "MCL Design"; VariantName = "[No Variations]"
Change component parameters (AddParameter): Name = "Supplier 1"; Value = "Digi-Key"; VariantName = "[No Variations]"
Change component parameters (AddParameter): Name = "Supplier 2"; Value = "Digi-Key"; VariantName = "[No Variations]"
Change component parameters (AddParameter): Name = "Supplier Part Number 1"; Value = "P100KJCT-ND"; VariantName = "[No Variations]"
Change component parameters (AddParameter): Name = "Supplier Part Number 2"; Value = "RMCF0402JT100KCT-ND"; VariantName = "[No Variations]"
Change component parameters (AddParameter): Name = "Symbol"; Value = "Resistor"; VariantName = "[No Variations]"
Change component parameters (AddParameter): Name = "Temperature Coeffcient"; Value = "200ppm/C"; VariantName = "[No Variations]"
Change component parameters (AddParameter): Name = "Tolerance"; Value = "5%"; VariantName = "[No Variations]"
Change component parameters (AddParameter): Name = "Type"; Value = "RES SMD"; VariantName = "[No Variations]"
Change component parameters (AddParameter): Name = "Value"; Value = "100k"; VariantName = "[No Variations]"
Change component parameters (AddParameter): Name = "Voltage"; Value = "50V"; VariantName = "[No Variations]"
Change component parameters: Designator = "R344" ("R344"); Footprint = "RES_C_1005X40"; UniqueID = "\BZHEOANF" ("\BZHEOANF")
Change component parameters (AddParameter): Name = "BOM Notes"; Value = ""; VariantName = "[No Variations]"
Change component parameters (AddParameter): Name = "Category"; Value = "Resistor"; VariantName = "[No Variations]"
Change component parameters (AddParameter): Name = "ComponentLink1Description"; Value = "SVN Datasheet"; VariantName = "[No Variations]"
Change component parameters (AddParameter): Name = "ComponentLink1URL"; Value = "https://chn-vm-apps.microchip.com/mchprepo/parts/Datasheets/n_catalog_partition09_en.pdf"; VariantName = "[No Variations]"
Change component parameters (AddParameter): Name = "ComponentLink2Description"; Value = "Local Datasheet"; VariantName = "[No Variations]"
Change component parameters (AddParameter): Name = "ComponentLink2URL"; Value = "C:\ALTIUM_WORK\00001_MCHP-CDB\Datasheets\n_catalog_partition09_en.pdf"; VariantName = "[No Variations]"
Change component parameters (AddParameter): Name = "ComponentLink3Description"; Value = "Open Symbol"; VariantName = "[No Variations]"
Change component parameters (AddParameter): Name = "ComponentLink3URL"; Value = "C:\ALTIUM_WORK\00001_MCHP-CDB\Library\LibraryRefs\Shunt 4 Pin.SchLib"; VariantName = "[No Variations]"
Change component parameters (AddParameter): Name = "ComponentLink4Description"; Value = "Open Footprint"; VariantName = "[No Variations]"
Change component parameters (AddParameter): Name = "ComponentLink4URL"; Value = "C:\ALTIUM_WORK\00001_MCHP-CDB\Library\Footprints\RES_C_1206_SHUNT.PcbLib"; VariantName = "[No Variations]"
Change component parameters (AddParameter): Name = "ComponentLink5Description"; Value = "Open Footprint 2"; VariantName = "[No Variations]"
Change component parameters (AddParameter): Name = "ComponentLink6Description"; Value = "Open Footprint 3"; VariantName = "[No Variations]"
Change component parameters (AddParameter): Name = "ComponentLink7Description"; Value = "Open Footprint 4"; VariantName = "[No Variations]"
Change component parameters (AddParameter): Name = "Composition"; Value = "MF"; VariantName = "[No Variations]"
Change component parameters (AddParameter): Name = "Current"; Value = "8A"; VariantName = "[No Variations]"
Change component parameters (AddParameter): Name = "Description_"; Value = "RES SHUNT MF 0.01R 1% 0.75W SMD 1206"; VariantName = "[No Variations]"
Change component parameters (AddParameter): Name = "Dev Tools Status"; Value = "Design"; VariantName = "[No Variations]"
Change component parameters (AddParameter): Name = "Manufacturer 1"; Value = "SUSUMU"; VariantName = "[No Variations]"
Change component parameters (AddParameter): Name = "Manufacturer Part Number 1"; Value = "KRL1632E-M-R010-F-T5"; VariantName = "[No Variations]"
Change component parameters (AddParameter): Name = "MCHP-ID"; Value = "RSMT1316"; VariantName = "[No Variations]"
Change component parameters (AddParameter): Name = "Operating Temperature"; Value = "-55C to +155C"; VariantName = "[No Variations]"
Change component parameters (AddParameter): Name = "Owner"; Value = "Ciprian Abramov"; VariantName = "[No Variations]"
Change component parameters (AddParameter): Name = "Package"; Value = "1206"; VariantName = "[No Variations]"
Change component parameters (AddParameter): Name = "Populated"; Value = "YES"; VariantName = "[No Variations]"
Change component parameters (AddParameter): Name = "Power"; Value = "0.75W"; VariantName = "[No Variations]"
Change component parameters (AddParameter): Name = "Quantity Override"; Value = "1"; VariantName = "[No Variations]"
Change component parameters (AddParameter): Name = "Revision"; Value = "1"; VariantName = "[No Variations]"
Change component parameters (AddParameter): Name = "Status"; Value = "MCL Design"; VariantName = "[No Variations]"
Change component parameters (AddParameter): Name = "Supplier 1"; Value = "Digi-Key"; VariantName = "[No Variations]"
Change component parameters (AddParameter): Name = "Supplier Part Number 1"; Value = "408-1570-1-ND"; VariantName = "[No Variations]"
Change component parameters (AddParameter): Name = "Symbol"; Value = "Shunt 4 Pin"; VariantName = "[No Variations]"
Change component parameters (AddParameter): Name = "Temperature Coeffcient"; Value = "50ppm/C"; VariantName = "[No Variations]"
Change component parameters (AddParameter): Name = "Tolerance"; Value = "1%"; VariantName = "[No Variations]"
Change component parameters (AddParameter): Name = "Type"; Value = "RES SMD"; VariantName = "[No Variations]"
Change component parameters (AddParameter): Name = "Value"; Value = "0.01R"; VariantName = "[No Variations]"
Change component parameters: Designator = "R346" ("R346"); Footprint = "RES_C_1005X40"; UniqueID = "\ONKVLSGI" ("\ONKVLSGI")
Change component parameters (AddParameter): Name = "Category"; Value = "Resistor"; VariantName = "[No Variations]"
Change component parameters (AddParameter): Name = "ComponentLink1Description"; Value = "SVN Datasheet"; VariantName = "[No Variations]"
Change component parameters (AddParameter): Name = "ComponentLink1URL"; Value = "https://chn-vm-apps.microchip.com/mchprepo/parts/Datasheets/AOA0000CE2.pdf"; VariantName = "[No Variations]"
Change component parameters (AddParameter): Name = "ComponentLink2Description"; Value = "Local Datasheet"; VariantName = "[No Variations]"
Change component parameters (AddParameter): Name = "ComponentLink2URL"; Value = "C:\ALTIUM_WORK\00001_MCHP-CDB\Datasheets\AOA0000CE2.pdf"; VariantName = "[No Variations]"
Change component parameters (AddParameter): Name = "ComponentLink3Description"; Value = "Open Symbol"; VariantName = "[No Variations]"
Change component parameters (AddParameter): Name = "ComponentLink3URL"; Value = "C:\ALTIUM_WORK\00001_MCHP-CDB\Library\LibraryRefs\Resistor.SchLib"; VariantName = "[No Variations]"
Change component parameters (AddParameter): Name = "ComponentLink4Description"; Value = "Open Footprint"; VariantName = "[No Variations]"
Change component parameters (AddParameter): Name = "ComponentLink4URL"; Value = "C:\ALTIUM_WORK\00001_MCHP-CDB\Library\Footprints\RES_C_0402.PcbLib"; VariantName = "[No Variations]"
Change component parameters (AddParameter): Name = "ComponentLink5Description"; Value = "Open Footprint 2"; VariantName = "[No Variations]"
Change component parameters (AddParameter): Name = "ComponentLink6Description"; Value = "Open Footprint 3"; VariantName = "[No Variations]"
Change component parameters (AddParameter): Name = "ComponentLink7Description"; Value = "Open Footprint 4"; VariantName = "[No Variations]"
Change component parameters (AddParameter): Name = "Composition"; Value = "TKF"; VariantName = "[No Variations]"
Change component parameters (AddParameter): Name = "Description_"; Value = "RES TKF 10k 1% 1/10W SMD 0402"; VariantName = "[No Variations]"
Change component parameters (AddParameter): Name = "Dev Tools Status"; Value = "Production"; VariantName = "[No Variations]"
Change component parameters (AddParameter): Name = "Manufacturer 1"; Value = "Panasonic"; VariantName = "[No Variations]"
Change component parameters (AddParameter): Name = "Manufacturer Part Number 1"; Value = "ERJ-2RKF1002X"; VariantName = "[No Variations]"
Change component parameters (AddParameter): Name = "MCHP-ID"; Value = "RSMT1019"; VariantName = "[No Variations]"
Change component parameters (AddParameter): Name = "Operating Temperature"; Value = "-55C to +155C"; VariantName = "[No Variations]"
Change component parameters (AddParameter): Name = "Owner"; Value = "Brent Lanphear"; VariantName = "[No Variations]"
Change component parameters (AddParameter): Name = "Package"; Value = "0402"; VariantName = "[No Variations]"
Change component parameters (AddParameter): Name = "Populated"; Value = "DNP"; VariantName = "[No Variations]"
Change component parameters (AddParameter): Name = "Power"; Value = "1/10W"; VariantName = "[No Variations]"
Change component parameters (AddParameter): Name = "Quantity Override"; Value = "1"; VariantName = "[No Variations]"
Change component parameters (AddParameter): Name = "Revision"; Value = "2"; VariantName = "[No Variations]"
Change component parameters (AddParameter): Name = "Status"; Value = "MCL Design"; VariantName = "[No Variations]"
Change component parameters (AddParameter): Name = "Supplier 1"; Value = "Digi-Key"; VariantName = "[No Variations]"
Change component parameters (AddParameter): Name = "Supplier Part Number 1"; Value = "P10.0KLCT-ND"; VariantName = "[No Variations]"
Change component parameters (AddParameter): Name = "Symbol"; Value = "Resistor"; VariantName = "[No Variations]"
Change component parameters (AddParameter): Name = "Temperature Coeffcient"; Value = "100ppm/C"; VariantName = "[No Variations]"
Change component parameters (AddParameter): Name = "Tolerance"; Value = "1%"; VariantName = "[No Variations]"
Change component parameters (AddParameter): Name = "Type"; Value = "RES SMD"; VariantName = "[No Variations]"
Change component parameters (AddParameter): Name = "Value"; Value = "10k"; VariantName = "[No Variations]"
Change component parameters (AddParameter): Name = "Voltage"; Value = "50V"; VariantName = "[No Variations]"
Change component parameters: Designator = "R348" ("R348"); Footprint = "RES_C_1005X40"; UniqueID = "\TYBODMPJ" ("\TYBODMPJ")
Change component parameters (AddParameter): Name = "Category"; Value = "Resistor"; VariantName = "[No Variations]"
Change component parameters (AddParameter): Name = "ComponentLink1Description"; Value = "SVN Datasheet"; VariantName = "[No Variations]"
Change component parameters (AddParameter): Name = "ComponentLink1URL"; Value = "https://chn-vm-apps.microchip.com/mchprepo/parts/Datasheets/AOA0000CE2.pdf"; VariantName = "[No Variations]"
Change component parameters (AddParameter): Name = "ComponentLink2Description"; Value = "Local Datasheet"; VariantName = "[No Variations]"
Change component parameters (AddParameter): Name = "ComponentLink2URL"; Value = "C:\ALTIUM_WORK\00001_MCHP-CDB\Datasheets\AOA0000CE2.pdf"; VariantName = "[No Variations]"
Change component parameters (AddParameter): Name = "ComponentLink3Description"; Value = "Open Symbol"; VariantName = "[No Variations]"
Change component parameters (AddParameter): Name = "ComponentLink3URL"; Value = "C:\ALTIUM_WORK\00001_MCHP-CDB\Library\LibraryRefs\Resistor.SchLib"; VariantName = "[No Variations]"
Change component parameters (AddParameter): Name = "ComponentLink4Description"; Value = "Open Footprint"; VariantName = "[No Variations]"
Change component parameters (AddParameter): Name = "ComponentLink4URL"; Value = "C:\ALTIUM_WORK\00001_MCHP-CDB\Library\Footprints\RES_C_0402.PcbLib"; VariantName = "[No Variations]"
Change component parameters (AddParameter): Name = "ComponentLink5Description"; Value = "Open Footprint 2"; VariantName = "[No Variations]"
Change component parameters (AddParameter): Name = "ComponentLink6Description"; Value = "Open Footprint 3"; VariantName = "[No Variations]"
Change component parameters (AddParameter): Name = "ComponentLink7Description"; Value = "Open Footprint 4"; VariantName = "[No Variations]"
Change component parameters (AddParameter): Name = "Composition"; Value = "TKF"; VariantName = "[No Variations]"
Change component parameters (AddParameter): Name = "Description_"; Value = "RES TKF 10k 1% 1/10W SMD 0402"; VariantName = "[No Variations]"
Change component parameters (AddParameter): Name = "Dev Tools Status"; Value = "Production"; VariantName = "[No Variations]"
Change component parameters (AddParameter): Name = "Manufacturer 1"; Value = "Panasonic"; VariantName = "[No Variations]"
Change component parameters (AddParameter): Name = "Manufacturer Part Number 1"; Value = "ERJ-2RKF1002X"; VariantName = "[No Variations]"
Change component parameters (AddParameter): Name = "MCHP-ID"; Value = "RSMT1019"; VariantName = "[No Variations]"
Change component parameters (AddParameter): Name = "Operating Temperature"; Value = "-55C to +155C"; VariantName = "[No Variations]"
Change component parameters (AddParameter): Name = "Owner"; Value = "Brent Lanphear"; VariantName = "[No Variations]"
Change component parameters (AddParameter): Name = "Package"; Value = "0402"; VariantName = "[No Variations]"
Change component parameters (AddParameter): Name = "Populated"; Value = "Yes"; VariantName = "[No Variations]"
Change component parameters (AddParameter): Name = "Power"; Value = "1/10W"; VariantName = "[No Variations]"
Change component parameters (AddParameter): Name = "Quantity Override"; Value = "1"; VariantName = "[No Variations]"
Change component parameters (AddParameter): Name = "Revision"; Value = "2"; VariantName = "[No Variations]"
Change component parameters (AddParameter): Name = "Status"; Value = "MCL Design"; VariantName = "[No Variations]"
Change component parameters (AddParameter): Name = "Supplier 1"; Value = "Digi-Key"; VariantName = "[No Variations]"
Change component parameters (AddParameter): Name = "Supplier Part Number 1"; Value = "P10.0KLCT-ND"; VariantName = "[No Variations]"
Change component parameters (AddParameter): Name = "Symbol"; Value = "Resistor"; VariantName = "[No Variations]"
Change component parameters (AddParameter): Name = "Temperature Coeffcient"; Value = "100ppm/C"; VariantName = "[No Variations]"
Change component parameters (AddParameter): Name = "Tolerance"; Value = "1%"; VariantName = "[No Variations]"
Change component parameters (AddParameter): Name = "Type"; Value = "RES SMD"; VariantName = "[No Variations]"
Change component parameters (AddParameter): Name = "Value"; Value = "10k"; VariantName = "[No Variations]"
Change component parameters (AddParameter): Name = "Voltage"; Value = "50V"; VariantName = "[No Variations]"
Change component parameters: Designator = "R349" ("R349"); Footprint = "RES_C_1005X40"; UniqueID = "\ORXJYDZD" ("\ORXJYDZD")
Change component parameters (AddParameter): Name = "BOM Notes"; Value = ""; VariantName = "[No Variations]"
Change component parameters (AddParameter): Name = "Category"; Value = "Resistor"; VariantName = "[No Variations]"
Change component parameters (AddParameter): Name = "ComponentLink1Description"; Value = "SVN Datasheet"; VariantName = "[No Variations]"
Change component parameters (AddParameter): Name = "ComponentLink1URL"; Value = "https://chn-vm-apps.microchip.com/mchprepo/parts/Datasheets/n_catalog_partition09_en.pdf"; VariantName = "[No Variations]"
Change component parameters (AddParameter): Name = "ComponentLink2Description"; Value = "Local Datasheet"; VariantName = "[No Variations]"
Change component parameters (AddParameter): Name = "ComponentLink2URL"; Value = "C:\ALTIUM_WORK\00001_MCHP-CDB\Datasheets\n_catalog_partition09_en.pdf"; VariantName = "[No Variations]"
Change component parameters (AddParameter): Name = "ComponentLink3Description"; Value = "Open Symbol"; VariantName = "[No Variations]"
Change component parameters (AddParameter): Name = "ComponentLink3URL"; Value = "C:\ALTIUM_WORK\00001_MCHP-CDB\Library\LibraryRefs\Shunt 4 Pin.SchLib"; VariantName = "[No Variations]"
Change component parameters (AddParameter): Name = "ComponentLink4Description"; Value = "Open Footprint"; VariantName = "[No Variations]"
Change component parameters (AddParameter): Name = "ComponentLink4URL"; Value = "C:\ALTIUM_WORK\00001_MCHP-CDB\Library\Footprints\RES_C_1206_SHUNT.PcbLib"; VariantName = "[No Variations]"
Change component parameters (AddParameter): Name = "ComponentLink5Description"; Value = "Open Footprint 2"; VariantName = "[No Variations]"
Change component parameters (AddParameter): Name = "ComponentLink6Description"; Value = "Open Footprint 3"; VariantName = "[No Variations]"
Change component parameters (AddParameter): Name = "ComponentLink7Description"; Value = "Open Footprint 4"; VariantName = "[No Variations]"
Change component parameters (AddParameter): Name = "Composition"; Value = "MF"; VariantName = "[No Variations]"
Change component parameters (AddParameter): Name = "Current"; Value = "8A"; VariantName = "[No Variations]"
Change component parameters (AddParameter): Name = "Description_"; Value = "RES SHUNT MF 0.01R 1% 0.75W SMD 1206"; VariantName = "[No Variations]"
Change component parameters (AddParameter): Name = "Dev Tools Status"; Value = "Design"; VariantName = "[No Variations]"
Change component parameters (AddParameter): Name = "Manufacturer 1"; Value = "SUSUMU"; VariantName = "[No Variations]"
Change component parameters (AddParameter): Name = "Manufacturer Part Number 1"; Value = "KRL1632E-M-R010-F-T5"; VariantName = "[No Variations]"
Change component parameters (AddParameter): Name = "MCHP-ID"; Value = "RSMT1316"; VariantName = "[No Variations]"
Change component parameters (AddParameter): Name = "Operating Temperature"; Value = "-55C to +155C"; VariantName = "[No Variations]"
Change component parameters (AddParameter): Name = "Owner"; Value = "Ciprian Abramov"; VariantName = "[No Variations]"
Change component parameters (AddParameter): Name = "Package"; Value = "1206"; VariantName = "[No Variations]"
Change component parameters (AddParameter): Name = "Populated"; Value = "YES"; VariantName = "[No Variations]"
Change component parameters (AddParameter): Name = "Power"; Value = "0.75W"; VariantName = "[No Variations]"
Change component parameters (AddParameter): Name = "Quantity Override"; Value = "1"; VariantName = "[No Variations]"
Change component parameters (AddParameter): Name = "Revision"; Value = "1"; VariantName = "[No Variations]"
Change component parameters (AddParameter): Name = "Status"; Value = "MCL Design"; VariantName = "[No Variations]"
Change component parameters (AddParameter): Name = "Supplier 1"; Value = "Digi-Key"; VariantName = "[No Variations]"
Change component parameters (AddParameter): Name = "Supplier Part Number 1"; Value = "408-1570-1-ND"; VariantName = "[No Variations]"
Change component parameters (AddParameter): Name = "Symbol"; Value = "Shunt 4 Pin"; VariantName = "[No Variations]"
Change component parameters (AddParameter): Name = "Temperature Coeffcient"; Value = "50ppm/C"; VariantName = "[No Variations]"
Change component parameters (AddParameter): Name = "Tolerance"; Value = "1%"; VariantName = "[No Variations]"
Change component parameters (AddParameter): Name = "Type"; Value = "RES SMD"; VariantName = "[No Variations]"
Change component parameters (AddParameter): Name = "Value"; Value = "0.01R"; VariantName = "[No Variations]"
Change component parameters: Designator = "R350" ("R350"); Footprint = "RES_C_1005X40"; UniqueID = "\FAKVHOYO" ("\FAKVHOYO")
Change component parameters (AddParameter): Name = "Category"; Value = "Resistor"; VariantName = "[No Variations]"
Change component parameters (AddParameter): Name = "ComponentLink1Description"; Value = "SVN Datasheet"; VariantName = "[No Variations]"
Change component parameters (AddParameter): Name = "ComponentLink1URL"; Value = "https://chn-vm-apps.microchip.com/mchprepo/parts/Datasheets/AOA0000CE2.pdf"; VariantName = "[No Variations]"
Change component parameters (AddParameter): Name = "ComponentLink2Description"; Value = "Local Datasheet"; VariantName = "[No Variations]"
Change component parameters (AddParameter): Name = "ComponentLink2URL"; Value = "C:\ALTIUM_WORK\00001_MCHP-CDB\Datasheets\AOA0000CE2.pdf"; VariantName = "[No Variations]"
Change component parameters (AddParameter): Name = "ComponentLink3Description"; Value = "Open Symbol"; VariantName = "[No Variations]"
Change component parameters (AddParameter): Name = "ComponentLink3URL"; Value = "C:\ALTIUM_WORK\00001_MCHP-CDB\Library\LibraryRefs\Resistor.SchLib"; VariantName = "[No Variations]"
Change component parameters (AddParameter): Name = "ComponentLink4Description"; Value = "Open Footprint"; VariantName = "[No Variations]"
Change component parameters (AddParameter): Name = "ComponentLink4URL"; Value = "C:\ALTIUM_WORK\00001_MCHP-CDB\Library\Footprints\RES_C_0402.PcbLib"; VariantName = "[No Variations]"
Change component parameters (AddParameter): Name = "ComponentLink5Description"; Value = "Open Footprint 2"; VariantName = "[No Variations]"
Change component parameters (AddParameter): Name = "ComponentLink6Description"; Value = "Open Footprint 3"; VariantName = "[No Variations]"
Change component parameters (AddParameter): Name = "ComponentLink7Description"; Value = "Open Footprint 4"; VariantName = "[No Variations]"
Change component parameters (AddParameter): Name = "Composition"; Value = "TKF"; VariantName = "[No Variations]"
Change component parameters (AddParameter): Name = "Description_"; Value = "RES TKF 10k 1% 1/10W SMD 0402"; VariantName = "[No Variations]"
Change component parameters (AddParameter): Name = "Dev Tools Status"; Value = "Production"; VariantName = "[No Variations]"
Change component parameters (AddParameter): Name = "Manufacturer 1"; Value = "Panasonic"; VariantName = "[No Variations]"
Change component parameters (AddParameter): Name = "Manufacturer Part Number 1"; Value = "ERJ-2RKF1002X"; VariantName = "[No Variations]"
Change component parameters (AddParameter): Name = "MCHP-ID"; Value = "RSMT1019"; VariantName = "[No Variations]"
Change component parameters (AddParameter): Name = "Operating Temperature"; Value = "-55C to +155C"; VariantName = "[No Variations]"
Change component parameters (AddParameter): Name = "Owner"; Value = "Brent Lanphear"; VariantName = "[No Variations]"
Change component parameters (AddParameter): Name = "Package"; Value = "0402"; VariantName = "[No Variations]"
Change component parameters (AddParameter): Name = "Populated"; Value = "Yes"; VariantName = "[No Variations]"
Change component parameters (AddParameter): Name = "Power"; Value = "1/10W"; VariantName = "[No Variations]"
Change component parameters (AddParameter): Name = "Quantity Override"; Value = "1"; VariantName = "[No Variations]"
Change component parameters (AddParameter): Name = "Revision"; Value = "2"; VariantName = "[No Variations]"
Change component parameters (AddParameter): Name = "Status"; Value = "MCL Design"; VariantName = "[No Variations]"
Change component parameters (AddParameter): Name = "Supplier 1"; Value = "Digi-Key"; VariantName = "[No Variations]"
Change component parameters (AddParameter): Name = "Supplier Part Number 1"; Value = "P10.0KLCT-ND"; VariantName = "[No Variations]"
Change component parameters (AddParameter): Name = "Symbol"; Value = "Resistor"; VariantName = "[No Variations]"
Change component parameters (AddParameter): Name = "Temperature Coeffcient"; Value = "100ppm/C"; VariantName = "[No Variations]"
Change component parameters (AddParameter): Name = "Tolerance"; Value = "1%"; VariantName = "[No Variations]"
Change component parameters (AddParameter): Name = "Type"; Value = "RES SMD"; VariantName = "[No Variations]"
Change component parameters (AddParameter): Name = "Value"; Value = "10k"; VariantName = "[No Variations]"
Change component parameters (AddParameter): Name = "Voltage"; Value = "50V"; VariantName = "[No Variations]"
Change component parameters: Designator = "R351" ("R351"); Footprint = "RES_C_1005X40"; UniqueID = "\LDTKUUGC" ("\LDTKUUGC")
Change component parameters (AddParameter): Name = "Category"; Value = "Resistor"; VariantName = "[No Variations]"
Change component parameters (AddParameter): Name = "ComponentLink1Description"; Value = "SVN Datasheet"; VariantName = "[No Variations]"
Change component parameters (AddParameter): Name = "ComponentLink1URL"; Value = "https://chn-vm-apps.microchip.com/mchprepo/parts/Datasheets/nrc.pdf"; VariantName = "[No Variations]"
Change component parameters (AddParameter): Name = "ComponentLink2Description"; Value = "Local Datasheet"; VariantName = "[No Variations]"
Change component parameters (AddParameter): Name = "ComponentLink2URL"; Value = "C:\ALTIUM_WORK\00001_MCHP-CDB\Datasheets\nrc.pdf"; VariantName = "[No Variations]"
Change component parameters (AddParameter): Name = "ComponentLink3Description"; Value = "Open Symbol"; VariantName = "[No Variations]"
Change component parameters (AddParameter): Name = "ComponentLink3URL"; Value = "C:\ALTIUM_WORK\00001_MCHP-CDB\Library\LibraryRefs\Resistor.SchLib"; VariantName = "[No Variations]"
Change component parameters (AddParameter): Name = "ComponentLink4Description"; Value = "Open Footprint"; VariantName = "[No Variations]"
Change component parameters (AddParameter): Name = "ComponentLink4URL"; Value = "C:\ALTIUM_WORK\00001_MCHP-CDB\Library\Footprints\RES_C_0603.PcbLib"; VariantName = "[No Variations]"
Change component parameters (AddParameter): Name = "ComponentLink5Description"; Value = "Open Footprint 2"; VariantName = "[No Variations]"
Change component parameters (AddParameter): Name = "ComponentLink6Description"; Value = "Open Footprint 3"; VariantName = "[No Variations]"
Change component parameters (AddParameter): Name = "ComponentLink7Description"; Value = "Open Footprint 4"; VariantName = "[No Variations]"
Change component parameters (AddParameter): Name = "Composition"; Value = "TKF"; VariantName = "[No Variations]"
Change component parameters (AddParameter): Name = "Description_"; Value = "RES TKF 0R 1/10W SMD 0603"; VariantName = "[No Variations]"
Change component parameters (AddParameter): Name = "Dev Tools Status"; Value = "Production"; VariantName = "[No Variations]"
Change component parameters (AddParameter): Name = "Manufacturer 1"; Value = "Panasonic"; VariantName = "[No Variations]"
Change component parameters (AddParameter): Name = "Manufacturer 2"; Value = "Panasonic"; VariantName = "[No Variations]"
Change component parameters (AddParameter): Name = "Manufacturer 3"; Value = "ROHM"; VariantName = "[No Variations]"
Change component parameters (AddParameter): Name = "Manufacturer 4"; Value = "Stackpole Electronics Inc"; VariantName = "[No Variations]"
Change component parameters (AddParameter): Name = "Manufacturer 5"; Value = "Stackpole Electronics Inc"; VariantName = "[No Variations]"
Change component parameters (AddParameter): Name = "Manufacturer 6"; Value = "Vishay"; VariantName = "[No Variations]"
Change component parameters (AddParameter): Name = "Manufacturer 7"; Value = "Yageo"; VariantName = "[No Variations]"
Change component parameters (AddParameter): Name = "Manufacturer 8"; Value = "KOA Speer"; VariantName = "[No Variations]"
Change component parameters (AddParameter): Name = "Manufacturer 9"; Value = "NIC Components"; VariantName = "[No Variations]"
Change component parameters (AddParameter): Name = "Manufacturer Part Number 1"; Value = "ERJ-3GSY0R00V"; VariantName = "[No Variations]"
Change component parameters (AddParameter): Name = "Manufacturer Part Number 2"; Value = "ERJ-3GEY0R00V"; VariantName = "[No Variations]"
Change component parameters (AddParameter): Name = "Manufacturer Part Number 3"; Value = "MCR03EZPJ000"; VariantName = "[No Variations]"
Change component parameters (AddParameter): Name = "Manufacturer Part Number 4"; Value = "RMCF0603ZT0R00"; VariantName = "[No Variations]"
Change component parameters (AddParameter): Name = "Manufacturer Part Number 5"; Value = "RMCF 1/16 0 R"; VariantName = "[No Variations]"
Change component parameters (AddParameter): Name = "Manufacturer Part Number 6"; Value = "CRCW06030000Z0EA"; VariantName = "[No Variations]"
Change component parameters (AddParameter): Name = "Manufacturer Part Number 7"; Value = "RC0603JR-070RL"; VariantName = "[No Variations]"
Change component parameters (AddParameter): Name = "Manufacturer Part Number 8"; Value = "RK73Z1JTTP"; VariantName = "[No Variations]"
Change component parameters (AddParameter): Name = "Manufacturer Part Number 9"; Value = "NRC06Z0TRF"; VariantName = "[No Variations]"
Change component parameters (AddParameter): Name = "MCHP-ID"; Value = "RSMT0001"; VariantName = "[No Variations]"
Change component parameters (AddParameter): Name = "Operating Temperature"; Value = "-55C to +155C"; VariantName = "[No Variations]"
Change component parameters (AddParameter): Name = "Package"; Value = "0603"; VariantName = "[No Variations]"
Change component parameters (AddParameter): Name = "Populated"; Value = "YES"; VariantName = "[No Variations]"
Change component parameters (AddParameter): Name = "Power"; Value = "1/10W"; VariantName = "[No Variations]"
Change component parameters (AddParameter): Name = "Quantity Override"; Value = "1"; VariantName = "[No Variations]"
Change component parameters (AddParameter): Name = "Revision"; Value = "2"; VariantName = "[No Variations]"
Change component parameters (AddParameter): Name = "Status"; Value = "MCL Design"; VariantName = "[No Variations]"
Change component parameters (AddParameter): Name = "Supplier 1"; Value = "Digi-Key"; VariantName = "[No Variations]"
Change component parameters (AddParameter): Name = "Supplier 2"; Value = "Digi-Key"; VariantName = "[No Variations]"
Change component parameters (AddParameter): Name = "Supplier 3"; Value = "Digi-Key"; VariantName = "[No Variations]"
Change component parameters (AddParameter): Name = "Supplier 4"; Value = "Digi-Key"; VariantName = "[No Variations]"
Change component parameters (AddParameter): Name = "Supplier 5"; Value = "Digi-Key"; VariantName = "[No Variations]"
Change component parameters (AddParameter): Name = "Supplier 6"; Value = "Digi-Key"; VariantName = "[No Variations]"
Change component parameters (AddParameter): Name = "Supplier 7"; Value = "Digi-Key"; VariantName = "[No Variations]"
Change component parameters (AddParameter): Name = "Supplier 8"; Value = "KOA Speer"; VariantName = "[No Variations]"
Change component parameters (AddParameter): Name = "Supplier 9"; Value = "NIC Components"; VariantName = "[No Variations]"
Change component parameters (AddParameter): Name = "Supplier Part Number 1"; Value = "P0.0GTR-ND"; VariantName = "[No Variations]"
Change component parameters (AddParameter): Name = "Supplier Part Number 2"; Value = "RHM0.0GCT-ND"; VariantName = "[No Variations]"
Change component parameters (AddParameter): Name = "Supplier Part Number 3"; Value = "RMCF0603ZT0R00TR-ND"; VariantName = "[No Variations]"
Change component parameters (AddParameter): Name = "Supplier Part Number 4"; Value = "RMCF0603ZT0R00CT-ND"; VariantName = "[No Variations]"
Change component parameters (AddParameter): Name = "Supplier Part Number 5"; Value = "RMCF1/160RTR-ND"; VariantName = "[No Variations]"
Change component parameters (AddParameter): Name = "Supplier Part Number 6"; Value = "541-0.0GCT-ND"; VariantName = "[No Variations]"
Change component parameters (AddParameter): Name = "Supplier Part Number 7"; Value = "311-0.0GRCT-ND"; VariantName = "[No Variations]"
Change component parameters (AddParameter): Name = "Supplier Part Number 8"; Value = "RK73Z1JTTP"; VariantName = "[No Variations]"
Change component parameters (AddParameter): Name = "Supplier Part Number 9"; Value = "NRC06Z0TRF"; VariantName = "[No Variations]"
Change component parameters (AddParameter): Name = "Symbol"; Value = "Resistor"; VariantName = "[No Variations]"
Change component parameters (AddParameter): Name = "Type"; Value = "RES SMD"; VariantName = "[No Variations]"
Change component parameters (AddParameter): Name = "Value"; Value = "0R"; VariantName = "[No Variations]"
Change component parameters: Designator = "R352" ("R352"); Footprint = "RES_C_1005X40"; UniqueID = "\UOIURSKH" ("\UOIURSKH")
Change component parameters (AddParameter): Name = "Category"; Value = "Resistor"; VariantName = "[No Variations]"
Change component parameters (AddParameter): Name = "ComponentLink1Description"; Value = "SVN Datasheet"; VariantName = "[No Variations]"
Change component parameters (AddParameter): Name = "ComponentLink1URL"; Value = "https://chn-vm-apps.microchip.com/mchprepo/parts/Datasheets/nrc.pdf"; VariantName = "[No Variations]"
Change component parameters (AddParameter): Name = "ComponentLink2Description"; Value = "Local Datasheet"; VariantName = "[No Variations]"
Change component parameters (AddParameter): Name = "ComponentLink2URL"; Value = "C:\ALTIUM_WORK\00001_MCHP-CDB\Datasheets\nrc.pdf"; VariantName = "[No Variations]"
Change component parameters (AddParameter): Name = "ComponentLink3Description"; Value = "Open Symbol"; VariantName = "[No Variations]"
Change component parameters (AddParameter): Name = "ComponentLink3URL"; Value = "C:\ALTIUM_WORK\00001_MCHP-CDB\Library\LibraryRefs\Resistor.SchLib"; VariantName = "[No Variations]"
Change component parameters (AddParameter): Name = "ComponentLink4Description"; Value = "Open Footprint"; VariantName = "[No Variations]"
Change component parameters (AddParameter): Name = "ComponentLink4URL"; Value = "C:\ALTIUM_WORK\00001_MCHP-CDB\Library\Footprints\RES_C_0603.PcbLib"; VariantName = "[No Variations]"
Change component parameters (AddParameter): Name = "ComponentLink5Description"; Value = "Open Footprint 2"; VariantName = "[No Variations]"
Change component parameters (AddParameter): Name = "ComponentLink6Description"; Value = "Open Footprint 3"; VariantName = "[No Variations]"
Change component parameters (AddParameter): Name = "ComponentLink7Description"; Value = "Open Footprint 4"; VariantName = "[No Variations]"
Change component parameters (AddParameter): Name = "Composition"; Value = "TKF"; VariantName = "[No Variations]"
Change component parameters (AddParameter): Name = "Description_"; Value = "RES TKF 0R 1/10W SMD 0603"; VariantName = "[No Variations]"
Change component parameters (AddParameter): Name = "Dev Tools Status"; Value = "Production"; VariantName = "[No Variations]"
Change component parameters (AddParameter): Name = "Manufacturer 1"; Value = "Panasonic"; VariantName = "[No Variations]"
Change component parameters (AddParameter): Name = "Manufacturer 2"; Value = "Panasonic"; VariantName = "[No Variations]"
Change component parameters (AddParameter): Name = "Manufacturer 3"; Value = "ROHM"; VariantName = "[No Variations]"
Change component parameters (AddParameter): Name = "Manufacturer 4"; Value = "Stackpole Electronics Inc"; VariantName = "[No Variations]"
Change component parameters (AddParameter): Name = "Manufacturer 5"; Value = "Stackpole Electronics Inc"; VariantName = "[No Variations]"
Change component parameters (AddParameter): Name = "Manufacturer 6"; Value = "Vishay"; VariantName = "[No Variations]"
Change component parameters (AddParameter): Name = "Manufacturer 7"; Value = "Yageo"; VariantName = "[No Variations]"
Change component parameters (AddParameter): Name = "Manufacturer 8"; Value = "KOA Speer"; VariantName = "[No Variations]"
Change component parameters (AddParameter): Name = "Manufacturer 9"; Value = "NIC Components"; VariantName = "[No Variations]"
Change component parameters (AddParameter): Name = "Manufacturer Part Number 1"; Value = "ERJ-3GSY0R00V"; VariantName = "[No Variations]"
Change component parameters (AddParameter): Name = "Manufacturer Part Number 2"; Value = "ERJ-3GEY0R00V"; VariantName = "[No Variations]"
Change component parameters (AddParameter): Name = "Manufacturer Part Number 3"; Value = "MCR03EZPJ000"; VariantName = "[No Variations]"
Change component parameters (AddParameter): Name = "Manufacturer Part Number 4"; Value = "RMCF0603ZT0R00"; VariantName = "[No Variations]"
Change component parameters (AddParameter): Name = "Manufacturer Part Number 5"; Value = "RMCF 1/16 0 R"; VariantName = "[No Variations]"
Change component parameters (AddParameter): Name = "Manufacturer Part Number 6"; Value = "CRCW06030000Z0EA"; VariantName = "[No Variations]"
Change component parameters (AddParameter): Name = "Manufacturer Part Number 7"; Value = "RC0603JR-070RL"; VariantName = "[No Variations]"
Change component parameters (AddParameter): Name = "Manufacturer Part Number 8"; Value = "RK73Z1JTTP"; VariantName = "[No Variations]"
Change component parameters (AddParameter): Name = "Manufacturer Part Number 9"; Value = "NRC06Z0TRF"; VariantName = "[No Variations]"
Change component parameters (AddParameter): Name = "MCHP-ID"; Value = "RSMT0001"; VariantName = "[No Variations]"
Change component parameters (AddParameter): Name = "Operating Temperature"; Value = "-55C to +155C"; VariantName = "[No Variations]"
Change component parameters (AddParameter): Name = "Package"; Value = "0603"; VariantName = "[No Variations]"
Change component parameters (AddParameter): Name = "Populated"; Value = "YES"; VariantName = "[No Variations]"
Change component parameters (AddParameter): Name = "Power"; Value = "1/10W"; VariantName = "[No Variations]"
Change component parameters (AddParameter): Name = "Quantity Override"; Value = "1"; VariantName = "[No Variations]"
Change component parameters (AddParameter): Name = "Revision"; Value = "2"; VariantName = "[No Variations]"
Change component parameters (AddParameter): Name = "Status"; Value = "MCL Design"; VariantName = "[No Variations]"
Change component parameters (AddParameter): Name = "Supplier 1"; Value = "Digi-Key"; VariantName = "[No Variations]"
Change component parameters (AddParameter): Name = "Supplier 2"; Value = "Digi-Key"; VariantName = "[No Variations]"
Change component parameters (AddParameter): Name = "Supplier 3"; Value = "Digi-Key"; VariantName = "[No Variations]"
Change component parameters (AddParameter): Name = "Supplier 4"; Value = "Digi-Key"; VariantName = "[No Variations]"
Change component parameters (AddParameter): Name = "Supplier 5"; Value = "Digi-Key"; VariantName = "[No Variations]"
Change component parameters (AddParameter): Name = "Supplier 6"; Value = "Digi-Key"; VariantName = "[No Variations]"
Change component parameters (AddParameter): Name = "Supplier 7"; Value = "Digi-Key"; VariantName = "[No Variations]"
Change component parameters (AddParameter): Name = "Supplier 8"; Value = "KOA Speer"; VariantName = "[No Variations]"
Change component parameters (AddParameter): Name = "Supplier 9"; Value = "NIC Components"; VariantName = "[No Variations]"
Change component parameters (AddParameter): Name = "Supplier Part Number 1"; Value = "P0.0GTR-ND"; VariantName = "[No Variations]"
Change component parameters (AddParameter): Name = "Supplier Part Number 2"; Value = "RHM0.0GCT-ND"; VariantName = "[No Variations]"
Change component parameters (AddParameter): Name = "Supplier Part Number 3"; Value = "RMCF0603ZT0R00TR-ND"; VariantName = "[No Variations]"
Change component parameters (AddParameter): Name = "Supplier Part Number 4"; Value = "RMCF0603ZT0R00CT-ND"; VariantName = "[No Variations]"
Change component parameters (AddParameter): Name = "Supplier Part Number 5"; Value = "RMCF1/160RTR-ND"; VariantName = "[No Variations]"
Change component parameters (AddParameter): Name = "Supplier Part Number 6"; Value = "541-0.0GCT-ND"; VariantName = "[No Variations]"
Change component parameters (AddParameter): Name = "Supplier Part Number 7"; Value = "311-0.0GRCT-ND"; VariantName = "[No Variations]"
Change component parameters (AddParameter): Name = "Supplier Part Number 8"; Value = "RK73Z1JTTP"; VariantName = "[No Variations]"
Change component parameters (AddParameter): Name = "Supplier Part Number 9"; Value = "NRC06Z0TRF"; VariantName = "[No Variations]"
Change component parameters (AddParameter): Name = "Symbol"; Value = "Resistor"; VariantName = "[No Variations]"
Change component parameters (AddParameter): Name = "Type"; Value = "RES SMD"; VariantName = "[No Variations]"
Change component parameters (AddParameter): Name = "Value"; Value = "0R"; VariantName = "[No Variations]"
Change component parameters: Designator = "R353" ("R353"); Footprint = "RES_C_1005X40"; UniqueID = "\NQCCYIPD" ("\NQCCYIPD")
Change component parameters (AddParameter): Name = "BOM Notes"; Value = ""; VariantName = "[No Variations]"
Change component parameters (AddParameter): Name = "Category"; Value = "Resistor"; VariantName = "[No Variations]"
Change component parameters (AddParameter): Name = "ComponentLink1Description"; Value = "SVN Datasheet"; VariantName = "[No Variations]"
Change component parameters (AddParameter): Name = "ComponentLink1URL"; Value = "https://chn-vm-apps.microchip.com/mchprepo/parts/Datasheets/n_catalog_partition09_en.pdf"; VariantName = "[No Variations]"
Change component parameters (AddParameter): Name = "ComponentLink2Description"; Value = "Local Datasheet"; VariantName = "[No Variations]"
Change component parameters (AddParameter): Name = "ComponentLink2URL"; Value = "C:\ALTIUM_WORK\00001_MCHP-CDB\Datasheets\n_catalog_partition09_en.pdf"; VariantName = "[No Variations]"
Change component parameters (AddParameter): Name = "ComponentLink3Description"; Value = "Open Symbol"; VariantName = "[No Variations]"
Change component parameters (AddParameter): Name = "ComponentLink3URL"; Value = "C:\ALTIUM_WORK\00001_MCHP-CDB\Library\LibraryRefs\Shunt 4 Pin.SchLib"; VariantName = "[No Variations]"
Change component parameters (AddParameter): Name = "ComponentLink4Description"; Value = "Open Footprint"; VariantName = "[No Variations]"
Change component parameters (AddParameter): Name = "ComponentLink4URL"; Value = "C:\ALTIUM_WORK\00001_MCHP-CDB\Library\Footprints\RES_C_1206_SHUNT.PcbLib"; VariantName = "[No Variations]"
Change component parameters (AddParameter): Name = "ComponentLink5Description"; Value = "Open Footprint 2"; VariantName = "[No Variations]"
Change component parameters (AddParameter): Name = "ComponentLink6Description"; Value = "Open Footprint 3"; VariantName = "[No Variations]"
Change component parameters (AddParameter): Name = "ComponentLink7Description"; Value = "Open Footprint 4"; VariantName = "[No Variations]"
Change component parameters (AddParameter): Name = "Composition"; Value = "MF"; VariantName = "[No Variations]"
Change component parameters (AddParameter): Name = "Current"; Value = "8A"; VariantName = "[No Variations]"
Change component parameters (AddParameter): Name = "Description_"; Value = "RES SHUNT MF 0.01R 1% 0.75W SMD 1206"; VariantName = "[No Variations]"
Change component parameters (AddParameter): Name = "Dev Tools Status"; Value = "Design"; VariantName = "[No Variations]"
Change component parameters (AddParameter): Name = "Manufacturer 1"; Value = "SUSUMU"; VariantName = "[No Variations]"
Change component parameters (AddParameter): Name = "Manufacturer Part Number 1"; Value = "KRL1632E-M-R010-F-T5"; VariantName = "[No Variations]"
Change component parameters (AddParameter): Name = "MCHP-ID"; Value = "RSMT1316"; VariantName = "[No Variations]"
Change component parameters (AddParameter): Name = "Operating Temperature"; Value = "-55C to +155C"; VariantName = "[No Variations]"
Change component parameters (AddParameter): Name = "Owner"; Value = "Ciprian Abramov"; VariantName = "[No Variations]"
Change component parameters (AddParameter): Name = "Package"; Value = "1206"; VariantName = "[No Variations]"
Change component parameters (AddParameter): Name = "Populated"; Value = "YES"; VariantName = "[No Variations]"
Change component parameters (AddParameter): Name = "Power"; Value = "0.75W"; VariantName = "[No Variations]"
Change component parameters (AddParameter): Name = "Quantity Override"; Value = "1"; VariantName = "[No Variations]"
Change component parameters (AddParameter): Name = "Revision"; Value = "1"; VariantName = "[No Variations]"
Change component parameters (AddParameter): Name = "Status"; Value = "MCL Design"; VariantName = "[No Variations]"
Change component parameters (AddParameter): Name = "Supplier 1"; Value = "Digi-Key"; VariantName = "[No Variations]"
Change component parameters (AddParameter): Name = "Supplier Part Number 1"; Value = "408-1570-1-ND"; VariantName = "[No Variations]"
Change component parameters (AddParameter): Name = "Symbol"; Value = "Shunt 4 Pin"; VariantName = "[No Variations]"
Change component parameters (AddParameter): Name = "Temperature Coeffcient"; Value = "50ppm/C"; VariantName = "[No Variations]"
Change component parameters (AddParameter): Name = "Tolerance"; Value = "1%"; VariantName = "[No Variations]"
Change component parameters (AddParameter): Name = "Type"; Value = "RES SMD"; VariantName = "[No Variations]"
Change component parameters (AddParameter): Name = "Value"; Value = "0.01R"; VariantName = "[No Variations]"
Change component parameters: Designator = "R354" ("R354"); Footprint = "RES_C_1005X40"; UniqueID = "\TEOFRZXD" ("\TEOFRZXD")
Change component parameters (AddParameter): Name = "BOM Notes"; Value = ""; VariantName = "[No Variations]"
Change component parameters (AddParameter): Name = "Category"; Value = "Resistor"; VariantName = "[No Variations]"
Change component parameters (AddParameter): Name = "ComponentLink1Description"; Value = "SVN Datasheet"; VariantName = "[No Variations]"
Change component parameters (AddParameter): Name = "ComponentLink1URL"; Value = "https://chn-vm-apps.microchip.com/mchprepo/parts/Datasheets/n_catalog_partition09_en.pdf"; VariantName = "[No Variations]"
Change component parameters (AddParameter): Name = "ComponentLink2Description"; Value = "Local Datasheet"; VariantName = "[No Variations]"
Change component parameters (AddParameter): Name = "ComponentLink2URL"; Value = "C:\ALTIUM_WORK\00001_MCHP-CDB\Datasheets\n_catalog_partition09_en.pdf"; VariantName = "[No Variations]"
Change component parameters (AddParameter): Name = "ComponentLink3Description"; Value = "Open Symbol"; VariantName = "[No Variations]"
Change component parameters (AddParameter): Name = "ComponentLink3URL"; Value = "C:\ALTIUM_WORK\00001_MCHP-CDB\Library\LibraryRefs\Shunt 4 Pin.SchLib"; VariantName = "[No Variations]"
Change component parameters (AddParameter): Name = "ComponentLink4Description"; Value = "Open Footprint"; VariantName = "[No Variations]"
Change component parameters (AddParameter): Name = "ComponentLink4URL"; Value = "C:\ALTIUM_WORK\00001_MCHP-CDB\Library\Footprints\RES_C_1206_SHUNT.PcbLib"; VariantName = "[No Variations]"
Change component parameters (AddParameter): Name = "ComponentLink5Description"; Value = "Open Footprint 2"; VariantName = "[No Variations]"
Change component parameters (AddParameter): Name = "ComponentLink6Description"; Value = "Open Footprint 3"; VariantName = "[No Variations]"
Change component parameters (AddParameter): Name = "ComponentLink7Description"; Value = "Open Footprint 4"; VariantName = "[No Variations]"
Change component parameters (AddParameter): Name = "Composition"; Value = "MF"; VariantName = "[No Variations]"
Change component parameters (AddParameter): Name = "Current"; Value = "8A"; VariantName = "[No Variations]"
Change component parameters (AddParameter): Name = "Description_"; Value = "RES SHUNT MF 0.01R 1% 0.75W SMD 1206"; VariantName = "[No Variations]"
Change component parameters (AddParameter): Name = "Dev Tools Status"; Value = "Design"; VariantName = "[No Variations]"
Change component parameters (AddParameter): Name = "Manufacturer 1"; Value = "SUSUMU"; VariantName = "[No Variations]"
Change component parameters (AddParameter): Name = "Manufacturer Part Number 1"; Value = "KRL1632E-M-R010-F-T5"; VariantName = "[No Variations]"
Change component parameters (AddParameter): Name = "MCHP-ID"; Value = "RSMT1316"; VariantName = "[No Variations]"
Change component parameters (AddParameter): Name = "Operating Temperature"; Value = "-55C to +155C"; VariantName = "[No Variations]"
Change component parameters (AddParameter): Name = "Owner"; Value = "Ciprian Abramov"; VariantName = "[No Variations]"
Change component parameters (AddParameter): Name = "Package"; Value = "1206"; VariantName = "[No Variations]"
Change component parameters (AddParameter): Name = "Populated"; Value = "YES"; VariantName = "[No Variations]"
Change component parameters (AddParameter): Name = "Power"; Value = "0.75W"; VariantName = "[No Variations]"
Change component parameters (AddParameter): Name = "Quantity Override"; Value = "1"; VariantName = "[No Variations]"
Change component parameters (AddParameter): Name = "Revision"; Value = "1"; VariantName = "[No Variations]"
Change component parameters (AddParameter): Name = "Status"; Value = "MCL Design"; VariantName = "[No Variations]"
Change component parameters (AddParameter): Name = "Supplier 1"; Value = "Digi-Key"; VariantName = "[No Variations]"
Change component parameters (AddParameter): Name = "Supplier Part Number 1"; Value = "408-1570-1-ND"; VariantName = "[No Variations]"
Change component parameters (AddParameter): Name = "Symbol"; Value = "Shunt 4 Pin"; VariantName = "[No Variations]"
Change component parameters (AddParameter): Name = "Temperature Coeffcient"; Value = "50ppm/C"; VariantName = "[No Variations]"
Change component parameters (AddParameter): Name = "Tolerance"; Value = "1%"; VariantName = "[No Variations]"
Change component parameters (AddParameter): Name = "Type"; Value = "RES SMD"; VariantName = "[No Variations]"
Change component parameters (AddParameter): Name = "Value"; Value = "0.01R"; VariantName = "[No Variations]"
Change component parameters: Designator = "TP3" ("TP3"); Footprint = "Testpoint_TH_D130H80"; UniqueID = "\PJCSMJOB" ("\PJCSMJOB")
Change component parameters (AddParameter): Name = "Category"; Value = "Connector"; VariantName = "[No Variations]"
Change component parameters (AddParameter): Name = "ComponentLink1Description"; Value = "SVN Datasheet"; VariantName = "[No Variations]"
Change component parameters (AddParameter): Name = "ComponentLink2Description"; Value = "Local Datasheet"; VariantName = "[No Variations]"
Change component parameters (AddParameter): Name = "ComponentLink3Description"; Value = "Open Symbol"; VariantName = "[No Variations]"
Change component parameters (AddParameter): Name = "ComponentLink3URL"; Value = "C:\ALTIUM_WORK\00001_MCHP-CDB\Library\LibraryRefs\Test Point No BOM.SchLib"; VariantName = "[No Variations]"
Change component parameters (AddParameter): Name = "ComponentLink4Description"; Value = "Open Footprint"; VariantName = "[No Variations]"
Change component parameters (AddParameter): Name = "ComponentLink4URL"; Value = "C:\ALTIUM_WORK\00001_MCHP-CDB\Library\Footprints\TP_1mm_SMD.PcbLib"; VariantName = "[No Variations]"
Change component parameters (AddParameter): Name = "ComponentLink5Description"; Value = "Open Footprint 2"; VariantName = "[No Variations]"
Change component parameters (AddParameter): Name = "ComponentLink6Description"; Value = "Open Footprint 3"; VariantName = "[No Variations]"
Change component parameters (AddParameter): Name = "ComponentLink7Description"; Value = "Open Footprint 4"; VariantName = "[No Variations]"
Change component parameters (AddParameter): Name = "Description_"; Value = "CON TP PAD PCB 1mm SMD"; VariantName = "[No Variations]"
Change component parameters (AddParameter): Name = "Dev Tools Status"; Value = "Design"; VariantName = "[No Variations]"
Change component parameters (AddParameter): Name = "MCHP-ID"; Value = "CON1759"; VariantName = "[No Variations]"
Change component parameters (AddParameter): Name = "Owner"; Value = "Cristian Papuc"; VariantName = "[No Variations]"
Change component parameters (AddParameter): Name = "Populated"; Value = "YES"; VariantName = "[No Variations]"
Change component parameters (AddParameter): Name = "Quantity Override"; Value = "1"; VariantName = "[No Variations]"
Change component parameters (AddParameter): Name = "Revision"; Value = "A"; VariantName = "[No Variations]"
Change component parameters (AddParameter): Name = "Status"; Value = "MCL Design"; VariantName = "[No Variations]"
Change component parameters (AddParameter): Name = "Symbol"; Value = "Test Point No BOM"; VariantName = "[No Variations]"
Change component parameters (AddParameter): Name = "Type"; Value = "Test Point"; VariantName = "[No Variations]"
Change component parameters (AddParameter): Name = "Value"; Value = "TP PAD PCB 1mm"; VariantName = "[No Variations]"
Change component parameters: Designator = "TP4" ("TP4"); Footprint = "Testpoint_TH_D130H80"; UniqueID = "\WYTJKAPT" ("\WYTJKAPT")
Change component parameters (AddParameter): Name = "Category"; Value = "Connector"; VariantName = "[No Variations]"
Change component parameters (AddParameter): Name = "ComponentLink1Description"; Value = "SVN Datasheet"; VariantName = "[No Variations]"
Change component parameters (AddParameter): Name = "ComponentLink2Description"; Value = "Local Datasheet"; VariantName = "[No Variations]"
Change component parameters (AddParameter): Name = "ComponentLink3Description"; Value = "Open Symbol"; VariantName = "[No Variations]"
Change component parameters (AddParameter): Name = "ComponentLink3URL"; Value = "C:\ALTIUM_WORK\00001_MCHP-CDB\Library\LibraryRefs\Test Point No BOM.SchLib"; VariantName = "[No Variations]"
Change component parameters (AddParameter): Name = "ComponentLink4Description"; Value = "Open Footprint"; VariantName = "[No Variations]"
Change component parameters (AddParameter): Name = "ComponentLink4URL"; Value = "C:\ALTIUM_WORK\00001_MCHP-CDB\Library\Footprints\TP_1mm_SMD.PcbLib"; VariantName = "[No Variations]"
Change component parameters (AddParameter): Name = "ComponentLink5Description"; Value = "Open Footprint 2"; VariantName = "[No Variations]"
Change component parameters (AddParameter): Name = "ComponentLink6Description"; Value = "Open Footprint 3"; VariantName = "[No Variations]"
Change component parameters (AddParameter): Name = "ComponentLink7Description"; Value = "Open Footprint 4"; VariantName = "[No Variations]"
Change component parameters (AddParameter): Name = "Description_"; Value = "CON TP PAD PCB 1mm SMD"; VariantName = "[No Variations]"
Change component parameters (AddParameter): Name = "Dev Tools Status"; Value = "Design"; VariantName = "[No Variations]"
Change component parameters (AddParameter): Name = "MCHP-ID"; Value = "CON1759"; VariantName = "[No Variations]"
Change component parameters (AddParameter): Name = "Owner"; Value = "Cristian Papuc"; VariantName = "[No Variations]"
Change component parameters (AddParameter): Name = "Populated"; Value = "YES"; VariantName = "[No Variations]"
Change component parameters (AddParameter): Name = "Quantity Override"; Value = "1"; VariantName = "[No Variations]"
Change component parameters (AddParameter): Name = "Revision"; Value = "A"; VariantName = "[No Variations]"
Change component parameters (AddParameter): Name = "Status"; Value = "MCL Design"; VariantName = "[No Variations]"
Change component parameters (AddParameter): Name = "Symbol"; Value = "Test Point No BOM"; VariantName = "[No Variations]"
Change component parameters (AddParameter): Name = "Type"; Value = "Test Point"; VariantName = "[No Variations]"
Change component parameters (AddParameter): Name = "Value"; Value = "TP PAD PCB 1mm"; VariantName = "[No Variations]"
Change component parameters: Designator = "TP5" ("TP5"); Footprint = "Testpoint_TH_D130H80"; UniqueID = "\XHWPFRHT" ("\XHWPFRHT")
Change component parameters (AddParameter): Name = "Category"; Value = "Connector"; VariantName = "[No Variations]"
Change component parameters (AddParameter): Name = "ComponentLink1Description"; Value = "SVN Datasheet"; VariantName = "[No Variations]"
Change component parameters (AddParameter): Name = "ComponentLink2Description"; Value = "Local Datasheet"; VariantName = "[No Variations]"
Change component parameters (AddParameter): Name = "ComponentLink3Description"; Value = "Open Symbol"; VariantName = "[No Variations]"
Change component parameters (AddParameter): Name = "ComponentLink3URL"; Value = "C:\ALTIUM_WORK\00001_MCHP-CDB\Library\LibraryRefs\Test Point No BOM.SchLib"; VariantName = "[No Variations]"
Change component parameters (AddParameter): Name = "ComponentLink4Description"; Value = "Open Footprint"; VariantName = "[No Variations]"
Change component parameters (AddParameter): Name = "ComponentLink4URL"; Value = "C:\ALTIUM_WORK\00001_MCHP-CDB\Library\Footprints\TP_1mm_SMD.PcbLib"; VariantName = "[No Variations]"
Change component parameters (AddParameter): Name = "ComponentLink5Description"; Value = "Open Footprint 2"; VariantName = "[No Variations]"
Change component parameters (AddParameter): Name = "ComponentLink6Description"; Value = "Open Footprint 3"; VariantName = "[No Variations]"
Change component parameters (AddParameter): Name = "ComponentLink7Description"; Value = "Open Footprint 4"; VariantName = "[No Variations]"
Change component parameters (AddParameter): Name = "Description_"; Value = "CON TP PAD PCB 1mm SMD"; VariantName = "[No Variations]"
Change component parameters (AddParameter): Name = "Dev Tools Status"; Value = "Design"; VariantName = "[No Variations]"
Change component parameters (AddParameter): Name = "MCHP-ID"; Value = "CON1759"; VariantName = "[No Variations]"
Change component parameters (AddParameter): Name = "Owner"; Value = "Cristian Papuc"; VariantName = "[No Variations]"
Change component parameters (AddParameter): Name = "Populated"; Value = "YES"; VariantName = "[No Variations]"
Change component parameters (AddParameter): Name = "Quantity Override"; Value = "1"; VariantName = "[No Variations]"
Change component parameters (AddParameter): Name = "Revision"; Value = "A"; VariantName = "[No Variations]"
Change component parameters (AddParameter): Name = "Status"; Value = "MCL Design"; VariantName = "[No Variations]"
Change component parameters (AddParameter): Name = "Symbol"; Value = "Test Point No BOM"; VariantName = "[No Variations]"
Change component parameters (AddParameter): Name = "Type"; Value = "Test Point"; VariantName = "[No Variations]"
Change component parameters (AddParameter): Name = "Value"; Value = "TP PAD PCB 1mm"; VariantName = "[No Variations]"
Change component parameters: Designator = "TP6" ("TP6"); Footprint = "Testpoint_TH_D130H80"; UniqueID = "\CLAYJFFR" ("\CLAYJFFR")
Change component parameters (AddParameter): Name = "Category"; Value = "Connector"; VariantName = "[No Variations]"
Change component parameters (AddParameter): Name = "ComponentLink1Description"; Value = "SVN Datasheet"; VariantName = "[No Variations]"
Change component parameters (AddParameter): Name = "ComponentLink2Description"; Value = "Local Datasheet"; VariantName = "[No Variations]"
Change component parameters (AddParameter): Name = "ComponentLink3Description"; Value = "Open Symbol"; VariantName = "[No Variations]"
Change component parameters (AddParameter): Name = "ComponentLink3URL"; Value = "C:\ALTIUM_WORK\00001_MCHP-CDB\Library\LibraryRefs\Test Point No BOM.SchLib"; VariantName = "[No Variations]"
Change component parameters (AddParameter): Name = "ComponentLink4Description"; Value = "Open Footprint"; VariantName = "[No Variations]"
Change component parameters (AddParameter): Name = "ComponentLink4URL"; Value = "C:\ALTIUM_WORK\00001_MCHP-CDB\Library\Footprints\TP_1mm_SMD.PcbLib"; VariantName = "[No Variations]"
Change component parameters (AddParameter): Name = "ComponentLink5Description"; Value = "Open Footprint 2"; VariantName = "[No Variations]"
Change component parameters (AddParameter): Name = "ComponentLink6Description"; Value = "Open Footprint 3"; VariantName = "[No Variations]"
Change component parameters (AddParameter): Name = "ComponentLink7Description"; Value = "Open Footprint 4"; VariantName = "[No Variations]"
Change component parameters (AddParameter): Name = "Description_"; Value = "CON TP PAD PCB 1mm SMD"; VariantName = "[No Variations]"
Change component parameters (AddParameter): Name = "Dev Tools Status"; Value = "Design"; VariantName = "[No Variations]"
Change component parameters (AddParameter): Name = "MCHP-ID"; Value = "CON1759"; VariantName = "[No Variations]"
Change component parameters (AddParameter): Name = "Owner"; Value = "Cristian Papuc"; VariantName = "[No Variations]"
Change component parameters (AddParameter): Name = "Populated"; Value = "YES"; VariantName = "[No Variations]"
Change component parameters (AddParameter): Name = "Quantity Override"; Value = "1"; VariantName = "[No Variations]"
Change component parameters (AddParameter): Name = "Revision"; Value = "A"; VariantName = "[No Variations]"
Change component parameters (AddParameter): Name = "Status"; Value = "MCL Design"; VariantName = "[No Variations]"
Change component parameters (AddParameter): Name = "Symbol"; Value = "Test Point No BOM"; VariantName = "[No Variations]"
Change component parameters (AddParameter): Name = "Type"; Value = "Test Point"; VariantName = "[No Variations]"
Change component parameters (AddParameter): Name = "Value"; Value = "TP PAD PCB 1mm"; VariantName = "[No Variations]"
Change component parameters: Designator = "U29" ("U29"); Footprint = "SOM-38MMX30MM"; UniqueID = "\CZIIQWMA" ("\CZIIQWMA")
Change component parameters (AddParameter): Name = "BOM Notes"; Value = ""; VariantName = "[No Variations]"
Change component parameters (AddParameter): Name = "Category"; Value = "MCHP-Microcontroller"; VariantName = "[No Variations]"
Change component parameters (AddParameter): Name = "ComponentLink1Description"; Value = "SVN Datasheet"; VariantName = "[No Variations]"
Change component parameters (AddParameter): Name = "ComponentLink2Description"; Value = "Local Datasheet"; VariantName = "[No Variations]"
Change component parameters (AddParameter): Name = "ComponentLink3Description"; Value = "Open Symbol"; VariantName = "[No Variations]"
Change component parameters (AddParameter): Name = "ComponentLink3URL"; Value = "C:\ALTIUM_WORK\00001_MCHP-CDB\Library\LibraryRefs\SAMA7G54 TFBGA-343.SchLib"; VariantName = "[No Variations]"
Change component parameters (AddParameter): Name = "ComponentLink4Description"; Value = "Open Footprint"; VariantName = "[No Variations]"
Change component parameters (AddParameter): Name = "ComponentLink4URL"; Value = "C:\ALTIUM_WORK\00001_MCHP-CDB\Library\Footprints\TFBGA-343_14x14.PcbLib"; VariantName = "[No Variations]"
Change component parameters (AddParameter): Name = "ComponentLink5Description"; Value = "Open Footprint 2"; VariantName = "[No Variations]"
Change component parameters (AddParameter): Name = "ComponentLink6Description"; Value = "Open Footprint 3"; VariantName = "[No Variations]"
Change component parameters (AddParameter): Name = "ComponentLink7Description"; Value = "Open Footprint 4"; VariantName = "[No Variations]"
Change component parameters (AddParameter): Name = "Description_"; Value = "MCHP MPU 32-BIT Cortex-A7 1000MHz 128kB SAMA7G54-V/4HB TFBGA-343"; VariantName = "[No Variations]"
Change component parameters (AddParameter): Name = "Dev Tools Status"; Value = "Design"; VariantName = "[No Variations]"
Change component parameters (AddParameter): Name = "Manufacturer 1"; Value = "Microchip"; VariantName = "[No Variations]"
Change component parameters (AddParameter): Name = "Manufacturer Part Number 1"; Value = "SAMA7G54-V/4HB"; VariantName = "[No Variations]"
Change component parameters (AddParameter): Name = "MCHP-ID"; Value = "MIC8923"; VariantName = "[No Variations]"
Change component parameters (AddParameter): Name = "Owner"; Value = "Ciprian Abramov"; VariantName = "[No Variations]"
Change component parameters (AddParameter): Name = "Package"; Value = "TFBGA-343"; VariantName = "[No Variations]"
Change component parameters (AddParameter): Name = "Populated"; Value = "YES"; VariantName = "[No Variations]"
Change component parameters (AddParameter): Name = "Quantity Override"; Value = "1"; VariantName = "[No Variations]"
Change component parameters (AddParameter): Name = "Revision"; Value = "1"; VariantName = "[No Variations]"
Change component parameters (AddParameter): Name = "Status"; Value = "MCL Design"; VariantName = "[No Variations]"
Change component parameters (AddParameter): Name = "Supplier 1"; Value = "Microchip"; VariantName = "[No Variations]"
Change component parameters (AddParameter): Name = "Supplier Part Number 1"; Value = "SAMA7G54-V/4HB"; VariantName = "[No Variations]"
Change component parameters (AddParameter): Name = "Symbol"; Value = "SAMA7G54 TFBGA-343"; VariantName = "[No Variations]"
Change component parameters (AddParameter): Name = "Type"; Value = "32-Bit MPU"; VariantName = "[No Variations]"
Change component parameters (AddParameter): Name = "Value"; Value = "SAMA7G54"; VariantName = "[No Variations]"
Added Component: Designator=C232(CAP_C_1005X60)
Added Component: Designator=C233(CAP_C_1005X60)
Added Component: Designator=C234(CAP_C_1005X60)
Added Component: Designator=C235(CAP_C_1005X60)
Added Component: Designator=C236(CAP_C_1005X60)
Added Component: Designator=C237(CAP_C_1005X60)
Added Component: Designator=C238(CAP_C_1005X60)
Added Component: Designator=C239(CAP_C_1005X60)
Added Component: Designator=C240(CAP_C_1005X60)
Added Component: Designator=C241(CAP_C_1005X60)
Added Component: Designator=C242(CAP_C_1005X60)
Added Component: Designator=C243(CAP_C_1005X60)
Added Component: Designator=C244(CAP_C_1608X80)
Added Component: Designator=C245(CAP_C_1005X60)
Added Component: Designator=C246(CAP_C_1005X60)
Added Component: Designator=C247(CAP_C_1005X60)
Added Component: Designator=C248(CAP_C_1005X60)
Added Component: Designator=C249(CAP_C_1005X60)
Added Component: Designator=C250(CAP_C_1005X60)
Added Component: Designator=C251(CAP_C_1005X60)
Added Component: Designator=C252(CAP_C_1005X60)
Added Component: Designator=C253(CAP_C_1005X60)
Added Component: Designator=C254(CAP_C_1005X60)
Added Component: Designator=C255(CAP_C_1005X60)
Added Component: Designator=C256(CAP_C_1005X60)
Added Component: Designator=C257(CAP_C_1005X60)
Added Component: Designator=C258(CAP_C_1005X60)
Added Component: Designator=C259(CAP_C_1005X60)
Added Component: Designator=C260(CAP_C_1608X80)
Added Component: Designator=C261(CAP_C_1608X80)
Added Component: Designator=C262(CAP_C_1005X60)
Added Component: Designator=C263(CAP_C_1005X60)
Added Component: Designator=C264(CAP_C_1005X60)
Added Component: Designator=C265(CAP_C_1005X60)
Added Component: Designator=C266(CAP_C_1005X60)
Added Component: Designator=C267(CAP_C_1005X60)
Added Component: Designator=C268(CAP_C_1005X60)
Added Component: Designator=C269(CAP_C_1005X60)
Added Component: Designator=C270(CAP_C_1005X60)
Added Component: Designator=C271(CAP_C_1005X60)
Added Component: Designator=C272(CAP_C_1005X60)
Added Component: Designator=C273(CAP_C_1005X60)
Added Component: Designator=C274(CAP_C_1608X80)
Added Component: Designator=C275(CAP_C_1005X60)
Added Component: Designator=C276(CAP_C_1005X60)
Added Component: Designator=C277(CAP_C_1005X60)
Added Component: Designator=C278(CAP_C_1005X60)
Added Component: Designator=C279(CAP_C_1005X60)
Added Component: Designator=C280(CAP_C_1005X60)
Add Component: Footprint Not Found CAP_C_0402
Add Component: Footprint Not Found CAP_C_0603
Added Component: Designator=C283(CAP_C_1608X80)
Added Component: Designator=C284(CAP_C_1608X80)
Added Component: Designator=C285(CAP_C_1005X60)
Added Component: Designator=C286(CAP_C_1005X60)
Add Component: Footprint Not Found CAP_C_0402
Add Component: Footprint Not Found CAP_C_0603
Add Component: Footprint Not Found CAP_C_0402
Add Component: Footprint Not Found CAP_C_0603
Add Component: Footprint Not Found CAP_C_0402
Add Component: Footprint Not Found CAP_C_0603
Add Component: Footprint Not Found CAP_C_0402
Add Component: Footprint Not Found CAP_C_0402
Add Component: Footprint Not Found CAP_C_0402
Add Component: Footprint Not Found CAP_C_0402
Add Component: Footprint Not Found CAP_C_0402
Add Component: Footprint Not Found CAP_C_0402
Added Component: Designator=C299(CAP_C_1005X60)
Added Component: Designator=C300(CAP_C_1005X60)
Added Component: Designator=C301(CAP_C_1608X80)
Added Component: Designator=C302(CAP_C_1005X60)
Added Component: Designator=C303(CAP_C_1005X60)
Added Component: Designator=C304(CAP_C_1005X60)
Added Component: Designator=C305(CAP_C_1005X60)
Added Component: Designator=C306(CAP_C_1005X60)
Added Component: Designator=C307(CAP_C_1005X60)
Added Component: Designator=C308(CAP_C_1005X60)
Added Component: Designator=C309(CAP_C_1005X60)
Added Component: Designator=C310(CAP_C_1005X60)
Added Component: Designator=C311(CAP_C_1005X60)
Added Component: Designator=C312(CAP_C_1005X60)
Added Component: Designator=C313(CAP_C_1005X60)
Added Component: Designator=C314(CAP_C_1005X60)
Added Component: Designator=C315(CAP_C_1005X60)
Added Component: Designator=C316(CAP_C_1005X60)
Added Component: Designator=C317(CAP_C_1005X60)
Added Component: Designator=C318(CAP_C_1005X60)
Added Component: Designator=C319(CAP_C_1005X60)
Added Component: Designator=C320(CAP_C_1608X80)
Added Component: Designator=C321(CAP_C_1005X60)
Added Component: Designator=C322(CAP_C_1005X60)
Added Component: Designator=C323(CAP_C_1005X60)
Added Component: Designator=C324(CAP_C_1005X60)
Added Component: Designator=C325(CAP_C_1005X60)
Added Component: Designator=C326(CAP_C_1005X60)
Added Component: Designator=C327(CAP_C_1005X60)
Added Component: Designator=C328(CAP_C_1005X60)
Added Component: Designator=C329(CAP_C_1005X60)
Added Component: Designator=C330(CAP_C_1005X60)
Added Component: Designator=C331(CAP_C_1005X60)
Added Component: Designator=C332(CAP_C_1005X60)
Added Component: Designator=C333(CAP_C_1608X80)
Added Component: Designator=C334(CAP_C_1005X60)
Added Component: Designator=C335(CAP_C_1005X60)
Added Component: Designator=C336(CAP_C_1005X60)
Added Component: Designator=C337(CAP_C_1005X60)
Added Component: Designator=C338(CAP_C_1005X60)
Added Component: Designator=C339(CAP_C_1005X60)
Added Component: Designator=C340(CAP_C_1608X80)
Added Component: Designator=C341(CAP_C_1005X60)
Added Component: Designator=C342(CAP_C_1005X60)
Added Component: Designator=DS11(LED-0603-BLUE)
Add component (AddParameter): Name = "Value"; Value = "LED 3 - 5 ly 2 Colour"; VariantName = "[No Variations]"
Added Component: Designator=DS12(LED-0603-BLUE)
Add component (AddParameter): Name = "Value"; Value = "LED 3 - 5 ly 2 Colour"; VariantName = "[No Variations]"
Added Component: Designator=DS13(LED-0603-BLUE)
Add component (AddParameter): Name = "Value"; Value = "LED 3 - 5 ly 2 Colour"; VariantName = "[No Variations]"
Added Component: Designator=H1(HEX-M3_NoVia)
Added Component: Designator=H2(HEX-M3_NoVia)
Added Component: Designator=H5(HEX-M3_NoVia)
Added Component: Designator=H6(HEX-M3_NoVia)
Added Component: Designator=H9(HEX-M3_NoVia)
Added Component: Designator=H10(HEX-M3_NoVia)
Added Component: Designator=H11(HEX-M3_NoVia)
Added Component: Designator=H13(HEX-M3_NoVia)
Add Component: Footprint Not Found IND_C_1008
Add Component: Footprint Not Found IND_C_1008
Add Component: Footprint Not Found IND_C_1008
Add Component: Footprint Not Found IND_C_1008
Add Component: Footprint Not Found SOT-23-3
Added Component: Designator=R18(RES_C_1005X40)
Add Component: Footprint Not Found RES_C_1608X60
Added Component: Designator=R299(RES_C_1005X40)
Added Component: Designator=R300(RES_C_1005X40)
Added Component: Designator=R301(RES_C_1005X40)
Added Component: Designator=R302(RES_C_1005X40)
Added Component: Designator=R303(RES_C_1005X40)
Added Component: Designator=R485(RES_C_1005X40)
Added Component: Designator=R486(RES_C_1005X40)
Added Component: Designator=R487(RES_C_1005X40)
Added Component: Designator=R488(RES_C_1005X40)
Added Component: Designator=R505(RES_C_1005X40)
Added Component: Designator=R506(RES_C_1005X40)
Added Component: Designator=R507(RES_C_1005X40)
Added Component: Designator=R508(RES_C_1005X40)
Added Component: Designator=R509(RES_C_1005X40)
Added Component: Designator=R510(RES_C_1005X40)
Added Component: Designator=R511(RES_C_1005X40)
Added Component: Designator=R512(RES_C_1005X40)
Added Component: Designator=R513(RES_C_1005X40)
Added Component: Designator=R514(RES_C_1005X40)
Added Component: Designator=R515(RES_C_1005X40)
Added Component: Designator=R516(RES_C_1005X40)
Added Component: Designator=R517(RES_C_1005X40)
Added Component: Designator=R518(RES_C_1005X40)
Added Component: Designator=R519(RES_C_1005X40)
Added Component: Designator=R520(RES_C_1005X40)
Added Component: Designator=R521(RES_C_1005X40)
Added Component: Designator=R522(RES_C_1005X40)
Added Component: Designator=R523(RES_C_1005X40)
Added Component: Designator=R524(RES_C_1005X40)
Added Component: Designator=R525(RES_C_1005X40)
Added Component: Designator=R526(RES_C_1005X40)
Added Component: Designator=R527(RES_C_1005X40)
Added Component: Designator=R528(RES_C_1005X40)
Added Component: Designator=R529(RES_C_1005X40)
Added Component: Designator=R530(RES_C_1005X40)
Added Component: Designator=R531(RES_C_1005X40)
Added Component: Designator=R532(RES_C_1005X40)
Added Component: Designator=R533(RES_C_1005X40)
Added Component: Designator=R534(RES_C_1005X40)
Added Component: Designator=R535(RES_C_1005X40)
Added Component: Designator=R536(RES_C_1005X40)
Add Component: Footprint Not Found RES_C_1608X60
Add Component: Footprint Not Found RES_C_1608X60
Added Component: Designator=R539(RES_C_1005X40)
Added Component: Designator=R540(RES_C_1005X40)
Added Component: Designator=R541(RES_C_1005X40)
Added Component: Designator=R542(RES_C_1005X40)
Added Component: Designator=R543(RES_C_1005X40)
Add Component: Footprint Not Found TP_1mm_SMD
Add Component: Footprint Not Found TP_1mm_SMD
Add Component: Footprint Not Found TP_1mm_SMD
Add Component: Footprint Not Found TP_1mm_SMD
Add Component: Footprint Not Found TP_1mm_SMD
Add Component: Footprint Not Found TP_1mm_SMD
Add Component: Footprint Not Found TP_1mm_SMD
Add Component: Footprint Not Found TP_1mm_SMD
Add Component: Footprint Not Found TP_1mm_SMD
Add Component: Footprint Not Found TP_1mm_SMD
Add Component: Footprint Not Found TP_1mm_SMD
Add Component: Footprint Not Found TP_1mm_SMD
Add Component: Footprint Not Found TP_1mm_SMD
Add Component: Footprint Not Found TP_1mm_SMD
Add Component: Footprint Not Found TP_1mm_SMD
Add Component: Footprint Not Found TP_1mm_SMD
Add Component: Footprint Not Found TP_1mm_SMD
Add Component: Footprint Not Found TP_1mm_SMD
Add Component: Footprint Not Found TP_1mm_SMD
Add Component: Footprint Not Found TP_1mm_SMD
Add Component: Footprint Not Found TP_1mm_SMD
Add Component: Footprint Not Found TP_1mm_SMD
Add Component: Footprint Not Found QFN-32_5X5_EP3.7X3.7
Add Component: Footprint Not Found UQFN-16_4X4_EP2.6X2.6
Added Component: Designator=U53(TWBGA96_ISI)
Add component (AddParameter): Name = "Copyright"; Value = "Copyright (C) 2025 Ultra Librarian. All rights reserved."; VariantName = "[No Variations]"
Add component (AddParameter): Name = "Manufacturer_Name"; Value = "ISSI"; VariantName = "[No Variations]"
Add component (AddParameter): Name = "Manufacturer_Part_Number"; Value = "IS43TR16512BL-125KBLI"; VariantName = "[No Variations]"
Add component (AddParameter): Name = "RefDes"; Value = "RefDes"; VariantName = "[No Variations]"
Add component (AddParameter): Name = "Type"; Value = "Type"; VariantName = "[No Variations]"
Add Component: Footprint Not Found CRYSTAL_NX2012SA
Add Component: Footprint Not Found DFN-4_2.5x2
Add Component: Footprint Not Found CRYSTAL_ABM8G
Add Component: Footprint Not Found DFN-4_2x1.6
Added Pin To Net: NetName=GND Pin=C151-2
Added Pin To Net: NetName=GND Pin=C152-2
Added Pin To Net: NetName=GND Pin=C232-2
Added Pin To Net: NetName=GND Pin=C233-2
Added Pin To Net: NetName=GND Pin=C234-2
Added Pin To Net: NetName=GND Pin=C235-2
Added Pin To Net: NetName=GND Pin=C236-2
Added Pin To Net: NetName=GND Pin=C237-2
Added Pin To Net: NetName=GND Pin=C238-2
Added Pin To Net: NetName=GND Pin=C239-2
Added Pin To Net: NetName=GND Pin=C240-2
Added Pin To Net: NetName=GND Pin=C241-2
Added Pin To Net: NetName=GND Pin=C242-2
Added Pin To Net: NetName=GND Pin=C243-2
Added Pin To Net: NetName=GND Pin=C244-2
Added Pin To Net: NetName=GND Pin=C245-2
Added Pin To Net: NetName=GND Pin=C246-2
Added Pin To Net: NetName=GND Pin=C247-1
Added Pin To Net: NetName=GND Pin=C248-2
Added Pin To Net: NetName=GND Pin=C249-2
Added Pin To Net: NetName=GND Pin=C250-2
Added Pin To Net: NetName=GND Pin=C251-2
Added Pin To Net: NetName=GND Pin=C252-2
Added Pin To Net: NetName=GND Pin=C253-2
Added Pin To Net: NetName=GND Pin=C254-2
Added Pin To Net: NetName=GND Pin=C255-2
Added Pin To Net: NetName=GND Pin=C256-2
Added Pin To Net: NetName=GND Pin=C257-2
Added Pin To Net: NetName=GND Pin=C258-2
Added Pin To Net: NetName=GND Pin=C259-2
Added Pin To Net: NetName=GND Pin=C260-2
Added Pin To Net: NetName=GND Pin=C261-2
Added Pin To Net: NetName=GND Pin=C262-2
Added Pin To Net: NetName=GND Pin=C263-2
Added Pin To Net: NetName=GND Pin=C264-2
Added Pin To Net: NetName=GND Pin=C265-2
Added Pin To Net: NetName=GND Pin=C266-2
Added Pin To Net: NetName=GND Pin=C267-1
Added Pin To Net: NetName=VDD_3V3 Pin=C267-2
Added Pin To Net: NetName=GND Pin=C268-2
Added Pin To Net: NetName=GND Pin=C269-2
Added Pin To Net: NetName=GND Pin=C270-2
Added Pin To Net: NetName=GND Pin=C271-2
Added Pin To Net: NetName=GND Pin=C272-2
Added Pin To Net: NetName=GND Pin=C273-2
Added Pin To Net: NetName=GND Pin=C274-2
Added Pin To Net: NetName=GND Pin=C275-2
Added Pin To Net: NetName=GND Pin=C276-2
Added Pin To Net: NetName=GND Pin=C277-2
Added Pin To Net: NetName=GND Pin=C278-2
Added Pin To Net: NetName=GND Pin=C279-1
Added Pin To Net: NetName=VDD_3V3 Pin=C279-2
Added Pin To Net: NetName=GND Pin=C280-2
Add Pin To Net: Unknown Pin: Pin C281-1
Add Pin To Net: Unknown Pin: Pin C282-1
Add Pin To Net: Unknown Pin: Pin C282-2
Added Pin To Net: NetName=VDD_3V3 Pin=C283-1
Added Pin To Net: NetName=GND Pin=C283-2
Added Pin To Net: NetName=VDD_3V3 Pin=C284-1
Added Pin To Net: NetName=GND Pin=C284-2
Added Pin To Net: NetName=VDD_3V3 Pin=C285-1
Added Pin To Net: NetName=GND Pin=C285-2
Added Pin To Net: NetName=VDD_3V3 Pin=C286-1
Added Pin To Net: NetName=GND Pin=C286-2
Add Pin To Net: Unknown Pin: Pin C287-1
Add Pin To Net: Unknown Pin: Pin C288-2
Add Pin To Net: Unknown Pin: Pin C289-1
Add Pin To Net: Unknown Pin: Pin C290-2
Add Pin To Net: Unknown Pin: Pin C291-1
Add Pin To Net: Unknown Pin: Pin C292-2
Add Pin To Net: Unknown Pin: Pin C293-1
Add Pin To Net: Unknown Pin: Pin C294-1
Add Pin To Net: Unknown Pin: Pin C295-1
Add Pin To Net: Unknown Pin: Pin C295-2
Add Pin To Net: Unknown Pin: Pin C296-1
Add Pin To Net: Unknown Pin: Pin C296-2
Add Pin To Net: Unknown Pin: Pin C297-1
Add Pin To Net: Unknown Pin: Pin C298-1
Added Pin To Net: NetName=GND Pin=C299-1
Added Pin To Net: NetName=NTRST_PC25 Pin=C299-2
Added Pin To Net: NetName=GND Pin=C300-1
Added Pin To Net: NetName=GND Pin=C301-1
Added Pin To Net: NetName=GND Pin=C302-1
Added Pin To Net: NetName=GND Pin=C303-1
Added Pin To Net: NetName=GND Pin=C304-1
Added Pin To Net: NetName=GND Pin=C305-1
Added Pin To Net: NetName=GND Pin=C306-1
Added Pin To Net: NetName=GND Pin=C307-1
Added Pin To Net: NetName=GND Pin=C308-1
Added Pin To Net: NetName=GND Pin=C309-1
Added Pin To Net: NetName=GND Pin=C310-1
Added Pin To Net: NetName=GND Pin=C311-1
Added Pin To Net: NetName=GND Pin=C312-1
Added Pin To Net: NetName=GND Pin=C313-1
Added Pin To Net: NetName=GND Pin=C314-1
Added Pin To Net: NetName=GND Pin=C315-1
Added Pin To Net: NetName=GND Pin=C316-1
Added Pin To Net: NetName=GND Pin=C317-1
Added Pin To Net: NetName=GND Pin=C318-1
Added Pin To Net: NetName=GND Pin=C319-1
Added Pin To Net: NetName=GND Pin=C320-1
Added Pin To Net: NetName=GND Pin=C321-2
Added Pin To Net: NetName=GND Pin=C322-2
Added Pin To Net: NetName=GND Pin=C323-2
Added Pin To Net: NetName=GND Pin=C324-2
Added Pin To Net: NetName=GND Pin=C325-2
Added Pin To Net: NetName=GND Pin=C326-2
Added Pin To Net: NetName=GND Pin=C327-2
Added Pin To Net: NetName=GND Pin=C328-2
Added Pin To Net: NetName=GND Pin=C330-2
Added Pin To Net: NetName=GND Pin=C331-2
Added Pin To Net: NetName=GND Pin=C332-2
Added Pin To Net: NetName=GND Pin=C333-2
Added Pin To Net: NetName=GND Pin=C334-2
Added Pin To Net: NetName=GND Pin=C335-2
Added Pin To Net: NetName=GND Pin=C336-2
Added Pin To Net: NetName=GND Pin=C337-2
Added Pin To Net: NetName=GND Pin=C338-2
Added Pin To Net: NetName=GND Pin=C339-2
Added Pin To Net: NetName=GND Pin=C340-2
Added Pin To Net: NetName=GND Pin=C341-2
Added Pin To Net: NetName=GND Pin=C342-2
Added Pin To Net: NetName=GND Pin=H1-1
Added Pin To Net: NetName=GND Pin=H2-1
Added Pin To Net: NetName=GND Pin=H5-1
Added Pin To Net: NetName=GND Pin=H6-1
Added Pin To Net: NetName=GND Pin=H9-1
Added Pin To Net: NetName=GND Pin=H10-1
Added Pin To Net: NetName=GND Pin=H11-1
Added Pin To Net: NetName=GND Pin=H13-1
Added Pin To Net: NetName=_PC8 Pin=J2-5
Added Pin To Net: NetName=_PC7 Pin=J2-6
Add Pin To Net: Unknown Pin: Pin L7-2
Add Pin To Net: Unknown Pin: Pin Q27-2
Added Pin To Net: NetName=IF_MCU_SHUTDOWN Pin=R18-1
Added Pin To Net: NetName=PD03 Pin=R18-2
Add Pin To Net: Unknown Pin: Pin R298-2
Added Pin To Net: NetName=IF_SOM_USB_N Pin=R299-1
Added Pin To Net: NetName=IF_SOM_USB_P Pin=R300-1
Added Pin To Net: NetName=GND Pin=R301-1
Added Pin To Net: NetName=VDD_3V3 Pin=R302-2
Added Pin To Net: NetName=GND Pin=R303-2
Added Pin To Net: NetName=USB1_N Pin=R304-1
Added Pin To Net: NetName=USBB_N Pin=R304-2
Added Pin To Net: NetName=USB1_P Pin=R305-1
Added Pin To Net: NetName=USBB_P Pin=R305-2
Added Pin To Net: NetName=GND Pin=R307-1
Added Pin To Net: NetName=SOM_USB_N Pin=R308-1
Added Pin To Net: NetName=USBC_N Pin=R308-2
Added Pin To Net: NetName=SOM_USB_P Pin=R309-1
Added Pin To Net: NetName=USBC_P Pin=R309-2
Added Pin To Net: NetName=GND Pin=R310-1
Added Pin To Net: NetName=GND Pin=R311-2
Added Pin To Net: NetName=SOM_CAM_CK_N Pin=R312-1
Added Pin To Net: NetName=MIPI_CK_N Pin=R312-2
Added Pin To Net: NetName=GND Pin=R313-2
Added Pin To Net: NetName=SOM_CAM_CK_P Pin=R314-1
Added Pin To Net: NetName=MIPI_CK_P Pin=R314-2
Added Pin To Net: NetName=GND Pin=R315-2
Added Pin To Net: NetName=SOM_CAM_D0_N Pin=R316-1
Added Pin To Net: NetName=MIPI_D0_N Pin=R316-2
Added Pin To Net: NetName=GND Pin=R317-2
Added Pin To Net: NetName=SOM_CAM_D0_P Pin=R318-1
Added Pin To Net: NetName=MIPI_D0_P Pin=R318-2
Added Pin To Net: NetName=SOM_CAM_D1_N Pin=R319-1
Added Pin To Net: NetName=MIPI_D1_N Pin=R319-2
Added Pin To Net: NetName=SOM_CAM_D1_P Pin=R320-1
Added Pin To Net: NetName=MIPI_D1_P Pin=R320-2
Added Pin To Net: NetName=GND Pin=R321-1
Added Pin To Net: NetName=GND Pin=R323-1
Added Pin To Net: NetName=VDD_3V3 Pin=R329-1
Added Pin To Net: NetName=VDD_3V3 Pin=R330-1
Added Pin To Net: NetName=MCP16502_HPM Pin=R333-2
Added Pin To Net: NetName=SHDN Pin=R335-2
Added Pin To Net: NetName=VDD_3V3 Pin=R336-1
Added Pin To Net: NetName=VDD_3V3 Pin=R337-1
Added Pin To Net: NetName=GND Pin=R338-2
Added Pin To Net: NetName=VDD_3V3 Pin=R339-2
Added Pin To Net: NetName=VDD_3V3 Pin=R340-2
Added Pin To Net: NetName=WKUP Pin=R342-1
Added Pin To Net: NetName=GND Pin=R348-1
Added Pin To Net: NetName=VDD_3V3 Pin=R350-2
Added Pin To Net: NetName=VDD_3V3 Pin=R353-1
Added Pin To Net: NetName=SOM_SDMMC0_OUT_CK Pin=R355-1
Added Pin To Net: NetName=_PA0 Pin=R355-2
Added Pin To Net: NetName=OBC_VS_SOM_SPI_SG_CS Pin=R356-1
Added Pin To Net: NetName=_PB0 Pin=R356-2
Added Pin To Net: NetName=SOM_SDMMC0_OUT_CMD Pin=R357-1
Added Pin To Net: NetName=_PA1 Pin=R357-2
Added Pin To Net: NetName=OBC_VS_SOM_SPI_SG_MISO Pin=R358-1
Added Pin To Net: NetName=_PB1 Pin=R358-2
Added Pin To Net: NetName=SOM_PHOTO_SW_nCS Pin=R359-1
Added Pin To Net: NetName=_PE2 Pin=R359-2
Added Pin To Net: NetName=SOM_EMMC_nRST Pin=R360-1
Added Pin To Net: NetName=_PA2 Pin=R360-2
Added Pin To Net: NetName=OBC_VS_SOM_SPI_SG_MOSI Pin=R361-1
Added Pin To Net: NetName=_PB2 Pin=R361-2
Added Pin To Net: NetName=SOM_PHOTO_SPI_MOSI Pin=R362-1
Added Pin To Net: NetName=_PE3 Pin=R362-2
Added Pin To Net: NetName=SOM_SDMMC0_OUT_D0 Pin=R363-1
Added Pin To Net: NetName=_PA3 Pin=R363-2
Added Pin To Net: NetName=SOM_PHOTO_SPI_MISO Pin=R364-1
Added Pin To Net: NetName=_PE4 Pin=R364-2
Added Pin To Net: NetName=SOM_SDMMC0_OUT_D1 Pin=R365-1
Added Pin To Net: NetName=_PA4 Pin=R365-2
Added Pin To Net: NetName=SOM_USB_SW_nOE Pin=R366-1
Added Pin To Net: NetName=_PB4 Pin=R366-2
Added Pin To Net: NetName=SOM_PHOTO_SPI_SCK Pin=R367-1
Added Pin To Net: NetName=_PE5 Pin=R367-2
Added Pin To Net: NetName=SOM_SDMMC0_OUT_D2 Pin=R368-1
Added Pin To Net: NetName=_PA5 Pin=R368-2
Added Pin To Net: NetName=SOM_USB_SW_SEL0 Pin=R369-1
Added Pin To Net: NetName=_PB5 Pin=R369-2
Added Pin To Net: NetName=SOM_PHOTO_ADC_nCS Pin=R370-1
Added Pin To Net: NetName=_PE6 Pin=R370-2
Added Pin To Net: NetName=SOM_SDMMC0_OUT_D3 Pin=R371-1
Added Pin To Net: NetName=_PA6 Pin=R371-2
Added Pin To Net: NetName=SOM_USB_SW_SEL1 Pin=R372-1
Added Pin To Net: NetName=_PB6 Pin=R372-2
Added Pin To Net: NetName=SOM_SDMMC0_OUT_D4 Pin=R373-1
Added Pin To Net: NetName=_PA7 Pin=R373-2
Added Pin To Net: NetName=SOM_USB_PWR_EN1 Pin=R374-1
Added Pin To Net: NetName=_PB7 Pin=R374-2
Added Pin To Net: NetName=SOM_SDMMC0_OUT_D5 Pin=R375-1
Added Pin To Net: NetName=_PA8 Pin=R375-2
Added Pin To Net: NetName=SOM_USB_PWR_EN2 Pin=R376-1
Added Pin To Net: NetName=_PB8 Pin=R376-2
Added Pin To Net: NetName=SOM_SDMMC0_OUT_D6 Pin=R377-1
Added Pin To Net: NetName=_PA9 Pin=R377-2
Added Pin To Net: NetName=SOM_MRAM_QSPI_IO3 Pin=R378-1
Added Pin To Net: NetName=_PB9 Pin=R378-2
Added Pin To Net: NetName=SOM_SDMMC0_OUT_D7 Pin=R379-1
Added Pin To Net: NetName=_PA10 Pin=R379-2
Added Pin To Net: NetName=SOM_MRAM_QSPI_IO2 Pin=R380-1
Added Pin To Net: NetName=_PB10 Pin=R380-2
Added Pin To Net: NetName=SOM_SDMMC0_OUT_DS Pin=R381-1
Added Pin To Net: NetName=_PA11 Pin=R381-2
Added Pin To Net: NetName=SOM_MRAM_QSPI_IO1 Pin=R382-1
Added Pin To Net: NetName=_PB11 Pin=R382-2
Added Pin To Net: NetName=SOM_MRAM_QSPI_IO0 Pin=R383-1
Added Pin To Net: NetName=_PB12 Pin=R383-2
Added Pin To Net: NetName=SOM_RAM_QSPI_nCS Pin=R384-1
Added Pin To Net: NetName=_PB13 Pin=R384-2
Added Pin To Net: NetName=SOM_MRAM_QSPI_CLK Pin=R385-1
Added Pin To Net: NetName=_PB14 Pin=R385-2
Added Pin To Net: NetName=MCP16502_HPM Pin=R386-1
Added Pin To Net: NetName=SOM_PHOTO_ADC_CONV Pin=R387-1
Added Pin To Net: NetName=_PA17 Pin=R387-2
Added Pin To Net: NetName=MCU_SOM_GPIO_B Pin=R388-1
Added Pin To Net: NetName=_PA18 Pin=R388-2
Added Pin To Net: NetName=SOM_USB_LED_2 Pin=R389-1
Added Pin To Net: NetName=_PA20 Pin=R389-2
Added Pin To Net: NetName=_PC3 Pin=R390-1
Added Pin To Net: NetName=VDD_3V3 Pin=R390-2
Added Pin To Net: NetName=_PC3 Pin=R391-2
Added Pin To Net: NetName=MCU_SOM_GPIO_A Pin=R392-1
Added Pin To Net: NetName=_PA22 Pin=R392-2
Added Pin To Net: NetName=_PC4 Pin=R393-1
Added Pin To Net: NetName=VDD_3V3 Pin=R393-2
Added Pin To Net: NetName=GND Pin=R394-1
Added Pin To Net: NetName=_PC4 Pin=R394-2
Added Pin To Net: NetName=SOM_PRAM_SPI_SCK Pin=R395-1
Added Pin To Net: NetName=_PA26 Pin=R395-2
Added Pin To Net: NetName=SOM_PRAM_nCS Pin=R456-1
Added Pin To Net: NetName=_PA27 Pin=R456-2
Added Pin To Net: NetName=SOM_PRAM_SPI_MOSI Pin=R457-1
Added Pin To Net: NetName=_PA28 Pin=R457-2
Added Pin To Net: NetName=SOM_PRAM_SPI_MISO Pin=R458-1
Added Pin To Net: NetName=_PA29 Pin=R458-2
Added Pin To Net: NetName=SD2_CMD Pin=R459-1
Added Pin To Net: NetName=_PB29 Pin=R459-2
Added Pin To Net: NetName=_PC5 Pin=R460-1
Added Pin To Net: NetName=VDD_3V3 Pin=R460-2
Added Pin To Net: NetName=GND Pin=R461-1
Added Pin To Net: NetName=_PC5 Pin=R461-2
Added Pin To Net: NetName=SD2_CLK Pin=R485-1
Added Pin To Net: NetName=_PB30 Pin=R485-2
Added Pin To Net: NetName=OBC_VS_SOM_SPI_SG_SCK Pin=R486-1
Added Pin To Net: NetName=_PA31 Pin=R486-2
Added Pin To Net: NetName=SD2_DATA0 Pin=R487-1
Added Pin To Net: NetName=_PB31 Pin=R487-2
Added Pin To Net: NetName=_PA12 Pin=R488-1
Added Pin To Net: NetName=GND Pin=R505-1
Added Pin To Net: NetName=_PA12 Pin=R505-2
Added Pin To Net: NetName=_PA13 Pin=R506-1
Added Pin To Net: NetName=GND Pin=R507-1
Added Pin To Net: NetName=_PA13 Pin=R507-2
Added Pin To Net: NetName=_PA14 Pin=R508-1
Added Pin To Net: NetName=GND Pin=R509-1
Added Pin To Net: NetName=_PA14 Pin=R509-2
Added Pin To Net: NetName=SD2_DATA1 Pin=R510-1
Added Pin To Net: NetName=_PC0 Pin=R510-2
Added Pin To Net: NetName=SD2_DATA2 Pin=R511-1
Added Pin To Net: NetName=_PC1 Pin=R511-2
Added Pin To Net: NetName=SD2_DATA3 Pin=R512-1
Added Pin To Net: NetName=_PC2 Pin=R512-2
Added Pin To Net: NetName=SD2_nCD Pin=R513-1
Added Pin To Net: NetName=_PC4 Pin=R513-2
Added Pin To Net: NetName=_PC9 Pin=R514-2
Added Pin To Net: NetName=_PC10 Pin=R515-2
Added Pin To Net: NetName=SOM_CONSOLE_TX Pin=R516-1
Added Pin To Net: NetName=_PC11 Pin=R516-2
Added Pin To Net: NetName=SOM_CANTX0 Pin=R517-1
Added Pin To Net: NetName=_PD12 Pin=R517-2
Added Pin To Net: NetName=SOM_CONSOLE_RX Pin=R518-1
Added Pin To Net: NetName=_PC12 Pin=R518-2
Added Pin To Net: NetName=SOM_CANRX0 Pin=R519-1
Added Pin To Net: NetName=_PD13 Pin=R519-2
Added Pin To Net: NetName=SOM_CAM_I2C_SCL Pin=R520-1
Added Pin To Net: NetName=_PC13 Pin=R520-2
Added Pin To Net: NetName=SOM_CANTX1 Pin=R521-1
Added Pin To Net: NetName=_PD14 Pin=R521-2
Added Pin To Net: NetName=SOM_CAM_I2C_SDA Pin=R522-1
Added Pin To Net: NetName=_PC14 Pin=R522-2
Added Pin To Net: NetName=SOM_CANRX1 Pin=R523-1
Added Pin To Net: NetName=_PD15 Pin=R523-2
Added Pin To Net: NetName=SOM_PHOTO_ADC_EOC Pin=R524-1
Added Pin To Net: NetName=_PC15 Pin=R524-2
Added Pin To Net: NetName=MCU_UART1_RX_SOM_TX Pin=R525-1
Added Pin To Net: NetName=_PD16 Pin=R525-2
Added Pin To Net: NetName=MCU_UART1_TX_SOM_RX Pin=R527-1
Added Pin To Net: NetName=_PD17 Pin=R527-2
Added Pin To Net: NetName=MCU_UART0_RX_SOM_TX Pin=R528-1
Added Pin To Net: NetName=_PD18 Pin=R528-2
Added Pin To Net: NetName=MCU_UART0_TX_SOM_RX Pin=R529-1
Added Pin To Net: NetName=_PD19 Pin=R529-2
Added Pin To Net: NetName=SOM_USB_LED_1 Pin=R530-1
Added Pin To Net: NetName=_PD28 Pin=R530-2
Added Pin To Net: NetName=MCP16502_HPM Pin=R533-2
Added Pin To Net: NetName=NTRST_PC25 Pin=R534-1
Added Pin To Net: NetName=VDD_3V3 Pin=R534-2
Added Pin To Net: NetName=VDD_3V3 Pin=R535-2
Added Pin To Net: NetName=MCP16502_HPM Pin=R536-1
Added Pin To Net: NetName=GND Pin=R536-2
Add Pin To Net: Unknown Pin: Pin R537-2
Add Pin To Net: Unknown Pin: Pin R538-2
Added Pin To Net: NetName=GND Pin=R539-2
Added Pin To Net: NetName=GND Pin=R541-1
Added Pin To Net: NetName=GND Pin=R543-2
Add Pin To Net: Unknown Pin: Pin TP6-1
Add Pin To Net: Unknown Pin: Pin TP12-1
Add Pin To Net: Unknown Pin: Pin TP13-1
Add Pin To Net: Unknown Pin: Pin TP15-1
Add Pin To Net: Unknown Pin: Pin TP25-1
Add Pin To Net: Unknown Pin: Pin TP26-1
Add Pin To Net: Unknown Pin: Pin TP27-1
Add Pin To Net: Unknown Pin: Pin TP28-1
Add Pin To Net: Unknown Pin: Pin U25-1
Add Pin To Net: Unknown Pin: Pin U25-2
Add Pin To Net: Unknown Pin: Pin U25-3
Add Pin To Net: Unknown Pin: Pin U25-4
Add Pin To Net: Unknown Pin: Pin U25-5
Add Pin To Net: Unknown Pin: Pin U25-6
Add Pin To Net: Unknown Pin: Pin U25-7
Add Pin To Net: Unknown Pin: Pin U25-8
Add Pin To Net: Unknown Pin: Pin U25-9
Add Pin To Net: Unknown Pin: Pin U26-1
Add Pin To Net: Unknown Pin: Pin U26-2
Add Pin To Net: Unknown Pin: Pin U26-3
Add Pin To Net: Unknown Pin: Pin U26-4
Add Pin To Net: Unknown Pin: Pin U26-5
Add Pin To Net: Unknown Pin: Pin U26-6
Add Pin To Net: Unknown Pin: Pin U26-7
Add Pin To Net: Unknown Pin: Pin U26-8
Add Pin To Net: Unknown Pin: Pin U26-9
Add Pin To Net: Unknown Pin: Pin U27-1
Add Pin To Net: Unknown Pin: Pin U27-2
Add Pin To Net: Unknown Pin: Pin U27-3
Add Pin To Net: Unknown Pin: Pin U27-4
Add Pin To Net: Unknown Pin: Pin U27-5
Add Pin To Net: Unknown Pin: Pin U27-6
Add Pin To Net: Unknown Pin: Pin U27-7
Add Pin To Net: Unknown Pin: Pin U27-8
Add Pin To Net: Unknown Pin: Pin U27-9
Add Pin To Net: Unknown Pin: Pin U28-1
Add Pin To Net: Unknown Pin: Pin U28-2
Add Pin To Net: Unknown Pin: Pin U28-3
Add Pin To Net: Unknown Pin: Pin U28-4
Add Pin To Net: Unknown Pin: Pin U28-5
Add Pin To Net: Unknown Pin: Pin U28-6
Add Pin To Net: Unknown Pin: Pin U28-7
Add Pin To Net: Unknown Pin: Pin U28-8
Add Pin To Net: Unknown Pin: Pin U28-9
Add Pin To Net: Unknown Pin: Pin U29-A1
Add Pin To Net: Unknown Pin: Pin U29-A2
Add Pin To Net: Unknown Pin: Pin U29-A4
Add Pin To Net: Unknown Pin: Pin U29-A5
Add Pin To Net: Unknown Pin: Pin U29-A6
Add Pin To Net: Unknown Pin: Pin U29-A7
Add Pin To Net: Unknown Pin: Pin U29-A8
Add Pin To Net: Unknown Pin: Pin U29-A9
Add Pin To Net: Unknown Pin: Pin U29-A11
Add Pin To Net: Unknown Pin: Pin U29-A13
Add Pin To Net: Unknown Pin: Pin U29-A14
Add Pin To Net: Unknown Pin: Pin U29-A17
Add Pin To Net: Unknown Pin: Pin U29-A18
Add Pin To Net: Unknown Pin: Pin U29-A21
Add Pin To Net: Unknown Pin: Pin U29-AA1
Add Pin To Net: Unknown Pin: Pin U29-AA8
Add Pin To Net: Unknown Pin: Pin U29-AA11
Add Pin To Net: Unknown Pin: Pin U29-AA14
Add Pin To Net: Unknown Pin: Pin U29-AA15
Add Pin To Net: Unknown Pin: Pin U29-AA16
Add Pin To Net: Unknown Pin: Pin U29-AA17
Add Pin To Net: Unknown Pin: Pin U29-AA20
Add Pin To Net: Unknown Pin: Pin U29-AA21
Add Pin To Net: Unknown Pin: Pin U29-B1
Add Pin To Net: Unknown Pin: Pin U29-B4
Add Pin To Net: Unknown Pin: Pin U29-B6
Add Pin To Net: Unknown Pin: Pin U29-B9
Add Pin To Net: Unknown Pin: Pin U29-B16
Add Pin To Net: Unknown Pin: Pin U29-B19
Add Pin To Net: Unknown Pin: Pin U29-B21
Add Pin To Net: Unknown Pin: Pin U29-C1
Add Pin To Net: Unknown Pin: Pin U29-C15
Add Pin To Net: Unknown Pin: Pin U29-C19
Add Pin To Net: Unknown Pin: Pin U29-C21
Add Pin To Net: Unknown Pin: Pin U29-D1
Add Pin To Net: Unknown Pin: Pin U29-D6
Add Pin To Net: Unknown Pin: Pin U29-D9
Add Pin To Net: Unknown Pin: Pin U29-D13
Add Pin To Net: Unknown Pin: Pin U29-D15
Add Pin To Net: Unknown Pin: Pin U29-D18
Add Pin To Net: Unknown Pin: Pin U29-D20
Add Pin To Net: Unknown Pin: Pin U29-E1
Add Pin To Net: Unknown Pin: Pin U29-E7
Add Pin To Net: Unknown Pin: Pin U29-E15
Add Pin To Net: Unknown Pin: Pin U29-E21
Add Pin To Net: Unknown Pin: Pin U29-F1
Add Pin To Net: Unknown Pin: Pin U29-F2
Add Pin To Net: Unknown Pin: Pin U29-F5
Add Pin To Net: Unknown Pin: Pin U29-F8
Add Pin To Net: Unknown Pin: Pin U29-F17
Add Pin To Net: Unknown Pin: Pin U29-F20
Add Pin To Net: Unknown Pin: Pin U29-G1
Add Pin To Net: Unknown Pin: Pin U29-G2
Add Pin To Net: Unknown Pin: Pin U29-G5
Add Pin To Net: Unknown Pin: Pin U29-G7
Add Pin To Net: Unknown Pin: Pin U29-G10
Add Pin To Net: Unknown Pin: Pin U29-G11
Add Pin To Net: Unknown Pin: Pin U29-G13
Add Pin To Net: Unknown Pin: Pin U29-G15
Add Pin To Net: Unknown Pin: Pin U29-G17
Add Pin To Net: Unknown Pin: Pin U29-G18
Add Pin To Net: Unknown Pin: Pin U29-G20
Add Pin To Net: Unknown Pin: Pin U29-G21
Add Pin To Net: Unknown Pin: Pin U29-H1
Add Pin To Net: Unknown Pin: Pin U29-H5
Add Pin To Net: Unknown Pin: Pin U29-H6
Add Pin To Net: Unknown Pin: Pin U29-H7
Add Pin To Net: Unknown Pin: Pin U29-H8
Add Pin To Net: Unknown Pin: Pin U29-H9
Add Pin To Net: Unknown Pin: Pin U29-H10
Add Pin To Net: Unknown Pin: Pin U29-H11
Add Pin To Net: Unknown Pin: Pin U29-H14
Add Pin To Net: Unknown Pin: Pin U29-H16
Add Pin To Net: Unknown Pin: Pin U29-H17
Add Pin To Net: Unknown Pin: Pin U29-H18
Add Pin To Net: Unknown Pin: Pin U29-H21
Add Pin To Net: Unknown Pin: Pin U29-J4
Add Pin To Net: Unknown Pin: Pin U29-J8
Add Pin To Net: Unknown Pin: Pin U29-J12
Add Pin To Net: Unknown Pin: Pin U29-J15
Add Pin To Net: Unknown Pin: Pin U29-J18
Add Pin To Net: Unknown Pin: Pin U29-K9
Add Pin To Net: Unknown Pin: Pin U29-K10
Add Pin To Net: Unknown Pin: Pin U29-K11
Add Pin To Net: Unknown Pin: Pin U29-K13
Add Pin To Net: Unknown Pin: Pin U29-K14
Add Pin To Net: Unknown Pin: Pin U29-L1
Add Pin To Net: Unknown Pin: Pin U29-L7
Add Pin To Net: Unknown Pin: Pin U29-L11
Add Pin To Net: Unknown Pin: Pin U29-L13
Add Pin To Net: Unknown Pin: Pin U29-L14
Add Pin To Net: Unknown Pin: Pin U29-L15
Add Pin To Net: Unknown Pin: Pin U29-L21
Add Pin To Net: Unknown Pin: Pin U29-M10
Add Pin To Net: Unknown Pin: Pin U29-M15
Add Pin To Net: Unknown Pin: Pin U29-N4
Add Pin To Net: Unknown Pin: Pin U29-N11
Add Pin To Net: Unknown Pin: Pin U29-N14
Add Pin To Net: Unknown Pin: Pin U29-N18
Add Pin To Net: Unknown Pin: Pin U29-N20
Add Pin To Net: Unknown Pin: Pin U29-N21
Add Pin To Net: Unknown Pin: Pin U29-P1
Add Pin To Net: Unknown Pin: Pin U29-P8
Add Pin To Net: Unknown Pin: Pin U29-P12
Add Pin To Net: Unknown Pin: Pin U29-P14
Add Pin To Net: Unknown Pin: Pin U29-P15
Add Pin To Net: Unknown Pin: Pin U29-P17
Add Pin To Net: Unknown Pin: Pin U29-P18
Add Pin To Net: Unknown Pin: Pin U29-P21
Add Pin To Net: Unknown Pin: Pin U29-R5
Add Pin To Net: Unknown Pin: Pin U29-R7
Add Pin To Net: Unknown Pin: Pin U29-R9
Add Pin To Net: Unknown Pin: Pin U29-R11
Add Pin To Net: Unknown Pin: Pin U29-R12
Add Pin To Net: Unknown Pin: Pin U29-R14
Add Pin To Net: Unknown Pin: Pin U29-R15
Add Pin To Net: Unknown Pin: Pin U29-R16
Add Pin To Net: Unknown Pin: Pin U29-R17
Add Pin To Net: Unknown Pin: Pin U29-R18
Add Pin To Net: Unknown Pin: Pin U29-R20
Add Pin To Net: Unknown Pin: Pin U29-R21
Add Pin To Net: Unknown Pin: Pin U29-T5
Add Pin To Net: Unknown Pin: Pin U29-T14
Add Pin To Net: Unknown Pin: Pin U29-T17
Add Pin To Net: Unknown Pin: Pin U29-T18
Add Pin To Net: Unknown Pin: Pin U29-T19
Add Pin To Net: Unknown Pin: Pin U29-T20
Add Pin To Net: Unknown Pin: Pin U29-T21
Add Pin To Net: Unknown Pin: Pin U29-U1
Add Pin To Net: Unknown Pin: Pin U29-U7
Add Pin To Net: Unknown Pin: Pin U29-U15
Add Pin To Net: Unknown Pin: Pin U29-U18
Add Pin To Net: Unknown Pin: Pin U29-U21
Add Pin To Net: Unknown Pin: Pin U29-V9
Add Pin To Net: Unknown Pin: Pin U29-V13
Add Pin To Net: Unknown Pin: Pin U29-V14
Add Pin To Net: Unknown Pin: Pin U29-V16
Add Pin To Net: Unknown Pin: Pin U29-V17
Add Pin To Net: Unknown Pin: Pin U29-V18
Add Pin To Net: Unknown Pin: Pin U29-W5
Add Pin To Net: Unknown Pin: Pin U29-W16
Add Pin To Net: Unknown Pin: Pin U29-W18
Add Pin To Net: Unknown Pin: Pin U29-W19
Add Pin To Net: Unknown Pin: Pin U29-W20
Add Pin To Net: Unknown Pin: Pin U29-W21
Add Pin To Net: Unknown Pin: Pin U29-Y16
Add Pin To Net: Unknown Pin: Pin U29-Y18
Add Pin To Net: Unknown Pin: Pin U29-Y21
Add Pin To Net: Unknown Pin: Pin U51-3
Add Pin To Net: Unknown Pin: Pin U51-7
Add Pin To Net: Unknown Pin: Pin U51-9
Add Pin To Net: Unknown Pin: Pin U51-12
Add Pin To Net: Unknown Pin: Pin U51-13
Add Pin To Net: Unknown Pin: Pin U51-19
Add Pin To Net: Unknown Pin: Pin U51-21
Add Pin To Net: Unknown Pin: Pin U51-28
Add Pin To Net: Unknown Pin: Pin U51-29
Add Pin To Net: Unknown Pin: Pin U51-33
Add Pin To Net: Unknown Pin: Pin U52-2
Add Pin To Net: Unknown Pin: Pin U52-3
Add Pin To Net: Unknown Pin: Pin U52-15
Add Pin To Net: Unknown Pin: Pin U52-17
Added Pin To Net: NetName=GND Pin=U53-A9
Added Pin To Net: NetName=GND Pin=U53-B1
Added Pin To Net: NetName=GND Pin=U53-B3
Added Pin To Net: NetName=GND Pin=U53-B9
Added Pin To Net: NetName=GND Pin=U53-D1
Added Pin To Net: NetName=GND Pin=U53-D8
Added Pin To Net: NetName=GND Pin=U53-E1
Added Pin To Net: NetName=GND Pin=U53-E2
Added Pin To Net: NetName=GND Pin=U53-E8
Added Pin To Net: NetName=GND Pin=U53-F9
Added Pin To Net: NetName=GND Pin=U53-G1
Added Pin To Net: NetName=GND Pin=U53-G8
Added Pin To Net: NetName=GND Pin=U53-G9
Added Pin To Net: NetName=GND Pin=U53-J2
Added Pin To Net: NetName=GND Pin=U53-J8
Added Pin To Net: NetName=GND Pin=U53-M1
Added Pin To Net: NetName=GND Pin=U53-M9
Added Pin To Net: NetName=GND Pin=U53-P1
Added Pin To Net: NetName=GND Pin=U53-P9
Added Pin To Net: NetName=GND Pin=U53-T1
Added Pin To Net: NetName=GND Pin=U53-T9
Add Pin To Net: Unknown Pin: Pin Y2-2
Add Pin To Net: Unknown Pin: Pin Y2-4
Add Pin To Net: Unknown Pin: Pin Y3-2
Add Pin To Net: Unknown Pin: Pin Y3-4
Add Pin To Net: Unknown Pin: Pin Y4-1
Add Pin To Net: Unknown Pin: Pin Y4-2
Add Pin To Net: Unknown Pin: Pin Y4-4
Added Pin To Net: NetName=+3.3V_SOM Pin=R488-2
Added Pin To Net: NetName=+3.3V_SOM Pin=R506-2
Added Pin To Net: NetName=+3.3V_SOM Pin=R508-2
Added Net: Name=+3.3V_SOM
Added Pin To Net: NetName=+5V_SOM Pin=R533-1
Added Net: Name=+5V_SOM
Added Pin To Net: NetName=5V_MAIN Pin=R346-2
Added Net: Name=5V_MAIN
Added Net: Name=_PD22
Added Net: Name=_PD23
Added Pin To Net: NetName=DDR_A0 Pin=U53-N3
Added Net: Name=DDR_A0
Added Pin To Net: NetName=DDR_A1 Pin=U53-P7
Added Net: Name=DDR_A1
Added Pin To Net: NetName=DDR_A2 Pin=U53-P3
Added Net: Name=DDR_A2
Added Pin To Net: NetName=DDR_A3 Pin=U53-N2
Added Net: Name=DDR_A3
Added Pin To Net: NetName=DDR_A4 Pin=U53-P8
Added Net: Name=DDR_A4
Added Pin To Net: NetName=DDR_A5 Pin=U53-P2
Added Net: Name=DDR_A5
Added Pin To Net: NetName=DDR_A6 Pin=U53-R8
Added Net: Name=DDR_A6
Added Pin To Net: NetName=DDR_A7 Pin=U53-R2
Added Net: Name=DDR_A7
Added Pin To Net: NetName=DDR_A8 Pin=U53-T8
Added Net: Name=DDR_A8
Added Pin To Net: NetName=DDR_A9 Pin=U53-R3
Added Net: Name=DDR_A9
Added Pin To Net: NetName=DDR_A10 Pin=U53-L7
Added Net: Name=DDR_A10
Added Pin To Net: NetName=DDR_A11 Pin=U53-R7
Added Net: Name=DDR_A11
Added Pin To Net: NetName=DDR_A12 Pin=U53-N7
Added Net: Name=DDR_A12
Added Pin To Net: NetName=DDR_A13 Pin=U53-T3
Added Net: Name=DDR_A13
Added Pin To Net: NetName=DDR_A14 Pin=U53-T7
Added Net: Name=DDR_A14
Added Pin To Net: NetName=DDR_A15 Pin=U53-M7
Added Net: Name=DDR_A15
Added Pin To Net: NetName=DDR_BA0 Pin=U53-M2
Added Net: Name=DDR_BA0
Added Pin To Net: NetName=DDR_BA1 Pin=U53-N8
Added Net: Name=DDR_BA1
Added Pin To Net: NetName=DDR_BA2 Pin=U53-M3
Added Net: Name=DDR_BA2
Added Pin To Net: NetName=DDR_CAS Pin=U53-K3
Added Net: Name=DDR_CAS
Added Pin To Net: NetName=DDR_CK_N Pin=U53-K7
Added Net: Name=DDR_CK_N
Added Pin To Net: NetName=DDR_CK_P Pin=U53-J7
Added Net: Name=DDR_CK_P
Added Pin To Net: NetName=DDR_CKE Pin=U53-K9
Added Net: Name=DDR_CKE
Added Pin To Net: NetName=DDR_CS Pin=U53-L2
Added Net: Name=DDR_CS
Added Pin To Net: NetName=DDR_D0 Pin=U53-E3
Added Net: Name=DDR_D0
Added Pin To Net: NetName=DDR_D1 Pin=U53-F7
Added Net: Name=DDR_D1
Added Pin To Net: NetName=DDR_D2 Pin=U53-F2
Added Net: Name=DDR_D2
Added Pin To Net: NetName=DDR_D3 Pin=U53-F8
Added Net: Name=DDR_D3
Added Pin To Net: NetName=DDR_D4 Pin=U53-H3
Added Net: Name=DDR_D4
Added Pin To Net: NetName=DDR_D5 Pin=U53-H8
Added Net: Name=DDR_D5
Added Pin To Net: NetName=DDR_D6 Pin=U53-G2
Added Net: Name=DDR_D6
Added Pin To Net: NetName=DDR_D7 Pin=U53-H7
Added Net: Name=DDR_D7
Added Pin To Net: NetName=DDR_D8 Pin=U53-D7
Added Net: Name=DDR_D8
Added Pin To Net: NetName=DDR_D9 Pin=U53-C3
Added Net: Name=DDR_D9
Added Pin To Net: NetName=DDR_D10 Pin=U53-C8
Added Net: Name=DDR_D10
Added Pin To Net: NetName=DDR_D11 Pin=U53-C2
Added Net: Name=DDR_D11
Added Pin To Net: NetName=DDR_D12 Pin=U53-A7
Added Net: Name=DDR_D12
Added Pin To Net: NetName=DDR_D13 Pin=U53-A2
Added Net: Name=DDR_D13
Added Pin To Net: NetName=DDR_D14 Pin=U53-B8
Added Net: Name=DDR_D14
Added Pin To Net: NetName=DDR_D15 Pin=U53-A3
Added Net: Name=DDR_D15
Added Pin To Net: NetName=DDR_DQM0 Pin=U53-E7
Added Net: Name=DDR_DQM0
Added Pin To Net: NetName=DDR_DQM1 Pin=U53-D3
Added Net: Name=DDR_DQM1
Added Pin To Net: NetName=DDR_DQS0_N Pin=U53-G3
Added Net: Name=DDR_DQS0_N
Added Pin To Net: NetName=DDR_DQS0_P Pin=U53-F3
Added Net: Name=DDR_DQS0_P
Added Pin To Net: NetName=DDR_DQS1_N Pin=U53-B7
Added Net: Name=DDR_DQS1_N
Added Pin To Net: NetName=DDR_DQS1_P Pin=U53-C7
Added Net: Name=DDR_DQS1_P
Added Pin To Net: NetName=DDR_ODT Pin=U53-K1
Added Net: Name=DDR_ODT
Added Pin To Net: NetName=DDR_RAS Pin=U53-J3
Added Net: Name=DDR_RAS
Added Pin To Net: NetName=DDR_RESET Pin=R540-2
Added Pin To Net: NetName=DDR_RESET Pin=U53-T2
Added Net: Name=DDR_RESET
Added Pin To Net: NetName=DDR_VREF Pin=C321-1
Added Pin To Net: NetName=DDR_VREF Pin=C329-2
Added Pin To Net: NetName=DDR_VREF Pin=C337-1
Added Pin To Net: NetName=DDR_VREF Pin=C341-1
Added Pin To Net: NetName=DDR_VREF Pin=C342-1
Added Pin To Net: NetName=DDR_VREF Pin=R542-2
Added Pin To Net: NetName=DDR_VREF Pin=R543-1
Added Pin To Net: NetName=DDR_VREF Pin=U53-H1
Added Pin To Net: NetName=DDR_VREF Pin=U53-M8
Added Net: Name=DDR_VREF
Added Pin To Net: NetName=DDR_WE Pin=U53-L3
Added Net: Name=DDR_WE
Added Pin To Net: NetName=DDR_ZQ Pin=R541-2
Added Net: Name=DDR_ZQ
Added Pin To Net: NetName=LPM Pin=R331-1
Added Net: Name=LPM
Added Pin To Net: NetName=MCU_STATUS_LED_1 Pin=DS11-1
Added Pin To Net: NetName=MCU_STATUS_LED_1 Pin=R94-1
Added Net: Name=MCU_STATUS_LED_1
Added Pin To Net: NetName=NetC300_2 Pin=C300-2
Added Pin To Net: NetName=NetC300_2 Pin=R339-1
Added Pin To Net: NetName=NetC300_2 Pin=R402-1
Added Pin To Net: NetName=NetC300_2 Pin=R535-1
Added Net: Name=NetC300_2
Added Pin To Net: NetName=NetC301_2 Pin=C301-2
Added Pin To Net: NetName=NetC301_2 Pin=C302-2
Added Pin To Net: NetName=NetC301_2 Pin=U53-B2
Added Net: Name=NetC301_2
Added Pin To Net: NetName=NetC303_2 Pin=C303-2
Added Pin To Net: NetName=NetC303_2 Pin=U53-D9
Added Net: Name=NetC303_2
Added Pin To Net: NetName=NetC304_2 Pin=C304-2
Added Pin To Net: NetName=NetC304_2 Pin=U53-G7
Added Net: Name=NetC304_2
Added Pin To Net: NetName=NetC305_2 Pin=C305-2
Added Pin To Net: NetName=NetC305_2 Pin=U53-K8
Added Net: Name=NetC305_2
Added Pin To Net: NetName=NetC306_2 Pin=C306-2
Added Pin To Net: NetName=NetC306_2 Pin=U53-K2
Added Net: Name=NetC306_2
Added Pin To Net: NetName=NetC307_2 Pin=C307-2
Added Pin To Net: NetName=NetC307_2 Pin=U53-R9
Added Net: Name=NetC307_2
Added Pin To Net: NetName=NetC308_2 Pin=C308-2
Added Pin To Net: NetName=NetC308_2 Pin=U53-R1
Added Net: Name=NetC308_2
Added Pin To Net: NetName=NetC309_2 Pin=C309-2
Added Pin To Net: NetName=NetC309_2 Pin=U53-N9
Added Net: Name=NetC309_2
Added Pin To Net: NetName=NetC310_2 Pin=C310-2
Added Pin To Net: NetName=NetC310_2 Pin=U53-N1
Added Net: Name=NetC310_2
Added Pin To Net: NetName=NetC311_2 Pin=C311-2
Added Pin To Net: NetName=NetC311_2 Pin=U53-A1
Added Net: Name=NetC311_2
Added Pin To Net: NetName=NetC312_2 Pin=C312-2
Added Pin To Net: NetName=NetC312_2 Pin=U53-A8
Added Net: Name=NetC312_2
Added Pin To Net: NetName=NetC313_2 Pin=C313-2
Added Pin To Net: NetName=NetC313_2 Pin=U53-C1
Added Net: Name=NetC313_2
Added Pin To Net: NetName=NetC314_2 Pin=C314-2
Added Pin To Net: NetName=NetC314_2 Pin=U53-C9
Added Net: Name=NetC314_2
Added Pin To Net: NetName=NetC315_2 Pin=C315-2
Added Pin To Net: NetName=NetC315_2 Pin=U53-D2
Added Net: Name=NetC315_2
Added Pin To Net: NetName=NetC316_2 Pin=C316-2
Added Pin To Net: NetName=NetC316_2 Pin=U53-E9
Added Net: Name=NetC316_2
Added Pin To Net: NetName=NetC317_2 Pin=C317-2
Added Pin To Net: NetName=NetC317_2 Pin=U53-F1
Added Net: Name=NetC317_2
Added Pin To Net: NetName=NetC318_2 Pin=C318-2
Added Pin To Net: NetName=NetC318_2 Pin=U53-H2
Added Net: Name=NetC318_2
Added Pin To Net: NetName=NetC319_2 Pin=C319-2
Added Pin To Net: NetName=NetC319_2 Pin=C320-2
Added Pin To Net: NetName=NetC319_2 Pin=U53-H9
Added Net: Name=NetC319_2
Added Pin To Net: NetName=NetC322_1 Pin=C322-1
Added Net: Name=NetC322_1
Added Pin To Net: NetName=NetC323_1 Pin=C323-1
Added Pin To Net: NetName=NetC323_1 Pin=C324-1
Added Pin To Net: NetName=NetC323_1 Pin=C325-1
Added Pin To Net: NetName=NetC323_1 Pin=C326-1
Added Pin To Net: NetName=NetC323_1 Pin=C327-1
Added Pin To Net: NetName=NetC323_1 Pin=C328-1
Added Pin To Net: NetName=NetC323_1 Pin=C330-1
Added Pin To Net: NetName=NetC323_1 Pin=C331-1
Added Pin To Net: NetName=NetC323_1 Pin=C332-1
Added Pin To Net: NetName=NetC323_1 Pin=C334-1
Added Pin To Net: NetName=NetC323_1 Pin=C335-1
Added Pin To Net: NetName=NetC323_1 Pin=C336-1
Added Pin To Net: NetName=NetC323_1 Pin=C338-1
Added Pin To Net: NetName=NetC323_1 Pin=C339-1
Added Pin To Net: NetName=NetC323_1 Pin=C340-1
Added Net: Name=NetC323_1
Added Pin To Net: NetName=NetDS11_2 Pin=DS11-2
Added Net: Name=NetDS11_2
Added Pin To Net: NetName=NetDS12_2 Pin=DS12-2
Added Net: Name=NetDS12_2
Added Pin To Net: NetName=NetDS13_2 Pin=DS13-2
Added Net: Name=NetDS13_2
Added Net: Name=NetL7_1
Added Net: Name=NetL8_1
Added Net: Name=NetL9_1
Added Net: Name=NetL10_1
Added Pin To Net: NetName=NetQ27_3 Pin=R350-1
Added Net: Name=NetQ27_3
Added Pin To Net: NetName=NetR286_2 Pin=R286-2
Added Net: Name=NetR286_2
Added Pin To Net: NetName=NetR299_2 Pin=R299-2
Added Net: Name=NetR299_2
Added Pin To Net: NetName=NetR300_2 Pin=R300-2
Added Net: Name=NetR300_2
Added Pin To Net: NetName=NetR301_2 Pin=R301-2
Added Net: Name=NetR301_2
Added Pin To Net: NetName=NetR302_1 Pin=R302-1
Added Net: Name=NetR302_1
Added Pin To Net: NetName=NetR303_1 Pin=R303-1
Added Net: Name=NetR303_1
Added Pin To Net: NetName=NetR306_1 Pin=R306-1
Added Net: Name=NetR306_1
Added Pin To Net: NetName=NetR307_2 Pin=R307-2
Added Net: Name=NetR307_2
Added Pin To Net: NetName=NetR310_2 Pin=R310-2
Added Net: Name=NetR310_2
Added Pin To Net: NetName=NetR311_1 Pin=R311-1
Added Net: Name=NetR311_1
Added Pin To Net: NetName=NetR313_1 Pin=R313-1
Added Net: Name=NetR313_1
Added Pin To Net: NetName=NetR315_1 Pin=R315-1
Added Net: Name=NetR315_1
Added Pin To Net: NetName=NetR317_1 Pin=R317-1
Added Net: Name=NetR317_1
Added Pin To Net: NetName=NetR321_2 Pin=R321-2
Added Net: Name=NetR321_2
Added Pin To Net: NetName=NetR322_1 Pin=R322-1
Added Net: Name=NetR322_1
Added Pin To Net: NetName=NetR326_1 Pin=R326-1
Added Net: Name=NetR326_1
Added Pin To Net: NetName=NetR331_2 Pin=R331-2
Added Net: Name=NetR331_2
Added Pin To Net: NetName=NetR332_2 Pin=R332-2
Added Net: Name=NetR332_2
Added Pin To Net: NetName=NetR333_1 Pin=R333-1
Added Net: Name=NetR333_1
Added Pin To Net: NetName=NetR334_2 Pin=R334-2
Added Net: Name=NetR334_2
Added Pin To Net: NetName=NetR335_1 Pin=R335-1
Added Net: Name=NetR335_1
Added Pin To Net: NetName=NetR336_2 Pin=R336-2
Added Net: Name=NetR336_2
Added Pin To Net: NetName=NetR337_2 Pin=R337-2
Added Pin To Net: NetName=NetR337_2 Pin=R526-1
Added Net: Name=NetR337_2
Added Pin To Net: NetName=NetR338_1 Pin=R338-1
Added Net: Name=NetR338_1
Added Pin To Net: NetName=NetR340_1 Pin=R340-1
Added Net: Name=NetR340_1
Added Pin To Net: NetName=NetR343_1 Pin=R343-1
Added Net: Name=NetR343_1
Added Pin To Net: NetName=NetR345_1 Pin=R345-1
Added Net: Name=NetR345_1
Added Pin To Net: NetName=NetR346_1 Pin=R346-1
Added Pin To Net: NetName=NetR346_1 Pin=R348-2
Added Net: Name=NetR346_1
Added Pin To Net: NetName=NetR386_2 Pin=R386-2
Added Net: Name=NetR386_2
Added Pin To Net: NetName=NetR526_2 Pin=R526-2
Added Net: Name=NetR526_2
Added Pin To Net: NetName=NetR531_2 Pin=R531-2
Added Net: Name=NetR531_2
Added Pin To Net: NetName=NetR532_2 Pin=R532-2
Added Net: Name=NetR532_2
Added Pin To Net: NetName=NetR539_1 Pin=R539-1
Added Pin To Net: NetName=NetR539_1 Pin=U53-L8
Added Net: Name=NetR539_1
Added Net: Name=NetU51_24
Added Pin To Net: NetName=SAM7_FLEX1_I2C_SCL Pin=R329-2
Added Pin To Net: NetName=SAM7_FLEX1_I2C_SCL Pin=R332-1
Added Pin To Net: NetName=SAM7_FLEX1_I2C_SCL Pin=R345-2
Added Pin To Net: NetName=SAM7_FLEX1_I2C_SCL Pin=R515-1
Added Net: Name=SAM7_FLEX1_I2C_SCL
Added Pin To Net: NetName=SAM7_FLEX1_I2C_SDA Pin=R330-2
Added Pin To Net: NetName=SAM7_FLEX1_I2C_SDA Pin=R334-1
Added Pin To Net: NetName=SAM7_FLEX1_I2C_SDA Pin=R343-2
Added Pin To Net: NetName=SAM7_FLEX1_I2C_SDA Pin=R514-1
Added Net: Name=SAM7_FLEX1_I2C_SDA
Added Net: Name=SENSE1_N
Added Net: Name=SENSE1_P
Added Net: Name=SENSE2_N
Added Net: Name=SENSE2_P
Added Net: Name=SENSE3_N
Added Net: Name=SENSE3_P
Added Net: Name=SENSE4_N
Added Net: Name=SENSE4_P
Added Pin To Net: NetName=SOM_STATUS_LED_1 Pin=DS12-1
Added Pin To Net: NetName=SOM_STATUS_LED_1 Pin=R531-1
Added Net: Name=SOM_STATUS_LED_1
Added Pin To Net: NetName=SOM_STATUS_LED_2 Pin=DS13-1
Added Pin To Net: NetName=SOM_STATUS_LED_2 Pin=R532-1
Added Net: Name=SOM_STATUS_LED_2
Added Pin To Net: NetName=VDD_1V15_OUT3 Pin=R344-1
Added Net: Name=VDD_1V15_OUT3
Added Pin To Net: NetName=VDD_1V15_OUT4 Pin=R349-1
Added Net: Name=VDD_1V15_OUT4
Added Pin To Net: NetName=VDD_1V35 Pin=R354-1
Added Net: Name=VDD_1V35
Added Pin To Net: NetName=VDD_3V3_MPU Pin=C235-1
Added Pin To Net: NetName=VDD_3V3_MPU Pin=C236-1
Added Pin To Net: NetName=VDD_3V3_MPU Pin=C237-1
Added Pin To Net: NetName=VDD_3V3_MPU Pin=C238-1
Added Pin To Net: NetName=VDD_3V3_MPU Pin=C239-1
Added Pin To Net: NetName=VDD_3V3_MPU Pin=C242-1
Added Pin To Net: NetName=VDD_3V3_MPU Pin=C243-1
Added Pin To Net: NetName=VDD_3V3_MPU Pin=R351-1
Added Pin To Net: NetName=VDD_3V3_MPU Pin=R352-1
Added Pin To Net: NetName=VDD_3V3_MPU Pin=R353-2
Added Net: Name=VDD_3V3_MPU
Added Pin To Net: NetName=VDDANA Pin=C247-2
Added Pin To Net: NetName=VDDANA Pin=C269-1
Added Pin To Net: NetName=VDDANA Pin=C270-1
Added Pin To Net: NetName=VDDANA Pin=C271-1
Added Pin To Net: NetName=VDDANA Pin=C277-1
Added Pin To Net: NetName=VDDANA Pin=C278-1
Added Net: Name=VDDANA
Added Pin To Net: NetName=VDDBU Pin=C275-1
Added Pin To Net: NetName=VDDBU Pin=R306-2
Added Pin To Net: NetName=VDDBU Pin=R342-2
Added Net: Name=VDDBU
Added Pin To Net: NetName=VDDCORE Pin=C244-1
Added Pin To Net: NetName=VDDCORE Pin=C245-1
Added Pin To Net: NetName=VDDCORE Pin=C246-1
Added Pin To Net: NetName=VDDCORE Pin=C248-1
Added Pin To Net: NetName=VDDCORE Pin=C249-1
Added Pin To Net: NetName=VDDCORE Pin=C250-1
Added Pin To Net: NetName=VDDCORE Pin=C251-1
Added Pin To Net: NetName=VDDCORE Pin=C252-1
Added Pin To Net: NetName=VDDCORE Pin=C253-1
Added Pin To Net: NetName=VDDCORE Pin=C254-1
Added Pin To Net: NetName=VDDCORE Pin=C255-1
Added Pin To Net: NetName=VDDCORE Pin=C256-1
Added Pin To Net: NetName=VDDCORE Pin=C257-1
Added Pin To Net: NetName=VDDCORE Pin=C258-1
Added Pin To Net: NetName=VDDCORE Pin=C259-1
Added Pin To Net: NetName=VDDCORE Pin=C260-1
Added Pin To Net: NetName=VDDCORE Pin=R344-2
Added Net: Name=VDDCORE
Added Pin To Net: NetName=VDDCPU Pin=C150-1
Added Pin To Net: NetName=VDDCPU Pin=C151-1
Added Pin To Net: NetName=VDDCPU Pin=C152-1
Added Pin To Net: NetName=VDDCPU Pin=C232-1
Added Pin To Net: NetName=VDDCPU Pin=C233-1
Added Pin To Net: NetName=VDDCPU Pin=C234-1
Added Pin To Net: NetName=VDDCPU Pin=R349-2
Added Net: Name=VDDCPU
Added Pin To Net: NetName=VDDIN33 Pin=C273-1
Added Pin To Net: NetName=VDDIN33 Pin=C274-1
Added Pin To Net: NetName=VDDIN33 Pin=R351-2
Added Net: Name=VDDIN33
Added Pin To Net: NetName=VDDIODDR Pin=C329-1
Added Pin To Net: NetName=VDDIODDR Pin=C333-1
Added Pin To Net: NetName=VDDIODDR Pin=R354-2
Added Pin To Net: NetName=VDDIODDR Pin=R540-1
Added Pin To Net: NetName=VDDIODDR Pin=R542-1
Added Net: Name=VDDIODDR
Added Pin To Net: NetName=VDDSDMMC0 Pin=C240-1
Added Net: Name=VDDSDMMC0
Added Pin To Net: NetName=VDDSDMMC1 Pin=C241-1
Added Net: Name=VDDSDMMC1
Added Pin To Net: NetName=VDDUTMII Pin=C261-1
Added Pin To Net: NetName=VDDUTMII Pin=C262-1
Added Pin To Net: NetName=VDDUTMII Pin=C263-1
Added Pin To Net: NetName=VDDUTMII Pin=C264-1
Added Pin To Net: NetName=VDDUTMII Pin=C266-1
Added Pin To Net: NetName=VDDUTMII Pin=C268-1
Added Pin To Net: NetName=VDDUTMII Pin=R352-2
Added Net: Name=VDDUTMII
Added Pin To Net: NetName=XIN32 Pin=C265-1
Added Pin To Net: NetName=XIN32 Pin=R324-1
Added Pin To Net: NetName=XIN32 Pin=R326-2
Added Net: Name=XIN32
Added Pin To Net: NetName=XIN_24M Pin=C276-1
Added Pin To Net: NetName=XIN_24M Pin=R325-1
Added Pin To Net: NetName=XIN_24M Pin=R327-2
Added Net: Name=XIN_24M
Added Pin To Net: NetName=XIN Pin=R322-2
Added Pin To Net: NetName=XIN Pin=R325-2
Added Net: Name=XIN
Added Pin To Net: NetName=XOUT32 Pin=C272-1
Added Pin To Net: NetName=XOUT32 Pin=R324-2
Added Net: Name=XOUT32
Added Pin To Net: NetName=XOUT_24M Pin=C280-1
Added Pin To Net: NetName=XOUT_24M Pin=R327-1
Added Pin To Net: NetName=XOUT_24M Pin=R328-1
Added Net: Name=XOUT_24M
Added Pin To Net: NetName=XOUT Pin=R323-2
Added Pin To Net: NetName=XOUT Pin=R328-2
Added Net: Name=XOUT
Change Class Name : Old Net Name=08_SOM New Net Name=08_SAMA7G54-PIO
Added Class: Name=08_SAMA7G54-DDR3
Added Class: Name=08_SAMA7G54-MPU
Added Class: Name=08_SAMA7G54-PMIC
Added Class: Name=DDR-ADDR-CTL
Added Class: Name=DDR-LANE0
Added Class: Name=DDR-LANE1
Added Class: Name=DIFF90
Added Class: Name=DIFF100
Added Differential Pair: Name=DDR_CK
Added Differential Pair: Name=DDR_DQS0
Added Differential Pair: Name=DDR_DQS1
Added Differential Pair: Name=MIPI_CK
Added Differential Pair: Name=MIPI_D0
Added Differential Pair: Name=MIPI_D1
Add Differential Pair: Number of nets in differential pair NetR299_2 is 1 instead of 2
Add Differential Pair: Number of nets in differential pair NetR300_2 is 1 instead of 2
Added Differential Pair: Name=SENSE1
Added Differential Pair: Name=SENSE2
Added Differential Pair: Name=SENSE3
Added Differential Pair: Name=SENSE4
Added Differential Pair: Name=USBB
Added Differential Pair: Name=USBC
Added Member To Class: ClassName=08_SAMA7G54-PIO Member=Component C299 0.1uF/10V
Added Member To Class: ClassName=08_SAMA7G54-PIO Member=Component C300 0.1uF/10V
Added Member To Class: ClassName=11_MCU Member=Component DS11 BLUE
Added Member To Class: ClassName=08_SAMA7G54-PIO Member=Component DS12 GREEN
Added Member To Class: ClassName=08_SAMA7G54-PIO Member=Component DS13 BLUE
Added Member To Class: ClassName=MOUTING Member=Component H1 M3
Added Member To Class: ClassName=MOUTING Member=Component H2 M3
Added Member To Class: ClassName=MOUTING Member=Component H5 M3
Added Member To Class: ClassName=MOUTING Member=Component H6 M3
Added Member To Class: ClassName=MOUTING Member=Component H9 M3
Added Member To Class: ClassName=MOUTING Member=Component H10 M3
Added Member To Class: ClassName=MOUTING Member=Component H11 M3
Added Member To Class: ClassName=MOUTING Member=Component H13 M3
Added Member To Class: ClassName=11_MCU Member=Component R18 22R
Added Member To Class: ClassName=11_MCU Member=Component R25 22R
Added Member To Class: ClassName=11_MCU Member=Component R26 22R
Added Member To Class: ClassName=17_I2C_Sensor_OnBoard Member=Component R289 DNP/4.7k
Added Member To Class: ClassName=17_I2C_Sensor_OnBoard Member=Component R290 4.7k
Added Member To Class: ClassName=17_I2C_Sensor_OnBoard Member=Component R295 4.7k
Add Class Member: Failed to add class member : Component R298 2.2k
Added Member To Class: ClassName=08_SAMA7G54-PIO Member=Component R485 22R
Added Member To Class: ClassName=08_SAMA7G54-PIO Member=Component R486 22R
Added Member To Class: ClassName=08_SAMA7G54-PIO Member=Component R487 22R
Added Member To Class: ClassName=08_SAMA7G54-PIO Member=Component R488 DNP/10k
Added Member To Class: ClassName=08_SAMA7G54-PIO Member=Component R505 DNP/10k
Added Member To Class: ClassName=08_SAMA7G54-PIO Member=Component R506 DNP/10k
Added Member To Class: ClassName=08_SAMA7G54-PIO Member=Component R507 DNP/10k
Added Member To Class: ClassName=08_SAMA7G54-PIO Member=Component R508 DNP/10k
Added Member To Class: ClassName=08_SAMA7G54-PIO Member=Component R509 DNP/10k
Added Member To Class: ClassName=08_SAMA7G54-PIO Member=Component R510 22R
Added Member To Class: ClassName=08_SAMA7G54-PIO Member=Component R511 22R
Added Member To Class: ClassName=08_SAMA7G54-PIO Member=Component R512 22R
Added Member To Class: ClassName=08_SAMA7G54-PIO Member=Component R513 22R
Added Member To Class: ClassName=08_SAMA7G54-PIO Member=Component R514 22R
Added Member To Class: ClassName=08_SAMA7G54-PIO Member=Component R515 22R
Added Member To Class: ClassName=08_SAMA7G54-PIO Member=Component R516 22R
Added Member To Class: ClassName=08_SAMA7G54-PIO Member=Component R517 22R
Added Member To Class: ClassName=08_SAMA7G54-PIO Member=Component R518 22R
Added Member To Class: ClassName=08_SAMA7G54-PIO Member=Component R519 22R
Added Member To Class: ClassName=08_SAMA7G54-PIO Member=Component R520 22R
Added Member To Class: ClassName=08_SAMA7G54-PIO Member=Component R521 22R
Added Member To Class: ClassName=08_SAMA7G54-PIO Member=Component R522 22R
Added Member To Class: ClassName=08_SAMA7G54-PIO Member=Component R523 22R
Added Member To Class: ClassName=08_SAMA7G54-PIO Member=Component R524 22R
Added Member To Class: ClassName=08_SAMA7G54-PIO Member=Component R525 22R
Added Member To Class: ClassName=08_SAMA7G54-PIO Member=Component R526 22R
Added Member To Class: ClassName=08_SAMA7G54-PIO Member=Component R527 22R
Added Member To Class: ClassName=08_SAMA7G54-PIO Member=Component R528 22R
Added Member To Class: ClassName=08_SAMA7G54-PIO Member=Component R529 22R
Added Member To Class: ClassName=08_SAMA7G54-PIO Member=Component R530 22R
Added Member To Class: ClassName=08_SAMA7G54-PIO Member=Component R531 22R
Added Member To Class: ClassName=08_SAMA7G54-PIO Member=Component R532 22R
Added Member To Class: ClassName=08_SAMA7G54-PIO Member=Component R533 DNP/100k
Added Member To Class: ClassName=08_SAMA7G54-PIO Member=Component R534 10k
Added Member To Class: ClassName=08_SAMA7G54-PIO Member=Component R535 10k
Added Member To Class: ClassName=08_SAMA7G54-PIO Member=Component R536 10k
Add Class Member: Failed to add class member : Component R537 2.2k
Add Class Member: Failed to add class member : Component R538 2.2k
Add Class Member: Failed to add class member : Component U25 TB67H451AFNG,EL
Add Class Member: Failed to add class member : Component U26 TB67H451AFNG,EL
Add Class Member: Failed to add class member : Component U27 TB67H451AFNG,EL
Add Class Member: Failed to add class member : Component U28 TB67H451AFNG,EL
Added Rule: Name=Schematic Matched Net Lengths_1
Added Rule: Name=Schematic Matched Net Lengths_2
Added Rule: Name=Schematic Matched Net Lengths_4
Added Rule: Name=Schematic Matched Net Lengths_5
Added Member To Class: ClassName=DIFF100 Member=DDR_CK
Added Member To Class: ClassName=DIFF100 Member=DDR_DQS0
Added Member To Class: ClassName=DIFF100 Member=DDR_DQS1
Added Member To Class: ClassName=DIFF100 Member=MIPI_CK
Added Member To Class: ClassName=DIFF100 Member=MIPI_D0
Added Member To Class: ClassName=DIFF100 Member=MIPI_D1
Added Member To Class: ClassName=DIFF90 Member=USBB
Added Member To Class: ClassName=DIFF90 Member=USBC
